ISO-10303-21;
HEADER;
FILE_DESCRIPTION(('Open CASCADE Model'),'2;1');
FILE_NAME('Open CASCADE Shape Model','2026-09-25T21:58:49',('Author'),(
    'Open CASCADE'),'Open CASCADE STEP processor 8.0','build123d',
  'Unknown');
FILE_SCHEMA(('AUTOMOTIVE_DESIGN { 1 0 10303 214 1 1 1 1 }'));
ENDSEC;
DATA;
#1 = APPLICATION_PROTOCOL_DEFINITION('international standard',
  'automotive_design',2000,#2);
#2 = APPLICATION_CONTEXT(
  'core data for automotive mechanical design processes');
#3 = SHAPE_DEFINITION_REPRESENTATION(#4,#10);
#4 = PRODUCT_DEFINITION_SHAPE('','',#5);
#5 = PRODUCT_DEFINITION('design','',#6,#9);
#6 = PRODUCT_DEFINITION_FORMATION('','',#7);
#7 = PRODUCT('COMPOUND','COMPOUND','',(#8));
#8 = PRODUCT_CONTEXT('',#2,'mechanical');
#9 = PRODUCT_DEFINITION_CONTEXT('part definition',#2,'design');
#10 = SHAPE_REPRESENTATION('',(#11,#15,#19,#23,#27,#31,#35,#39,#43,#47,
    #51,#55,#59,#63,#67),#71);
#11 = AXIS2_PLACEMENT_3D('',#12,#13,#14);
#12 = CARTESIAN_POINT('',(0.,0.,0.));
#13 = DIRECTION('',(0.,0.,1.));
#14 = DIRECTION('',(1.,0.,-0.));
#15 = AXIS2_PLACEMENT_3D('',#16,#17,#18);
#16 = CARTESIAN_POINT('',(0.,0.,0.));
#17 = DIRECTION('',(0.,0.,1.));
#18 = DIRECTION('',(1.,0.,-0.));
#19 = AXIS2_PLACEMENT_3D('',#20,#21,#22);
#20 = CARTESIAN_POINT('',(0.,0.,0.));
#21 = DIRECTION('',(0.,0.,1.));
#22 = DIRECTION('',(1.,0.,-0.));
#23 = AXIS2_PLACEMENT_3D('',#24,#25,#26);
#24 = CARTESIAN_POINT('',(0.,0.,0.));
#25 = DIRECTION('',(0.,0.,1.));
#26 = DIRECTION('',(1.,0.,-0.));
#27 = AXIS2_PLACEMENT_3D('',#28,#29,#30);
#28 = CARTESIAN_POINT('',(-490.,0.,5.484865637815E+03));
#29 = DIRECTION('',(-0.573576436351,-0.,0.819152044289));
#30 = DIRECTION('',(0.819152044289,0.,0.573576436351));
#31 = AXIS2_PLACEMENT_3D('',#32,#33,#34);
#32 = CARTESIAN_POINT('',(0.,0.,0.));
#33 = DIRECTION('',(0.,0.,1.));
#34 = DIRECTION('',(1.,0.,-0.));
#35 = AXIS2_PLACEMENT_3D('',#36,#37,#38);
#36 = CARTESIAN_POINT('',(0.,0.,0.));
#37 = DIRECTION('',(0.,0.,1.));
#38 = DIRECTION('',(1.,0.,-0.));
#39 = AXIS2_PLACEMENT_3D('',#40,#41,#42);
#40 = CARTESIAN_POINT('',(0.,0.,0.));
#41 = DIRECTION('',(0.,0.,1.));
#42 = DIRECTION('',(1.,0.,-0.));
#43 = AXIS2_PLACEMENT_3D('',#44,#45,#46);
#44 = CARTESIAN_POINT('',(80.,0.,4.335E+03));
#45 = DIRECTION('',(-0.13052619222,-0.,0.991444861374));
#46 = DIRECTION('',(0.991444861374,0.,0.13052619222));
#47 = AXIS2_PLACEMENT_3D('',#48,#49,#50);
#48 = CARTESIAN_POINT('',(84.307364343262,0.,4.302282319575E+03));
#49 = DIRECTION('',(-0.13052619222,-0.,0.991444861374));
#50 = DIRECTION('',(0.991444861374,0.,0.13052619222));
#51 = AXIS2_PLACEMENT_3D('',#52,#53,#54);
#52 = CARTESIAN_POINT('',(80.,0.,4.335E+03));
#53 = DIRECTION('',(-0.13052619222,-0.,0.991444861374));
#54 = DIRECTION('',(0.991444861374,0.,0.13052619222));
#55 = AXIS2_PLACEMENT_3D('',#56,#57,#58);
#56 = CARTESIAN_POINT('',(77.128423771159,0.,4.35681178695E+03));
#57 = DIRECTION('',(-0.13052619222,-0.,0.991444861374));
#58 = DIRECTION('',(0.991444861374,0.,0.13052619222));
#59 = AXIS2_PLACEMENT_3D('',#60,#61,#62);
#60 = CARTESIAN_POINT('',(0.,0.,0.));
#61 = DIRECTION('',(0.,0.,1.));
#62 = DIRECTION('',(1.,0.,-0.));
#63 = AXIS2_PLACEMENT_3D('',#64,#65,#66);
#64 = CARTESIAN_POINT('',(-507.9,0.,2.6E+03));
#65 = DIRECTION('',(0.,0.,1.));
#66 = DIRECTION('',(1.,0.,-0.));
#67 = AXIS2_PLACEMENT_3D('',#68,#69,#70);
#68 = CARTESIAN_POINT('',(-450.,0.,2.65E+03));
#69 = DIRECTION('',(0.,0.,1.));
#70 = DIRECTION('',(1.,0.,-0.));
#71 = ( GEOMETRIC_REPRESENTATION_CONTEXT(3) 
GLOBAL_UNCERTAINTY_ASSIGNED_CONTEXT((#75)) GLOBAL_UNIT_ASSIGNED_CONTEXT(
(#72,#73,#74)) REPRESENTATION_CONTEXT('Context #1',
  '3D Context with UNIT and UNCERTAINTY') );
#72 = ( LENGTH_UNIT() NAMED_UNIT(*) SI_UNIT(.MILLI.,.METRE.) );
#73 = ( NAMED_UNIT(*) PLANE_ANGLE_UNIT() SI_UNIT($,.RADIAN.) );
#74 = ( NAMED_UNIT(*) SI_UNIT($,.STERADIAN.) SOLID_ANGLE_UNIT() );
#75 = UNCERTAINTY_MEASURE_WITH_UNIT(LENGTH_MEASURE(1.E-07),#72,
  'distance_accuracy_value','confusion accuracy');
#76 = PRODUCT_RELATED_PRODUCT_CATEGORY('part',$,(#7));
#77 = SHAPE_DEFINITION_REPRESENTATION(#78,#84);
#78 = PRODUCT_DEFINITION_SHAPE('','',#79);
#79 = PRODUCT_DEFINITION('design','',#80,#83);
#80 = PRODUCT_DEFINITION_FORMATION('','',#81);
#81 = PRODUCT('COMPOUND','COMPOUND','',(#82));
#82 = PRODUCT_CONTEXT('',#2,'mechanical');
#83 = PRODUCT_DEFINITION_CONTEXT('part definition',#2,'design');
#84 = ADVANCED_BREP_SHAPE_REPRESENTATION('',(#11,#85),#1015);
#85 = BREP_WITH_VOIDS('',#86,(#685));
#86 = CLOSED_SHELL('',(#87,#207,#376,#425,#474,#501,#508,#563,#618,#673,
    #677,#681));
#87 = ADVANCED_FACE('',(#88),#102,.F.);
#88 = FACE_BOUND('',#89,.F.);
#89 = EDGE_LOOP('',(#90,#125,#153,#181));
#90 = ORIENTED_EDGE('',*,*,#91,.F.);
#91 = EDGE_CURVE('',#92,#94,#96,.T.);
#92 = VERTEX_POINT('',#93);
#93 = CARTESIAN_POINT('',(-612.15,-75.,3.75E+03));
#94 = VERTEX_POINT('',#95);
#95 = CARTESIAN_POINT('',(-510.15,-75.,3.75E+03));
#96 = SURFACE_CURVE('',#97,(#101,#113),.PCURVE_S1.);
#97 = LINE('',#98,#99);
#98 = CARTESIAN_POINT('',(-612.15,-75.,3.75E+03));
#99 = VECTOR('',#100,1.);
#100 = DIRECTION('',(1.,0.,0.));
#101 = PCURVE('',#102,#107);
#102 = PLANE('',#103);
#103 = AXIS2_PLACEMENT_3D('',#104,#105,#106);
#104 = CARTESIAN_POINT('',(-600.15,-75.,3.75E+03));
#105 = DIRECTION('',(-0.,1.,0.));
#106 = DIRECTION('',(0.,0.,1.));
#107 = DEFINITIONAL_REPRESENTATION('',(#108),#112);
#108 = LINE('',#109,#110);
#109 = CARTESIAN_POINT('',(0.,-12.));
#110 = VECTOR('',#111,1.);
#111 = DIRECTION('',(0.,1.));
#112 = ( GEOMETRIC_REPRESENTATION_CONTEXT(2) 
PARAMETRIC_REPRESENTATION_CONTEXT() REPRESENTATION_CONTEXT('2D SPACE',''
  ) );
#113 = PCURVE('',#114,#119);
#114 = PLANE('',#115);
#115 = AXIS2_PLACEMENT_3D('',#116,#117,#118);
#116 = CARTESIAN_POINT('',(-600.15,-75.,3.75E+03));
#117 = DIRECTION('',(0.,0.,1.));
#118 = DIRECTION('',(1.,0.,-0.));
#119 = DEFINITIONAL_REPRESENTATION('',(#120),#124);
#120 = LINE('',#121,#122);
#121 = CARTESIAN_POINT('',(-12.,0.));
#122 = VECTOR('',#123,1.);
#123 = DIRECTION('',(1.,0.));
#124 = ( GEOMETRIC_REPRESENTATION_CONTEXT(2) 
PARAMETRIC_REPRESENTATION_CONTEXT() REPRESENTATION_CONTEXT('2D SPACE',''
  ) );
#125 = ORIENTED_EDGE('',*,*,#126,.T.);
#126 = EDGE_CURVE('',#92,#127,#129,.T.);
#127 = VERTEX_POINT('',#128);
#128 = CARTESIAN_POINT('',(-612.15,-75.,3.95E+03));
#129 = SURFACE_CURVE('',#130,(#134,#141),.PCURVE_S1.);
#130 = LINE('',#131,#132);
#131 = CARTESIAN_POINT('',(-612.15,-75.,3.75E+03));
#132 = VECTOR('',#133,1.);
#133 = DIRECTION('',(0.,0.,1.));
#134 = PCURVE('',#102,#135);
#135 = DEFINITIONAL_REPRESENTATION('',(#136),#140);
#136 = LINE('',#137,#138);
#137 = CARTESIAN_POINT('',(0.,-12.));
#138 = VECTOR('',#139,1.);
#139 = DIRECTION('',(1.,0.));
#140 = ( GEOMETRIC_REPRESENTATION_CONTEXT(2) 
PARAMETRIC_REPRESENTATION_CONTEXT() REPRESENTATION_CONTEXT('2D SPACE',''
  ) );
#141 = PCURVE('',#142,#147);
#142 = PLANE('',#143);
#143 = AXIS2_PLACEMENT_3D('',#144,#145,#146);
#144 = CARTESIAN_POINT('',(-612.15,-75.,3.75E+03));
#145 = DIRECTION('',(1.,0.,-0.));
#146 = DIRECTION('',(0.,0.,1.));
#147 = DEFINITIONAL_REPRESENTATION('',(#148),#152);
#148 = LINE('',#149,#150);
#149 = CARTESIAN_POINT('',(0.,0.));
#150 = VECTOR('',#151,1.);
#151 = DIRECTION('',(1.,0.));
#152 = ( GEOMETRIC_REPRESENTATION_CONTEXT(2) 
PARAMETRIC_REPRESENTATION_CONTEXT() REPRESENTATION_CONTEXT('2D SPACE',''
  ) );
#153 = ORIENTED_EDGE('',*,*,#154,.F.);
#154 = EDGE_CURVE('',#155,#127,#157,.T.);
#155 = VERTEX_POINT('',#156);
#156 = CARTESIAN_POINT('',(-510.15,-75.,3.95E+03));
#157 = SURFACE_CURVE('',#158,(#162,#169),.PCURVE_S1.);
#158 = LINE('',#159,#160);
#159 = CARTESIAN_POINT('',(-510.15,-75.,3.95E+03));
#160 = VECTOR('',#161,1.);
#161 = DIRECTION('',(-1.,0.,0.));
#162 = PCURVE('',#102,#163);
#163 = DEFINITIONAL_REPRESENTATION('',(#164),#168);
#164 = LINE('',#165,#166);
#165 = CARTESIAN_POINT('',(200.,90.));
#166 = VECTOR('',#167,1.);
#167 = DIRECTION('',(0.,-1.));
#168 = ( GEOMETRIC_REPRESENTATION_CONTEXT(2) 
PARAMETRIC_REPRESENTATION_CONTEXT() REPRESENTATION_CONTEXT('2D SPACE',''
  ) );
#169 = PCURVE('',#170,#175);
#170 = PLANE('',#171);
#171 = AXIS2_PLACEMENT_3D('',#172,#173,#174);
#172 = CARTESIAN_POINT('',(-600.15,-75.,3.95E+03));
#173 = DIRECTION('',(0.,0.,1.));
#174 = DIRECTION('',(1.,0.,-0.));
#175 = DEFINITIONAL_REPRESENTATION('',(#176),#180);
#176 = LINE('',#177,#178);
#177 = CARTESIAN_POINT('',(90.,0.));
#178 = VECTOR('',#179,1.);
#179 = DIRECTION('',(-1.,0.));
#180 = ( GEOMETRIC_REPRESENTATION_CONTEXT(2) 
PARAMETRIC_REPRESENTATION_CONTEXT() REPRESENTATION_CONTEXT('2D SPACE',''
  ) );
#181 = ORIENTED_EDGE('',*,*,#182,.F.);
#182 = EDGE_CURVE('',#94,#155,#183,.T.);
#183 = SURFACE_CURVE('',#184,(#188,#195),.PCURVE_S1.);
#184 = LINE('',#185,#186);
#185 = CARTESIAN_POINT('',(-510.15,-75.,3.75E+03));
#186 = VECTOR('',#187,1.);
#187 = DIRECTION('',(0.,0.,1.));
#188 = PCURVE('',#102,#189);
#189 = DEFINITIONAL_REPRESENTATION('',(#190),#194);
#190 = LINE('',#191,#192);
#191 = CARTESIAN_POINT('',(0.,90.));
#192 = VECTOR('',#193,1.);
#193 = DIRECTION('',(1.,0.));
#194 = ( GEOMETRIC_REPRESENTATION_CONTEXT(2) 
PARAMETRIC_REPRESENTATION_CONTEXT() REPRESENTATION_CONTEXT('2D SPACE',''
  ) );
#195 = PCURVE('',#196,#201);
#196 = PLANE('',#197);
#197 = AXIS2_PLACEMENT_3D('',#198,#199,#200);
#198 = CARTESIAN_POINT('',(-510.15,-75.,3.75E+03));
#199 = DIRECTION('',(1.,0.,-0.));
#200 = DIRECTION('',(0.,0.,1.));
#201 = DEFINITIONAL_REPRESENTATION('',(#202),#206);
#202 = LINE('',#203,#204);
#203 = CARTESIAN_POINT('',(0.,0.));
#204 = VECTOR('',#205,1.);
#205 = DIRECTION('',(1.,0.));
#206 = ( GEOMETRIC_REPRESENTATION_CONTEXT(2) 
PARAMETRIC_REPRESENTATION_CONTEXT() REPRESENTATION_CONTEXT('2D SPACE',''
  ) );
#207 = ADVANCED_FACE('',(#208,#283,#314,#345),#114,.F.);
#208 = FACE_BOUND('',#209,.F.);
#209 = EDGE_LOOP('',(#210,#240,#261,#262));
#210 = ORIENTED_EDGE('',*,*,#211,.F.);
#211 = EDGE_CURVE('',#212,#214,#216,.T.);
#212 = VERTEX_POINT('',#213);
#213 = CARTESIAN_POINT('',(-612.15,75.,3.75E+03));
#214 = VERTEX_POINT('',#215);
#215 = CARTESIAN_POINT('',(-510.15,75.,3.75E+03));
#216 = SURFACE_CURVE('',#217,(#221,#228),.PCURVE_S1.);
#217 = LINE('',#218,#219);
#218 = CARTESIAN_POINT('',(-612.15,75.,3.75E+03));
#219 = VECTOR('',#220,1.);
#220 = DIRECTION('',(1.,0.,0.));
#221 = PCURVE('',#114,#222);
#222 = DEFINITIONAL_REPRESENTATION('',(#223),#227);
#223 = LINE('',#224,#225);
#224 = CARTESIAN_POINT('',(-12.,150.));
#225 = VECTOR('',#226,1.);
#226 = DIRECTION('',(1.,0.));
#227 = ( GEOMETRIC_REPRESENTATION_CONTEXT(2) 
PARAMETRIC_REPRESENTATION_CONTEXT() REPRESENTATION_CONTEXT('2D SPACE',''
  ) );
#228 = PCURVE('',#229,#234);
#229 = PLANE('',#230);
#230 = AXIS2_PLACEMENT_3D('',#231,#232,#233);
#231 = CARTESIAN_POINT('',(-600.15,75.,3.75E+03));
#232 = DIRECTION('',(-0.,1.,0.));
#233 = DIRECTION('',(0.,0.,1.));
#234 = DEFINITIONAL_REPRESENTATION('',(#235),#239);
#235 = LINE('',#236,#237);
#236 = CARTESIAN_POINT('',(0.,-12.));
#237 = VECTOR('',#238,1.);
#238 = DIRECTION('',(0.,1.));
#239 = ( GEOMETRIC_REPRESENTATION_CONTEXT(2) 
PARAMETRIC_REPRESENTATION_CONTEXT() REPRESENTATION_CONTEXT('2D SPACE',''
  ) );
#240 = ORIENTED_EDGE('',*,*,#241,.F.);
#241 = EDGE_CURVE('',#92,#212,#242,.T.);
#242 = SURFACE_CURVE('',#243,(#247,#254),.PCURVE_S1.);
#243 = LINE('',#244,#245);
#244 = CARTESIAN_POINT('',(-612.15,-75.,3.75E+03));
#245 = VECTOR('',#246,1.);
#246 = DIRECTION('',(-0.,1.,0.));
#247 = PCURVE('',#114,#248);
#248 = DEFINITIONAL_REPRESENTATION('',(#249),#253);
#249 = LINE('',#250,#251);
#250 = CARTESIAN_POINT('',(-12.,0.));
#251 = VECTOR('',#252,1.);
#252 = DIRECTION('',(0.,1.));
#253 = ( GEOMETRIC_REPRESENTATION_CONTEXT(2) 
PARAMETRIC_REPRESENTATION_CONTEXT() REPRESENTATION_CONTEXT('2D SPACE',''
  ) );
#254 = PCURVE('',#142,#255);
#255 = DEFINITIONAL_REPRESENTATION('',(#256),#260);
#256 = LINE('',#257,#258);
#257 = CARTESIAN_POINT('',(0.,0.));
#258 = VECTOR('',#259,1.);
#259 = DIRECTION('',(0.,-1.));
#260 = ( GEOMETRIC_REPRESENTATION_CONTEXT(2) 
PARAMETRIC_REPRESENTATION_CONTEXT() REPRESENTATION_CONTEXT('2D SPACE',''
  ) );
#261 = ORIENTED_EDGE('',*,*,#91,.T.);
#262 = ORIENTED_EDGE('',*,*,#263,.T.);
#263 = EDGE_CURVE('',#94,#214,#264,.T.);
#264 = SURFACE_CURVE('',#265,(#269,#276),.PCURVE_S1.);
#265 = LINE('',#266,#267);
#266 = CARTESIAN_POINT('',(-510.15,-75.,3.75E+03));
#267 = VECTOR('',#268,1.);
#268 = DIRECTION('',(-0.,1.,0.));
#269 = PCURVE('',#114,#270);
#270 = DEFINITIONAL_REPRESENTATION('',(#271),#275);
#271 = LINE('',#272,#273);
#272 = CARTESIAN_POINT('',(90.,0.));
#273 = VECTOR('',#274,1.);
#274 = DIRECTION('',(0.,1.));
#275 = ( GEOMETRIC_REPRESENTATION_CONTEXT(2) 
PARAMETRIC_REPRESENTATION_CONTEXT() REPRESENTATION_CONTEXT('2D SPACE',''
  ) );
#276 = PCURVE('',#196,#277);
#277 = DEFINITIONAL_REPRESENTATION('',(#278),#282);
#278 = LINE('',#279,#280);
#279 = CARTESIAN_POINT('',(0.,0.));
#280 = VECTOR('',#281,1.);
#281 = DIRECTION('',(0.,-1.));
#282 = ( GEOMETRIC_REPRESENTATION_CONTEXT(2) 
PARAMETRIC_REPRESENTATION_CONTEXT() REPRESENTATION_CONTEXT('2D SPACE',''
  ) );
#283 = FACE_BOUND('',#284,.F.);
#284 = EDGE_LOOP('',(#285));
#285 = ORIENTED_EDGE('',*,*,#286,.F.);
#286 = EDGE_CURVE('',#287,#287,#289,.T.);
#287 = VERTEX_POINT('',#288);
#288 = CARTESIAN_POINT('',(-547.15,-40.,3.75E+03));
#289 = SURFACE_CURVE('',#290,(#295,#302),.PCURVE_S1.);
#290 = CIRCLE('',#291,8.);
#291 = AXIS2_PLACEMENT_3D('',#292,#293,#294);
#292 = CARTESIAN_POINT('',(-555.15,-40.,3.75E+03));
#293 = DIRECTION('',(0.,0.,1.));
#294 = DIRECTION('',(1.,0.,-0.));
#295 = PCURVE('',#114,#296);
#296 = DEFINITIONAL_REPRESENTATION('',(#297),#301);
#297 = CIRCLE('',#298,8.);
#298 = AXIS2_PLACEMENT_2D('',#299,#300);
#299 = CARTESIAN_POINT('',(45.,35.));
#300 = DIRECTION('',(1.,0.));
#301 = ( GEOMETRIC_REPRESENTATION_CONTEXT(2) 
PARAMETRIC_REPRESENTATION_CONTEXT() REPRESENTATION_CONTEXT('2D SPACE',''
  ) );
#302 = PCURVE('',#303,#308);
#303 = CYLINDRICAL_SURFACE('',#304,8.);
#304 = AXIS2_PLACEMENT_3D('',#305,#306,#307);
#305 = CARTESIAN_POINT('',(-555.15,-40.,3.726E+03));
#306 = DIRECTION('',(0.,0.,1.));
#307 = DIRECTION('',(1.,0.,-0.));
#308 = DEFINITIONAL_REPRESENTATION('',(#309),#313);
#309 = LINE('',#310,#311);
#310 = CARTESIAN_POINT('',(0.,24.));
#311 = VECTOR('',#312,1.);
#312 = DIRECTION('',(1.,0.));
#313 = ( GEOMETRIC_REPRESENTATION_CONTEXT(2) 
PARAMETRIC_REPRESENTATION_CONTEXT() REPRESENTATION_CONTEXT('2D SPACE',''
  ) );
#314 = FACE_BOUND('',#315,.F.);
#315 = EDGE_LOOP('',(#316));
#316 = ORIENTED_EDGE('',*,*,#317,.F.);
#317 = EDGE_CURVE('',#318,#318,#320,.T.);
#318 = VERTEX_POINT('',#319);
#319 = CARTESIAN_POINT('',(-547.15,-10.,3.75E+03));
#320 = SURFACE_CURVE('',#321,(#326,#333),.PCURVE_S1.);
#321 = CIRCLE('',#322,8.);
#322 = AXIS2_PLACEMENT_3D('',#323,#324,#325);
#323 = CARTESIAN_POINT('',(-555.15,-10.,3.75E+03));
#324 = DIRECTION('',(0.,0.,1.));
#325 = DIRECTION('',(1.,0.,-0.));
#326 = PCURVE('',#114,#327);
#327 = DEFINITIONAL_REPRESENTATION('',(#328),#332);
#328 = CIRCLE('',#329,8.);
#329 = AXIS2_PLACEMENT_2D('',#330,#331);
#330 = CARTESIAN_POINT('',(45.,65.));
#331 = DIRECTION('',(1.,0.));
#332 = ( GEOMETRIC_REPRESENTATION_CONTEXT(2) 
PARAMETRIC_REPRESENTATION_CONTEXT() REPRESENTATION_CONTEXT('2D SPACE',''
  ) );
#333 = PCURVE('',#334,#339);
#334 = CYLINDRICAL_SURFACE('',#335,8.);
#335 = AXIS2_PLACEMENT_3D('',#336,#337,#338);
#336 = CARTESIAN_POINT('',(-555.15,-10.,3.726E+03));
#337 = DIRECTION('',(0.,0.,1.));
#338 = DIRECTION('',(1.,0.,-0.));
#339 = DEFINITIONAL_REPRESENTATION('',(#340),#344);
#340 = LINE('',#341,#342);
#341 = CARTESIAN_POINT('',(0.,24.));
#342 = VECTOR('',#343,1.);
#343 = DIRECTION('',(1.,0.));
#344 = ( GEOMETRIC_REPRESENTATION_CONTEXT(2) 
PARAMETRIC_REPRESENTATION_CONTEXT() REPRESENTATION_CONTEXT('2D SPACE',''
  ) );
#345 = FACE_BOUND('',#346,.F.);
#346 = EDGE_LOOP('',(#347));
#347 = ORIENTED_EDGE('',*,*,#348,.F.);
#348 = EDGE_CURVE('',#349,#349,#351,.T.);
#349 = VERTEX_POINT('',#350);
#350 = CARTESIAN_POINT('',(-550.15,50.,3.75E+03));
#351 = SURFACE_CURVE('',#352,(#357,#364),.PCURVE_S1.);
#352 = CIRCLE('',#353,5.);
#353 = AXIS2_PLACEMENT_3D('',#354,#355,#356);
#354 = CARTESIAN_POINT('',(-555.15,50.,3.75E+03));
#355 = DIRECTION('',(0.,0.,1.));
#356 = DIRECTION('',(1.,0.,-0.));
#357 = PCURVE('',#114,#358);
#358 = DEFINITIONAL_REPRESENTATION('',(#359),#363);
#359 = CIRCLE('',#360,5.);
#360 = AXIS2_PLACEMENT_2D('',#361,#362);
#361 = CARTESIAN_POINT('',(45.,125.));
#362 = DIRECTION('',(1.,0.));
#363 = ( GEOMETRIC_REPRESENTATION_CONTEXT(2) 
PARAMETRIC_REPRESENTATION_CONTEXT() REPRESENTATION_CONTEXT('2D SPACE',''
  ) );
#364 = PCURVE('',#365,#370);
#365 = CYLINDRICAL_SURFACE('',#366,5.);
#366 = AXIS2_PLACEMENT_3D('',#367,#368,#369);
#367 = CARTESIAN_POINT('',(-555.15,50.,3.56E+03));
#368 = DIRECTION('',(0.,0.,1.));
#369 = DIRECTION('',(1.,0.,-0.));
#370 = DEFINITIONAL_REPRESENTATION('',(#371),#375);
#371 = LINE('',#372,#373);
#372 = CARTESIAN_POINT('',(0.,190.));
#373 = VECTOR('',#374,1.);
#374 = DIRECTION('',(1.,0.));
#375 = ( GEOMETRIC_REPRESENTATION_CONTEXT(2) 
PARAMETRIC_REPRESENTATION_CONTEXT() REPRESENTATION_CONTEXT('2D SPACE',''
  ) );
#376 = ADVANCED_FACE('',(#377),#142,.F.);
#377 = FACE_BOUND('',#378,.F.);
#378 = EDGE_LOOP('',(#379,#380,#381,#404));
#379 = ORIENTED_EDGE('',*,*,#126,.F.);
#380 = ORIENTED_EDGE('',*,*,#241,.T.);
#381 = ORIENTED_EDGE('',*,*,#382,.T.);
#382 = EDGE_CURVE('',#212,#383,#385,.T.);
#383 = VERTEX_POINT('',#384);
#384 = CARTESIAN_POINT('',(-612.15,75.,3.95E+03));
#385 = SURFACE_CURVE('',#386,(#390,#397),.PCURVE_S1.);
#386 = LINE('',#387,#388);
#387 = CARTESIAN_POINT('',(-612.15,75.,3.75E+03));
#388 = VECTOR('',#389,1.);
#389 = DIRECTION('',(0.,0.,1.));
#390 = PCURVE('',#142,#391);
#391 = DEFINITIONAL_REPRESENTATION('',(#392),#396);
#392 = LINE('',#393,#394);
#393 = CARTESIAN_POINT('',(0.,-150.));
#394 = VECTOR('',#395,1.);
#395 = DIRECTION('',(1.,0.));
#396 = ( GEOMETRIC_REPRESENTATION_CONTEXT(2) 
PARAMETRIC_REPRESENTATION_CONTEXT() REPRESENTATION_CONTEXT('2D SPACE',''
  ) );
#397 = PCURVE('',#229,#398);
#398 = DEFINITIONAL_REPRESENTATION('',(#399),#403);
#399 = LINE('',#400,#401);
#400 = CARTESIAN_POINT('',(0.,-12.));
#401 = VECTOR('',#402,1.);
#402 = DIRECTION('',(1.,0.));
#403 = ( GEOMETRIC_REPRESENTATION_CONTEXT(2) 
PARAMETRIC_REPRESENTATION_CONTEXT() REPRESENTATION_CONTEXT('2D SPACE',''
  ) );
#404 = ORIENTED_EDGE('',*,*,#405,.F.);
#405 = EDGE_CURVE('',#127,#383,#406,.T.);
#406 = SURFACE_CURVE('',#407,(#411,#418),.PCURVE_S1.);
#407 = LINE('',#408,#409);
#408 = CARTESIAN_POINT('',(-612.15,-75.,3.95E+03));
#409 = VECTOR('',#410,1.);
#410 = DIRECTION('',(-0.,1.,0.));
#411 = PCURVE('',#142,#412);
#412 = DEFINITIONAL_REPRESENTATION('',(#413),#417);
#413 = LINE('',#414,#415);
#414 = CARTESIAN_POINT('',(200.,0.));
#415 = VECTOR('',#416,1.);
#416 = DIRECTION('',(0.,-1.));
#417 = ( GEOMETRIC_REPRESENTATION_CONTEXT(2) 
PARAMETRIC_REPRESENTATION_CONTEXT() REPRESENTATION_CONTEXT('2D SPACE',''
  ) );
#418 = PCURVE('',#170,#419);
#419 = DEFINITIONAL_REPRESENTATION('',(#420),#424);
#420 = LINE('',#421,#422);
#421 = CARTESIAN_POINT('',(-12.,0.));
#422 = VECTOR('',#423,1.);
#423 = DIRECTION('',(0.,1.));
#424 = ( GEOMETRIC_REPRESENTATION_CONTEXT(2) 
PARAMETRIC_REPRESENTATION_CONTEXT() REPRESENTATION_CONTEXT('2D SPACE',''
  ) );
#425 = ADVANCED_FACE('',(#426),#170,.T.);
#426 = FACE_BOUND('',#427,.T.);
#427 = EDGE_LOOP('',(#428,#451,#452,#453));
#428 = ORIENTED_EDGE('',*,*,#429,.T.);
#429 = EDGE_CURVE('',#430,#383,#432,.T.);
#430 = VERTEX_POINT('',#431);
#431 = CARTESIAN_POINT('',(-510.15,75.,3.95E+03));
#432 = SURFACE_CURVE('',#433,(#437,#444),.PCURVE_S1.);
#433 = LINE('',#434,#435);
#434 = CARTESIAN_POINT('',(-510.15,75.,3.95E+03));
#435 = VECTOR('',#436,1.);
#436 = DIRECTION('',(-1.,0.,0.));
#437 = PCURVE('',#170,#438);
#438 = DEFINITIONAL_REPRESENTATION('',(#439),#443);
#439 = LINE('',#440,#441);
#440 = CARTESIAN_POINT('',(90.,150.));
#441 = VECTOR('',#442,1.);
#442 = DIRECTION('',(-1.,0.));
#443 = ( GEOMETRIC_REPRESENTATION_CONTEXT(2) 
PARAMETRIC_REPRESENTATION_CONTEXT() REPRESENTATION_CONTEXT('2D SPACE',''
  ) );
#444 = PCURVE('',#229,#445);
#445 = DEFINITIONAL_REPRESENTATION('',(#446),#450);
#446 = LINE('',#447,#448);
#447 = CARTESIAN_POINT('',(200.,90.));
#448 = VECTOR('',#449,1.);
#449 = DIRECTION('',(0.,-1.));
#450 = ( GEOMETRIC_REPRESENTATION_CONTEXT(2) 
PARAMETRIC_REPRESENTATION_CONTEXT() REPRESENTATION_CONTEXT('2D SPACE',''
  ) );
#451 = ORIENTED_EDGE('',*,*,#405,.F.);
#452 = ORIENTED_EDGE('',*,*,#154,.F.);
#453 = ORIENTED_EDGE('',*,*,#454,.T.);
#454 = EDGE_CURVE('',#155,#430,#455,.T.);
#455 = SURFACE_CURVE('',#456,(#460,#467),.PCURVE_S1.);
#456 = LINE('',#457,#458);
#457 = CARTESIAN_POINT('',(-510.15,-75.,3.95E+03));
#458 = VECTOR('',#459,1.);
#459 = DIRECTION('',(-0.,1.,0.));
#460 = PCURVE('',#170,#461);
#461 = DEFINITIONAL_REPRESENTATION('',(#462),#466);
#462 = LINE('',#463,#464);
#463 = CARTESIAN_POINT('',(90.,0.));
#464 = VECTOR('',#465,1.);
#465 = DIRECTION('',(0.,1.));
#466 = ( GEOMETRIC_REPRESENTATION_CONTEXT(2) 
PARAMETRIC_REPRESENTATION_CONTEXT() REPRESENTATION_CONTEXT('2D SPACE',''
  ) );
#467 = PCURVE('',#196,#468);
#468 = DEFINITIONAL_REPRESENTATION('',(#469),#473);
#469 = LINE('',#470,#471);
#470 = CARTESIAN_POINT('',(200.,0.));
#471 = VECTOR('',#472,1.);
#472 = DIRECTION('',(0.,-1.));
#473 = ( GEOMETRIC_REPRESENTATION_CONTEXT(2) 
PARAMETRIC_REPRESENTATION_CONTEXT() REPRESENTATION_CONTEXT('2D SPACE',''
  ) );
#474 = ADVANCED_FACE('',(#475),#196,.T.);
#475 = FACE_BOUND('',#476,.T.);
#476 = EDGE_LOOP('',(#477,#478,#479,#500));
#477 = ORIENTED_EDGE('',*,*,#182,.F.);
#478 = ORIENTED_EDGE('',*,*,#263,.T.);
#479 = ORIENTED_EDGE('',*,*,#480,.T.);
#480 = EDGE_CURVE('',#214,#430,#481,.T.);
#481 = SURFACE_CURVE('',#482,(#486,#493),.PCURVE_S1.);
#482 = LINE('',#483,#484);
#483 = CARTESIAN_POINT('',(-510.15,75.,3.75E+03));
#484 = VECTOR('',#485,1.);
#485 = DIRECTION('',(0.,0.,1.));
#486 = PCURVE('',#196,#487);
#487 = DEFINITIONAL_REPRESENTATION('',(#488),#492);
#488 = LINE('',#489,#490);
#489 = CARTESIAN_POINT('',(0.,-150.));
#490 = VECTOR('',#491,1.);
#491 = DIRECTION('',(1.,0.));
#492 = ( GEOMETRIC_REPRESENTATION_CONTEXT(2) 
PARAMETRIC_REPRESENTATION_CONTEXT() REPRESENTATION_CONTEXT('2D SPACE',''
  ) );
#493 = PCURVE('',#229,#494);
#494 = DEFINITIONAL_REPRESENTATION('',(#495),#499);
#495 = LINE('',#496,#497);
#496 = CARTESIAN_POINT('',(0.,90.));
#497 = VECTOR('',#498,1.);
#498 = DIRECTION('',(1.,0.));
#499 = ( GEOMETRIC_REPRESENTATION_CONTEXT(2) 
PARAMETRIC_REPRESENTATION_CONTEXT() REPRESENTATION_CONTEXT('2D SPACE',''
  ) );
#500 = ORIENTED_EDGE('',*,*,#454,.F.);
#501 = ADVANCED_FACE('',(#502),#229,.T.);
#502 = FACE_BOUND('',#503,.T.);
#503 = EDGE_LOOP('',(#504,#505,#506,#507));
#504 = ORIENTED_EDGE('',*,*,#211,.F.);
#505 = ORIENTED_EDGE('',*,*,#382,.T.);
#506 = ORIENTED_EDGE('',*,*,#429,.F.);
#507 = ORIENTED_EDGE('',*,*,#480,.F.);
#508 = ADVANCED_FACE('',(#509),#303,.T.);
#509 = FACE_BOUND('',#510,.T.);
#510 = EDGE_LOOP('',(#511,#512,#535,#562));
#511 = ORIENTED_EDGE('',*,*,#286,.F.);
#512 = ORIENTED_EDGE('',*,*,#513,.F.);
#513 = EDGE_CURVE('',#514,#287,#516,.T.);
#514 = VERTEX_POINT('',#515);
#515 = CARTESIAN_POINT('',(-547.15,-40.,3.726E+03));
#516 = SEAM_CURVE('',#517,(#521,#528),.PCURVE_S1.);
#517 = LINE('',#518,#519);
#518 = CARTESIAN_POINT('',(-547.15,-40.,3.726E+03));
#519 = VECTOR('',#520,1.);
#520 = DIRECTION('',(0.,0.,1.));
#521 = PCURVE('',#303,#522);
#522 = DEFINITIONAL_REPRESENTATION('',(#523),#527);
#523 = LINE('',#524,#525);
#524 = CARTESIAN_POINT('',(6.28318530718,-0.));
#525 = VECTOR('',#526,1.);
#526 = DIRECTION('',(0.,1.));
#527 = ( GEOMETRIC_REPRESENTATION_CONTEXT(2) 
PARAMETRIC_REPRESENTATION_CONTEXT() REPRESENTATION_CONTEXT('2D SPACE',''
  ) );
#528 = PCURVE('',#303,#529);
#529 = DEFINITIONAL_REPRESENTATION('',(#530),#534);
#530 = LINE('',#531,#532);
#531 = CARTESIAN_POINT('',(0.,-0.));
#532 = VECTOR('',#533,1.);
#533 = DIRECTION('',(0.,1.));
#534 = ( GEOMETRIC_REPRESENTATION_CONTEXT(2) 
PARAMETRIC_REPRESENTATION_CONTEXT() REPRESENTATION_CONTEXT('2D SPACE',''
  ) );
#535 = ORIENTED_EDGE('',*,*,#536,.T.);
#536 = EDGE_CURVE('',#514,#514,#537,.T.);
#537 = SURFACE_CURVE('',#538,(#543,#550),.PCURVE_S1.);
#538 = CIRCLE('',#539,8.);
#539 = AXIS2_PLACEMENT_3D('',#540,#541,#542);
#540 = CARTESIAN_POINT('',(-555.15,-40.,3.726E+03));
#541 = DIRECTION('',(0.,0.,1.));
#542 = DIRECTION('',(1.,0.,-0.));
#543 = PCURVE('',#303,#544);
#544 = DEFINITIONAL_REPRESENTATION('',(#545),#549);
#545 = LINE('',#546,#547);
#546 = CARTESIAN_POINT('',(0.,0.));
#547 = VECTOR('',#548,1.);
#548 = DIRECTION('',(1.,0.));
#549 = ( GEOMETRIC_REPRESENTATION_CONTEXT(2) 
PARAMETRIC_REPRESENTATION_CONTEXT() REPRESENTATION_CONTEXT('2D SPACE',''
  ) );
#550 = PCURVE('',#551,#556);
#551 = PLANE('',#552);
#552 = AXIS2_PLACEMENT_3D('',#553,#554,#555);
#553 = CARTESIAN_POINT('',(-555.15,-40.,3.726E+03));
#554 = DIRECTION('',(0.,0.,1.));
#555 = DIRECTION('',(1.,0.,-0.));
#556 = DEFINITIONAL_REPRESENTATION('',(#557),#561);
#557 = CIRCLE('',#558,8.);
#558 = AXIS2_PLACEMENT_2D('',#559,#560);
#559 = CARTESIAN_POINT('',(0.,0.));
#560 = DIRECTION('',(1.,0.));
#561 = ( GEOMETRIC_REPRESENTATION_CONTEXT(2) 
PARAMETRIC_REPRESENTATION_CONTEXT() REPRESENTATION_CONTEXT('2D SPACE',''
  ) );
#562 = ORIENTED_EDGE('',*,*,#513,.T.);
#563 = ADVANCED_FACE('',(#564),#334,.T.);
#564 = FACE_BOUND('',#565,.T.);
#565 = EDGE_LOOP('',(#566,#567,#590,#617));
#566 = ORIENTED_EDGE('',*,*,#317,.F.);
#567 = ORIENTED_EDGE('',*,*,#568,.F.);
#568 = EDGE_CURVE('',#569,#318,#571,.T.);
#569 = VERTEX_POINT('',#570);
#570 = CARTESIAN_POINT('',(-547.15,-10.,3.726E+03));
#571 = SEAM_CURVE('',#572,(#576,#583),.PCURVE_S1.);
#572 = LINE('',#573,#574);
#573 = CARTESIAN_POINT('',(-547.15,-10.,3.726E+03));
#574 = VECTOR('',#575,1.);
#575 = DIRECTION('',(0.,0.,1.));
#576 = PCURVE('',#334,#577);
#577 = DEFINITIONAL_REPRESENTATION('',(#578),#582);
#578 = LINE('',#579,#580);
#579 = CARTESIAN_POINT('',(6.28318530718,-0.));
#580 = VECTOR('',#581,1.);
#581 = DIRECTION('',(0.,1.));
#582 = ( GEOMETRIC_REPRESENTATION_CONTEXT(2) 
PARAMETRIC_REPRESENTATION_CONTEXT() REPRESENTATION_CONTEXT('2D SPACE',''
  ) );
#583 = PCURVE('',#334,#584);
#584 = DEFINITIONAL_REPRESENTATION('',(#585),#589);
#585 = LINE('',#586,#587);
#586 = CARTESIAN_POINT('',(0.,-0.));
#587 = VECTOR('',#588,1.);
#588 = DIRECTION('',(0.,1.));
#589 = ( GEOMETRIC_REPRESENTATION_CONTEXT(2) 
PARAMETRIC_REPRESENTATION_CONTEXT() REPRESENTATION_CONTEXT('2D SPACE',''
  ) );
#590 = ORIENTED_EDGE('',*,*,#591,.T.);
#591 = EDGE_CURVE('',#569,#569,#592,.T.);
#592 = SURFACE_CURVE('',#593,(#598,#605),.PCURVE_S1.);
#593 = CIRCLE('',#594,8.);
#594 = AXIS2_PLACEMENT_3D('',#595,#596,#597);
#595 = CARTESIAN_POINT('',(-555.15,-10.,3.726E+03));
#596 = DIRECTION('',(0.,0.,1.));
#597 = DIRECTION('',(1.,0.,-0.));
#598 = PCURVE('',#334,#599);
#599 = DEFINITIONAL_REPRESENTATION('',(#600),#604);
#600 = LINE('',#601,#602);
#601 = CARTESIAN_POINT('',(0.,0.));
#602 = VECTOR('',#603,1.);
#603 = DIRECTION('',(1.,0.));
#604 = ( GEOMETRIC_REPRESENTATION_CONTEXT(2) 
PARAMETRIC_REPRESENTATION_CONTEXT() REPRESENTATION_CONTEXT('2D SPACE',''
  ) );
#605 = PCURVE('',#606,#611);
#606 = PLANE('',#607);
#607 = AXIS2_PLACEMENT_3D('',#608,#609,#610);
#608 = CARTESIAN_POINT('',(-555.15,-10.,3.726E+03));
#609 = DIRECTION('',(0.,0.,1.));
#610 = DIRECTION('',(1.,0.,-0.));
#611 = DEFINITIONAL_REPRESENTATION('',(#612),#616);
#612 = CIRCLE('',#613,8.);
#613 = AXIS2_PLACEMENT_2D('',#614,#615);
#614 = CARTESIAN_POINT('',(0.,0.));
#615 = DIRECTION('',(1.,0.));
#616 = ( GEOMETRIC_REPRESENTATION_CONTEXT(2) 
PARAMETRIC_REPRESENTATION_CONTEXT() REPRESENTATION_CONTEXT('2D SPACE',''
  ) );
#617 = ORIENTED_EDGE('',*,*,#568,.T.);
#618 = ADVANCED_FACE('',(#619),#365,.T.);
#619 = FACE_BOUND('',#620,.T.);
#620 = EDGE_LOOP('',(#621,#622,#645,#672));
#621 = ORIENTED_EDGE('',*,*,#348,.F.);
#622 = ORIENTED_EDGE('',*,*,#623,.F.);
#623 = EDGE_CURVE('',#624,#349,#626,.T.);
#624 = VERTEX_POINT('',#625);
#625 = CARTESIAN_POINT('',(-550.15,50.,3.56E+03));
#626 = SEAM_CURVE('',#627,(#631,#638),.PCURVE_S1.);
#627 = LINE('',#628,#629);
#628 = CARTESIAN_POINT('',(-550.15,50.,3.56E+03));
#629 = VECTOR('',#630,1.);
#630 = DIRECTION('',(0.,0.,1.));
#631 = PCURVE('',#365,#632);
#632 = DEFINITIONAL_REPRESENTATION('',(#633),#637);
#633 = LINE('',#634,#635);
#634 = CARTESIAN_POINT('',(6.28318530718,-0.));
#635 = VECTOR('',#636,1.);
#636 = DIRECTION('',(0.,1.));
#637 = ( GEOMETRIC_REPRESENTATION_CONTEXT(2) 
PARAMETRIC_REPRESENTATION_CONTEXT() REPRESENTATION_CONTEXT('2D SPACE',''
  ) );
#638 = PCURVE('',#365,#639);
#639 = DEFINITIONAL_REPRESENTATION('',(#640),#644);
#640 = LINE('',#641,#642);
#641 = CARTESIAN_POINT('',(0.,-0.));
#642 = VECTOR('',#643,1.);
#643 = DIRECTION('',(0.,1.));
#644 = ( GEOMETRIC_REPRESENTATION_CONTEXT(2) 
PARAMETRIC_REPRESENTATION_CONTEXT() REPRESENTATION_CONTEXT('2D SPACE',''
  ) );
#645 = ORIENTED_EDGE('',*,*,#646,.T.);
#646 = EDGE_CURVE('',#624,#624,#647,.T.);
#647 = SURFACE_CURVE('',#648,(#653,#660),.PCURVE_S1.);
#648 = CIRCLE('',#649,5.);
#649 = AXIS2_PLACEMENT_3D('',#650,#651,#652);
#650 = CARTESIAN_POINT('',(-555.15,50.,3.56E+03));
#651 = DIRECTION('',(0.,0.,1.));
#652 = DIRECTION('',(1.,0.,-0.));
#653 = PCURVE('',#365,#654);
#654 = DEFINITIONAL_REPRESENTATION('',(#655),#659);
#655 = LINE('',#656,#657);
#656 = CARTESIAN_POINT('',(0.,0.));
#657 = VECTOR('',#658,1.);
#658 = DIRECTION('',(1.,0.));
#659 = ( GEOMETRIC_REPRESENTATION_CONTEXT(2) 
PARAMETRIC_REPRESENTATION_CONTEXT() REPRESENTATION_CONTEXT('2D SPACE',''
  ) );
#660 = PCURVE('',#661,#666);
#661 = PLANE('',#662);
#662 = AXIS2_PLACEMENT_3D('',#663,#664,#665);
#663 = CARTESIAN_POINT('',(-555.15,50.,3.56E+03));
#664 = DIRECTION('',(0.,0.,1.));
#665 = DIRECTION('',(1.,0.,-0.));
#666 = DEFINITIONAL_REPRESENTATION('',(#667),#671);
#667 = CIRCLE('',#668,5.);
#668 = AXIS2_PLACEMENT_2D('',#669,#670);
#669 = CARTESIAN_POINT('',(0.,0.));
#670 = DIRECTION('',(1.,0.));
#671 = ( GEOMETRIC_REPRESENTATION_CONTEXT(2) 
PARAMETRIC_REPRESENTATION_CONTEXT() REPRESENTATION_CONTEXT('2D SPACE',''
  ) );
#672 = ORIENTED_EDGE('',*,*,#623,.T.);
#673 = ADVANCED_FACE('',(#674),#551,.F.);
#674 = FACE_BOUND('',#675,.T.);
#675 = EDGE_LOOP('',(#676));
#676 = ORIENTED_EDGE('',*,*,#536,.F.);
#677 = ADVANCED_FACE('',(#678),#606,.F.);
#678 = FACE_BOUND('',#679,.T.);
#679 = EDGE_LOOP('',(#680));
#680 = ORIENTED_EDGE('',*,*,#591,.F.);
#681 = ADVANCED_FACE('',(#682),#661,.F.);
#682 = FACE_BOUND('',#683,.T.);
#683 = EDGE_LOOP('',(#684));
#684 = ORIENTED_EDGE('',*,*,#646,.F.);
#685 = ORIENTED_CLOSED_SHELL('',*,#686,.F.);
#686 = CLOSED_SHELL('',(#687,#807,#883,#932,#981,#1008));
#687 = ADVANCED_FACE('',(#688),#702,.F.);
#688 = FACE_BOUND('',#689,.F.);
#689 = EDGE_LOOP('',(#690,#725,#753,#781));
#690 = ORIENTED_EDGE('',*,*,#691,.F.);
#691 = EDGE_CURVE('',#692,#694,#696,.T.);
#692 = VERTEX_POINT('',#693);
#693 = CARTESIAN_POINT('',(-597.15,-72.,3.753E+03));
#694 = VERTEX_POINT('',#695);
#695 = CARTESIAN_POINT('',(-597.15,-72.,3.947E+03));
#696 = SURFACE_CURVE('',#697,(#701,#713),.PCURVE_S1.);
#697 = LINE('',#698,#699);
#698 = CARTESIAN_POINT('',(-597.15,-72.,3.753E+03));
#699 = VECTOR('',#700,1.);
#700 = DIRECTION('',(0.,0.,1.));
#701 = PCURVE('',#702,#707);
#702 = PLANE('',#703);
#703 = AXIS2_PLACEMENT_3D('',#704,#705,#706);
#704 = CARTESIAN_POINT('',(-597.15,-72.,3.753E+03));
#705 = DIRECTION('',(1.,0.,-0.));
#706 = DIRECTION('',(0.,0.,1.));
#707 = DEFINITIONAL_REPRESENTATION('',(#708),#712);
#708 = LINE('',#709,#710);
#709 = CARTESIAN_POINT('',(0.,0.));
#710 = VECTOR('',#711,1.);
#711 = DIRECTION('',(1.,0.));
#712 = ( GEOMETRIC_REPRESENTATION_CONTEXT(2) 
PARAMETRIC_REPRESENTATION_CONTEXT() REPRESENTATION_CONTEXT('2D SPACE',''
  ) );
#713 = PCURVE('',#714,#719);
#714 = PLANE('',#715);
#715 = AXIS2_PLACEMENT_3D('',#716,#717,#718);
#716 = CARTESIAN_POINT('',(-597.15,-72.,3.753E+03));
#717 = DIRECTION('',(-0.,1.,0.));
#718 = DIRECTION('',(0.,0.,1.));
#719 = DEFINITIONAL_REPRESENTATION('',(#720),#724);
#720 = LINE('',#721,#722);
#721 = CARTESIAN_POINT('',(0.,0.));
#722 = VECTOR('',#723,1.);
#723 = DIRECTION('',(1.,0.));
#724 = ( GEOMETRIC_REPRESENTATION_CONTEXT(2) 
PARAMETRIC_REPRESENTATION_CONTEXT() REPRESENTATION_CONTEXT('2D SPACE',''
  ) );
#725 = ORIENTED_EDGE('',*,*,#726,.T.);
#726 = EDGE_CURVE('',#692,#727,#729,.T.);
#727 = VERTEX_POINT('',#728);
#728 = CARTESIAN_POINT('',(-597.15,72.,3.753E+03));
#729 = SURFACE_CURVE('',#730,(#734,#741),.PCURVE_S1.);
#730 = LINE('',#731,#732);
#731 = CARTESIAN_POINT('',(-597.15,-72.,3.753E+03));
#732 = VECTOR('',#733,1.);
#733 = DIRECTION('',(-0.,1.,0.));
#734 = PCURVE('',#702,#735);
#735 = DEFINITIONAL_REPRESENTATION('',(#736),#740);
#736 = LINE('',#737,#738);
#737 = CARTESIAN_POINT('',(0.,0.));
#738 = VECTOR('',#739,1.);
#739 = DIRECTION('',(0.,-1.));
#740 = ( GEOMETRIC_REPRESENTATION_CONTEXT(2) 
PARAMETRIC_REPRESENTATION_CONTEXT() REPRESENTATION_CONTEXT('2D SPACE',''
  ) );
#741 = PCURVE('',#742,#747);
#742 = PLANE('',#743);
#743 = AXIS2_PLACEMENT_3D('',#744,#745,#746);
#744 = CARTESIAN_POINT('',(-597.15,-72.,3.753E+03));
#745 = DIRECTION('',(0.,0.,1.));
#746 = DIRECTION('',(1.,0.,-0.));
#747 = DEFINITIONAL_REPRESENTATION('',(#748),#752);
#748 = LINE('',#749,#750);
#749 = CARTESIAN_POINT('',(0.,0.));
#750 = VECTOR('',#751,1.);
#751 = DIRECTION('',(0.,1.));
#752 = ( GEOMETRIC_REPRESENTATION_CONTEXT(2) 
PARAMETRIC_REPRESENTATION_CONTEXT() REPRESENTATION_CONTEXT('2D SPACE',''
  ) );
#753 = ORIENTED_EDGE('',*,*,#754,.T.);
#754 = EDGE_CURVE('',#727,#755,#757,.T.);
#755 = VERTEX_POINT('',#756);
#756 = CARTESIAN_POINT('',(-597.15,72.,3.947E+03));
#757 = SURFACE_CURVE('',#758,(#762,#769),.PCURVE_S1.);
#758 = LINE('',#759,#760);
#759 = CARTESIAN_POINT('',(-597.15,72.,3.753E+03));
#760 = VECTOR('',#761,1.);
#761 = DIRECTION('',(0.,0.,1.));
#762 = PCURVE('',#702,#763);
#763 = DEFINITIONAL_REPRESENTATION('',(#764),#768);
#764 = LINE('',#765,#766);
#765 = CARTESIAN_POINT('',(0.,-144.));
#766 = VECTOR('',#767,1.);
#767 = DIRECTION('',(1.,0.));
#768 = ( GEOMETRIC_REPRESENTATION_CONTEXT(2) 
PARAMETRIC_REPRESENTATION_CONTEXT() REPRESENTATION_CONTEXT('2D SPACE',''
  ) );
#769 = PCURVE('',#770,#775);
#770 = PLANE('',#771);
#771 = AXIS2_PLACEMENT_3D('',#772,#773,#774);
#772 = CARTESIAN_POINT('',(-597.15,72.,3.753E+03));
#773 = DIRECTION('',(-0.,1.,0.));
#774 = DIRECTION('',(0.,0.,1.));
#775 = DEFINITIONAL_REPRESENTATION('',(#776),#780);
#776 = LINE('',#777,#778);
#777 = CARTESIAN_POINT('',(0.,0.));
#778 = VECTOR('',#779,1.);
#779 = DIRECTION('',(1.,0.));
#780 = ( GEOMETRIC_REPRESENTATION_CONTEXT(2) 
PARAMETRIC_REPRESENTATION_CONTEXT() REPRESENTATION_CONTEXT('2D SPACE',''
  ) );
#781 = ORIENTED_EDGE('',*,*,#782,.F.);
#782 = EDGE_CURVE('',#694,#755,#783,.T.);
#783 = SURFACE_CURVE('',#784,(#788,#795),.PCURVE_S1.);
#784 = LINE('',#785,#786);
#785 = CARTESIAN_POINT('',(-597.15,-72.,3.947E+03));
#786 = VECTOR('',#787,1.);
#787 = DIRECTION('',(-0.,1.,0.));
#788 = PCURVE('',#702,#789);
#789 = DEFINITIONAL_REPRESENTATION('',(#790),#794);
#790 = LINE('',#791,#792);
#791 = CARTESIAN_POINT('',(194.,0.));
#792 = VECTOR('',#793,1.);
#793 = DIRECTION('',(0.,-1.));
#794 = ( GEOMETRIC_REPRESENTATION_CONTEXT(2) 
PARAMETRIC_REPRESENTATION_CONTEXT() REPRESENTATION_CONTEXT('2D SPACE',''
  ) );
#795 = PCURVE('',#796,#801);
#796 = PLANE('',#797);
#797 = AXIS2_PLACEMENT_3D('',#798,#799,#800);
#798 = CARTESIAN_POINT('',(-597.15,-72.,3.947E+03));
#799 = DIRECTION('',(0.,0.,1.));
#800 = DIRECTION('',(1.,0.,-0.));
#801 = DEFINITIONAL_REPRESENTATION('',(#802),#806);
#802 = LINE('',#803,#804);
#803 = CARTESIAN_POINT('',(0.,0.));
#804 = VECTOR('',#805,1.);
#805 = DIRECTION('',(0.,1.));
#806 = ( GEOMETRIC_REPRESENTATION_CONTEXT(2) 
PARAMETRIC_REPRESENTATION_CONTEXT() REPRESENTATION_CONTEXT('2D SPACE',''
  ) );
#807 = ADVANCED_FACE('',(#808),#714,.F.);
#808 = FACE_BOUND('',#809,.F.);
#809 = EDGE_LOOP('',(#810,#833,#834,#857));
#810 = ORIENTED_EDGE('',*,*,#811,.F.);
#811 = EDGE_CURVE('',#692,#812,#814,.T.);
#812 = VERTEX_POINT('',#813);
#813 = CARTESIAN_POINT('',(-513.15,-72.,3.753E+03));
#814 = SURFACE_CURVE('',#815,(#819,#826),.PCURVE_S1.);
#815 = LINE('',#816,#817);
#816 = CARTESIAN_POINT('',(-597.15,-72.,3.753E+03));
#817 = VECTOR('',#818,1.);
#818 = DIRECTION('',(1.,0.,-0.));
#819 = PCURVE('',#714,#820);
#820 = DEFINITIONAL_REPRESENTATION('',(#821),#825);
#821 = LINE('',#822,#823);
#822 = CARTESIAN_POINT('',(0.,0.));
#823 = VECTOR('',#824,1.);
#824 = DIRECTION('',(0.,1.));
#825 = ( GEOMETRIC_REPRESENTATION_CONTEXT(2) 
PARAMETRIC_REPRESENTATION_CONTEXT() REPRESENTATION_CONTEXT('2D SPACE',''
  ) );
#826 = PCURVE('',#742,#827);
#827 = DEFINITIONAL_REPRESENTATION('',(#828),#832);
#828 = LINE('',#829,#830);
#829 = CARTESIAN_POINT('',(0.,0.));
#830 = VECTOR('',#831,1.);
#831 = DIRECTION('',(1.,0.));
#832 = ( GEOMETRIC_REPRESENTATION_CONTEXT(2) 
PARAMETRIC_REPRESENTATION_CONTEXT() REPRESENTATION_CONTEXT('2D SPACE',''
  ) );
#833 = ORIENTED_EDGE('',*,*,#691,.T.);
#834 = ORIENTED_EDGE('',*,*,#835,.T.);
#835 = EDGE_CURVE('',#694,#836,#838,.T.);
#836 = VERTEX_POINT('',#837);
#837 = CARTESIAN_POINT('',(-513.15,-72.,3.947E+03));
#838 = SURFACE_CURVE('',#839,(#843,#850),.PCURVE_S1.);
#839 = LINE('',#840,#841);
#840 = CARTESIAN_POINT('',(-597.15,-72.,3.947E+03));
#841 = VECTOR('',#842,1.);
#842 = DIRECTION('',(1.,0.,-0.));
#843 = PCURVE('',#714,#844);
#844 = DEFINITIONAL_REPRESENTATION('',(#845),#849);
#845 = LINE('',#846,#847);
#846 = CARTESIAN_POINT('',(194.,0.));
#847 = VECTOR('',#848,1.);
#848 = DIRECTION('',(0.,1.));
#849 = ( GEOMETRIC_REPRESENTATION_CONTEXT(2) 
PARAMETRIC_REPRESENTATION_CONTEXT() REPRESENTATION_CONTEXT('2D SPACE',''
  ) );
#850 = PCURVE('',#796,#851);
#851 = DEFINITIONAL_REPRESENTATION('',(#852),#856);
#852 = LINE('',#853,#854);
#853 = CARTESIAN_POINT('',(0.,0.));
#854 = VECTOR('',#855,1.);
#855 = DIRECTION('',(1.,0.));
#856 = ( GEOMETRIC_REPRESENTATION_CONTEXT(2) 
PARAMETRIC_REPRESENTATION_CONTEXT() REPRESENTATION_CONTEXT('2D SPACE',''
  ) );
#857 = ORIENTED_EDGE('',*,*,#858,.F.);
#858 = EDGE_CURVE('',#812,#836,#859,.T.);
#859 = SURFACE_CURVE('',#860,(#864,#871),.PCURVE_S1.);
#860 = LINE('',#861,#862);
#861 = CARTESIAN_POINT('',(-513.15,-72.,3.753E+03));
#862 = VECTOR('',#863,1.);
#863 = DIRECTION('',(0.,0.,1.));
#864 = PCURVE('',#714,#865);
#865 = DEFINITIONAL_REPRESENTATION('',(#866),#870);
#866 = LINE('',#867,#868);
#867 = CARTESIAN_POINT('',(0.,84.));
#868 = VECTOR('',#869,1.);
#869 = DIRECTION('',(1.,0.));
#870 = ( GEOMETRIC_REPRESENTATION_CONTEXT(2) 
PARAMETRIC_REPRESENTATION_CONTEXT() REPRESENTATION_CONTEXT('2D SPACE',''
  ) );
#871 = PCURVE('',#872,#877);
#872 = PLANE('',#873);
#873 = AXIS2_PLACEMENT_3D('',#874,#875,#876);
#874 = CARTESIAN_POINT('',(-513.15,-72.,3.753E+03));
#875 = DIRECTION('',(1.,0.,-0.));
#876 = DIRECTION('',(0.,0.,1.));
#877 = DEFINITIONAL_REPRESENTATION('',(#878),#882);
#878 = LINE('',#879,#880);
#879 = CARTESIAN_POINT('',(0.,0.));
#880 = VECTOR('',#881,1.);
#881 = DIRECTION('',(1.,0.));
#882 = ( GEOMETRIC_REPRESENTATION_CONTEXT(2) 
PARAMETRIC_REPRESENTATION_CONTEXT() REPRESENTATION_CONTEXT('2D SPACE',''
  ) );
#883 = ADVANCED_FACE('',(#884),#796,.T.);
#884 = FACE_BOUND('',#885,.T.);
#885 = EDGE_LOOP('',(#886,#887,#888,#911));
#886 = ORIENTED_EDGE('',*,*,#782,.F.);
#887 = ORIENTED_EDGE('',*,*,#835,.T.);
#888 = ORIENTED_EDGE('',*,*,#889,.T.);
#889 = EDGE_CURVE('',#836,#890,#892,.T.);
#890 = VERTEX_POINT('',#891);
#891 = CARTESIAN_POINT('',(-513.15,72.,3.947E+03));
#892 = SURFACE_CURVE('',#893,(#897,#904),.PCURVE_S1.);
#893 = LINE('',#894,#895);
#894 = CARTESIAN_POINT('',(-513.15,-72.,3.947E+03));
#895 = VECTOR('',#896,1.);
#896 = DIRECTION('',(-0.,1.,0.));
#897 = PCURVE('',#796,#898);
#898 = DEFINITIONAL_REPRESENTATION('',(#899),#903);
#899 = LINE('',#900,#901);
#900 = CARTESIAN_POINT('',(84.,0.));
#901 = VECTOR('',#902,1.);
#902 = DIRECTION('',(0.,1.));
#903 = ( GEOMETRIC_REPRESENTATION_CONTEXT(2) 
PARAMETRIC_REPRESENTATION_CONTEXT() REPRESENTATION_CONTEXT('2D SPACE',''
  ) );
#904 = PCURVE('',#872,#905);
#905 = DEFINITIONAL_REPRESENTATION('',(#906),#910);
#906 = LINE('',#907,#908);
#907 = CARTESIAN_POINT('',(194.,0.));
#908 = VECTOR('',#909,1.);
#909 = DIRECTION('',(0.,-1.));
#910 = ( GEOMETRIC_REPRESENTATION_CONTEXT(2) 
PARAMETRIC_REPRESENTATION_CONTEXT() REPRESENTATION_CONTEXT('2D SPACE',''
  ) );
#911 = ORIENTED_EDGE('',*,*,#912,.F.);
#912 = EDGE_CURVE('',#755,#890,#913,.T.);
#913 = SURFACE_CURVE('',#914,(#918,#925),.PCURVE_S1.);
#914 = LINE('',#915,#916);
#915 = CARTESIAN_POINT('',(-597.15,72.,3.947E+03));
#916 = VECTOR('',#917,1.);
#917 = DIRECTION('',(1.,0.,-0.));
#918 = PCURVE('',#796,#919);
#919 = DEFINITIONAL_REPRESENTATION('',(#920),#924);
#920 = LINE('',#921,#922);
#921 = CARTESIAN_POINT('',(0.,144.));
#922 = VECTOR('',#923,1.);
#923 = DIRECTION('',(1.,0.));
#924 = ( GEOMETRIC_REPRESENTATION_CONTEXT(2) 
PARAMETRIC_REPRESENTATION_CONTEXT() REPRESENTATION_CONTEXT('2D SPACE',''
  ) );
#925 = PCURVE('',#770,#926);
#926 = DEFINITIONAL_REPRESENTATION('',(#927),#931);
#927 = LINE('',#928,#929);
#928 = CARTESIAN_POINT('',(194.,0.));
#929 = VECTOR('',#930,1.);
#930 = DIRECTION('',(0.,1.));
#931 = ( GEOMETRIC_REPRESENTATION_CONTEXT(2) 
PARAMETRIC_REPRESENTATION_CONTEXT() REPRESENTATION_CONTEXT('2D SPACE',''
  ) );
#932 = ADVANCED_FACE('',(#933),#770,.T.);
#933 = FACE_BOUND('',#934,.T.);
#934 = EDGE_LOOP('',(#935,#958,#959,#960));
#935 = ORIENTED_EDGE('',*,*,#936,.F.);
#936 = EDGE_CURVE('',#727,#937,#939,.T.);
#937 = VERTEX_POINT('',#938);
#938 = CARTESIAN_POINT('',(-513.15,72.,3.753E+03));
#939 = SURFACE_CURVE('',#940,(#944,#951),.PCURVE_S1.);
#940 = LINE('',#941,#942);
#941 = CARTESIAN_POINT('',(-597.15,72.,3.753E+03));
#942 = VECTOR('',#943,1.);
#943 = DIRECTION('',(1.,0.,-0.));
#944 = PCURVE('',#770,#945);
#945 = DEFINITIONAL_REPRESENTATION('',(#946),#950);
#946 = LINE('',#947,#948);
#947 = CARTESIAN_POINT('',(0.,0.));
#948 = VECTOR('',#949,1.);
#949 = DIRECTION('',(0.,1.));
#950 = ( GEOMETRIC_REPRESENTATION_CONTEXT(2) 
PARAMETRIC_REPRESENTATION_CONTEXT() REPRESENTATION_CONTEXT('2D SPACE',''
  ) );
#951 = PCURVE('',#742,#952);
#952 = DEFINITIONAL_REPRESENTATION('',(#953),#957);
#953 = LINE('',#954,#955);
#954 = CARTESIAN_POINT('',(0.,144.));
#955 = VECTOR('',#956,1.);
#956 = DIRECTION('',(1.,0.));
#957 = ( GEOMETRIC_REPRESENTATION_CONTEXT(2) 
PARAMETRIC_REPRESENTATION_CONTEXT() REPRESENTATION_CONTEXT('2D SPACE',''
  ) );
#958 = ORIENTED_EDGE('',*,*,#754,.T.);
#959 = ORIENTED_EDGE('',*,*,#912,.T.);
#960 = ORIENTED_EDGE('',*,*,#961,.F.);
#961 = EDGE_CURVE('',#937,#890,#962,.T.);
#962 = SURFACE_CURVE('',#963,(#967,#974),.PCURVE_S1.);
#963 = LINE('',#964,#965);
#964 = CARTESIAN_POINT('',(-513.15,72.,3.753E+03));
#965 = VECTOR('',#966,1.);
#966 = DIRECTION('',(0.,0.,1.));
#967 = PCURVE('',#770,#968);
#968 = DEFINITIONAL_REPRESENTATION('',(#969),#973);
#969 = LINE('',#970,#971);
#970 = CARTESIAN_POINT('',(0.,84.));
#971 = VECTOR('',#972,1.);
#972 = DIRECTION('',(1.,0.));
#973 = ( GEOMETRIC_REPRESENTATION_CONTEXT(2) 
PARAMETRIC_REPRESENTATION_CONTEXT() REPRESENTATION_CONTEXT('2D SPACE',''
  ) );
#974 = PCURVE('',#872,#975);
#975 = DEFINITIONAL_REPRESENTATION('',(#976),#980);
#976 = LINE('',#977,#978);
#977 = CARTESIAN_POINT('',(0.,-144.));
#978 = VECTOR('',#979,1.);
#979 = DIRECTION('',(1.,0.));
#980 = ( GEOMETRIC_REPRESENTATION_CONTEXT(2) 
PARAMETRIC_REPRESENTATION_CONTEXT() REPRESENTATION_CONTEXT('2D SPACE',''
  ) );
#981 = ADVANCED_FACE('',(#982),#742,.F.);
#982 = FACE_BOUND('',#983,.F.);
#983 = EDGE_LOOP('',(#984,#985,#986,#1007));
#984 = ORIENTED_EDGE('',*,*,#726,.F.);
#985 = ORIENTED_EDGE('',*,*,#811,.T.);
#986 = ORIENTED_EDGE('',*,*,#987,.T.);
#987 = EDGE_CURVE('',#812,#937,#988,.T.);
#988 = SURFACE_CURVE('',#989,(#993,#1000),.PCURVE_S1.);
#989 = LINE('',#990,#991);
#990 = CARTESIAN_POINT('',(-513.15,-72.,3.753E+03));
#991 = VECTOR('',#992,1.);
#992 = DIRECTION('',(-0.,1.,0.));
#993 = PCURVE('',#742,#994);
#994 = DEFINITIONAL_REPRESENTATION('',(#995),#999);
#995 = LINE('',#996,#997);
#996 = CARTESIAN_POINT('',(84.,0.));
#997 = VECTOR('',#998,1.);
#998 = DIRECTION('',(0.,1.));
#999 = ( GEOMETRIC_REPRESENTATION_CONTEXT(2) 
PARAMETRIC_REPRESENTATION_CONTEXT() REPRESENTATION_CONTEXT('2D SPACE',''
  ) );
#1000 = PCURVE('',#872,#1001);
#1001 = DEFINITIONAL_REPRESENTATION('',(#1002),#1006);
#1002 = LINE('',#1003,#1004);
#1003 = CARTESIAN_POINT('',(0.,0.));
#1004 = VECTOR('',#1005,1.);
#1005 = DIRECTION('',(0.,-1.));
#1006 = ( GEOMETRIC_REPRESENTATION_CONTEXT(2) 
PARAMETRIC_REPRESENTATION_CONTEXT() REPRESENTATION_CONTEXT('2D SPACE',''
  ) );
#1007 = ORIENTED_EDGE('',*,*,#936,.F.);
#1008 = ADVANCED_FACE('',(#1009),#872,.T.);
#1009 = FACE_BOUND('',#1010,.T.);
#1010 = EDGE_LOOP('',(#1011,#1012,#1013,#1014));
#1011 = ORIENTED_EDGE('',*,*,#858,.F.);
#1012 = ORIENTED_EDGE('',*,*,#987,.T.);
#1013 = ORIENTED_EDGE('',*,*,#961,.T.);
#1014 = ORIENTED_EDGE('',*,*,#889,.F.);
#1015 = ( GEOMETRIC_REPRESENTATION_CONTEXT(3) 
GLOBAL_UNCERTAINTY_ASSIGNED_CONTEXT((#1019)) 
GLOBAL_UNIT_ASSIGNED_CONTEXT((#1016,#1017,#1018)) REPRESENTATION_CONTEXT
('Context #1','3D Context with UNIT and UNCERTAINTY') );
#1016 = ( LENGTH_UNIT() NAMED_UNIT(*) SI_UNIT(.MILLI.,.METRE.) );
#1017 = ( NAMED_UNIT(*) PLANE_ANGLE_UNIT() SI_UNIT($,.RADIAN.) );
#1018 = ( NAMED_UNIT(*) SI_UNIT($,.STERADIAN.) SOLID_ANGLE_UNIT() );
#1019 = UNCERTAINTY_MEASURE_WITH_UNIT(LENGTH_MEASURE(1.E-07),#1016,
  'distance_accuracy_value','confusion accuracy');
#1020 = CONTEXT_DEPENDENT_SHAPE_REPRESENTATION(#1021,#1023);
#1021 = ( REPRESENTATION_RELATIONSHIP('','',#84,#10) 
REPRESENTATION_RELATIONSHIP_WITH_TRANSFORMATION(#1022) 
SHAPE_REPRESENTATION_RELATIONSHIP() );
#1022 = ITEM_DEFINED_TRANSFORMATION('','',#11,#15);
#1023 = PRODUCT_DEFINITION_SHAPE('Placement','Placement of an item',
  #1024);
#1024 = NEXT_ASSEMBLY_USAGE_OCCURRENCE('1','=>[0:1:1:2]','',#5,#79,$);
#1025 = PRODUCT_RELATED_PRODUCT_CATEGORY('part',$,(#81));
#1026 = SHAPE_DEFINITION_REPRESENTATION(#1027,#1033);
#1027 = PRODUCT_DEFINITION_SHAPE('','',#1028);
#1028 = PRODUCT_DEFINITION('design','',#1029,#1032);
#1029 = PRODUCT_DEFINITION_FORMATION('','',#1030);
#1030 = PRODUCT('COMPOUND','COMPOUND','',(#1031));
#1031 = PRODUCT_CONTEXT('',#2,'mechanical');
#1032 = PRODUCT_DEFINITION_CONTEXT('part definition',#2,'design');
#1033 = SHAPE_REPRESENTATION('',(#11,#1034,#1364),#1694);
#1034 = MANIFOLD_SOLID_BREP('',#1035);
#1035 = CLOSED_SHELL('',(#1036,#1156,#1256,#1303,#1350,#1357));
#1036 = ADVANCED_FACE('',(#1037),#1051,.F.);
#1037 = FACE_BOUND('',#1038,.F.);
#1038 = EDGE_LOOP('',(#1039,#1074,#1102,#1130));
#1039 = ORIENTED_EDGE('',*,*,#1040,.F.);
#1040 = EDGE_CURVE('',#1041,#1043,#1045,.T.);
#1041 = VERTEX_POINT('',#1042);
#1042 = CARTESIAN_POINT('',(-530.15,-50.,3.84E+03));
#1043 = VERTEX_POINT('',#1044);
#1044 = CARTESIAN_POINT('',(-530.15,-50.,3.92E+03));
#1045 = SURFACE_CURVE('',#1046,(#1050,#1062),.PCURVE_S1.);
#1046 = LINE('',#1047,#1048);
#1047 = CARTESIAN_POINT('',(-530.15,-50.,3.84E+03));
#1048 = VECTOR('',#1049,1.);
#1049 = DIRECTION('',(0.,0.,1.));
#1050 = PCURVE('',#1051,#1056);
#1051 = PLANE('',#1052);
#1052 = AXIS2_PLACEMENT_3D('',#1053,#1054,#1055);
#1053 = CARTESIAN_POINT('',(-530.15,-50.,3.84E+03));
#1054 = DIRECTION('',(1.,0.,-0.));
#1055 = DIRECTION('',(0.,0.,1.));
#1056 = DEFINITIONAL_REPRESENTATION('',(#1057),#1061);
#1057 = LINE('',#1058,#1059);
#1058 = CARTESIAN_POINT('',(0.,0.));
#1059 = VECTOR('',#1060,1.);
#1060 = DIRECTION('',(1.,0.));
#1061 = ( GEOMETRIC_REPRESENTATION_CONTEXT(2) 
PARAMETRIC_REPRESENTATION_CONTEXT() REPRESENTATION_CONTEXT('2D SPACE',''
  ) );
#1062 = PCURVE('',#1063,#1068);
#1063 = PLANE('',#1064);
#1064 = AXIS2_PLACEMENT_3D('',#1065,#1066,#1067);
#1065 = CARTESIAN_POINT('',(-530.15,-50.,3.84E+03));
#1066 = DIRECTION('',(-0.,1.,0.));
#1067 = DIRECTION('',(0.,0.,1.));
#1068 = DEFINITIONAL_REPRESENTATION('',(#1069),#1073);
#1069 = LINE('',#1070,#1071);
#1070 = CARTESIAN_POINT('',(0.,0.));
#1071 = VECTOR('',#1072,1.);
#1072 = DIRECTION('',(1.,0.));
#1073 = ( GEOMETRIC_REPRESENTATION_CONTEXT(2) 
PARAMETRIC_REPRESENTATION_CONTEXT() REPRESENTATION_CONTEXT('2D SPACE',''
  ) );
#1074 = ORIENTED_EDGE('',*,*,#1075,.T.);
#1075 = EDGE_CURVE('',#1041,#1076,#1078,.T.);
#1076 = VERTEX_POINT('',#1077);
#1077 = CARTESIAN_POINT('',(-530.15,10.,3.84E+03));
#1078 = SURFACE_CURVE('',#1079,(#1083,#1090),.PCURVE_S1.);
#1079 = LINE('',#1080,#1081);
#1080 = CARTESIAN_POINT('',(-530.15,-50.,3.84E+03));
#1081 = VECTOR('',#1082,1.);
#1082 = DIRECTION('',(-0.,1.,0.));
#1083 = PCURVE('',#1051,#1084);
#1084 = DEFINITIONAL_REPRESENTATION('',(#1085),#1089);
#1085 = LINE('',#1086,#1087);
#1086 = CARTESIAN_POINT('',(0.,0.));
#1087 = VECTOR('',#1088,1.);
#1088 = DIRECTION('',(0.,-1.));
#1089 = ( GEOMETRIC_REPRESENTATION_CONTEXT(2) 
PARAMETRIC_REPRESENTATION_CONTEXT() REPRESENTATION_CONTEXT('2D SPACE',''
  ) );
#1090 = PCURVE('',#1091,#1096);
#1091 = PLANE('',#1092);
#1092 = AXIS2_PLACEMENT_3D('',#1093,#1094,#1095);
#1093 = CARTESIAN_POINT('',(-530.15,-50.,3.84E+03));
#1094 = DIRECTION('',(0.,0.,1.));
#1095 = DIRECTION('',(1.,0.,-0.));
#1096 = DEFINITIONAL_REPRESENTATION('',(#1097),#1101);
#1097 = LINE('',#1098,#1099);
#1098 = CARTESIAN_POINT('',(0.,0.));
#1099 = VECTOR('',#1100,1.);
#1100 = DIRECTION('',(0.,1.));
#1101 = ( GEOMETRIC_REPRESENTATION_CONTEXT(2) 
PARAMETRIC_REPRESENTATION_CONTEXT() REPRESENTATION_CONTEXT('2D SPACE',''
  ) );
#1102 = ORIENTED_EDGE('',*,*,#1103,.T.);
#1103 = EDGE_CURVE('',#1076,#1104,#1106,.T.);
#1104 = VERTEX_POINT('',#1105);
#1105 = CARTESIAN_POINT('',(-530.15,10.,3.92E+03));
#1106 = SURFACE_CURVE('',#1107,(#1111,#1118),.PCURVE_S1.);
#1107 = LINE('',#1108,#1109);
#1108 = CARTESIAN_POINT('',(-530.15,10.,3.84E+03));
#1109 = VECTOR('',#1110,1.);
#1110 = DIRECTION('',(0.,0.,1.));
#1111 = PCURVE('',#1051,#1112);
#1112 = DEFINITIONAL_REPRESENTATION('',(#1113),#1117);
#1113 = LINE('',#1114,#1115);
#1114 = CARTESIAN_POINT('',(0.,-60.));
#1115 = VECTOR('',#1116,1.);
#1116 = DIRECTION('',(1.,0.));
#1117 = ( GEOMETRIC_REPRESENTATION_CONTEXT(2) 
PARAMETRIC_REPRESENTATION_CONTEXT() REPRESENTATION_CONTEXT('2D SPACE',''
  ) );
#1118 = PCURVE('',#1119,#1124);
#1119 = PLANE('',#1120);
#1120 = AXIS2_PLACEMENT_3D('',#1121,#1122,#1123);
#1121 = CARTESIAN_POINT('',(-530.15,10.,3.84E+03));
#1122 = DIRECTION('',(-0.,1.,0.));
#1123 = DIRECTION('',(0.,0.,1.));
#1124 = DEFINITIONAL_REPRESENTATION('',(#1125),#1129);
#1125 = LINE('',#1126,#1127);
#1126 = CARTESIAN_POINT('',(0.,0.));
#1127 = VECTOR('',#1128,1.);
#1128 = DIRECTION('',(1.,0.));
#1129 = ( GEOMETRIC_REPRESENTATION_CONTEXT(2) 
PARAMETRIC_REPRESENTATION_CONTEXT() REPRESENTATION_CONTEXT('2D SPACE',''
  ) );
#1130 = ORIENTED_EDGE('',*,*,#1131,.F.);
#1131 = EDGE_CURVE('',#1043,#1104,#1132,.T.);
#1132 = SURFACE_CURVE('',#1133,(#1137,#1144),.PCURVE_S1.);
#1133 = LINE('',#1134,#1135);
#1134 = CARTESIAN_POINT('',(-530.15,-50.,3.92E+03));
#1135 = VECTOR('',#1136,1.);
#1136 = DIRECTION('',(-0.,1.,0.));
#1137 = PCURVE('',#1051,#1138);
#1138 = DEFINITIONAL_REPRESENTATION('',(#1139),#1143);
#1139 = LINE('',#1140,#1141);
#1140 = CARTESIAN_POINT('',(80.,0.));
#1141 = VECTOR('',#1142,1.);
#1142 = DIRECTION('',(0.,-1.));
#1143 = ( GEOMETRIC_REPRESENTATION_CONTEXT(2) 
PARAMETRIC_REPRESENTATION_CONTEXT() REPRESENTATION_CONTEXT('2D SPACE',''
  ) );
#1144 = PCURVE('',#1145,#1150);
#1145 = PLANE('',#1146);
#1146 = AXIS2_PLACEMENT_3D('',#1147,#1148,#1149);
#1147 = CARTESIAN_POINT('',(-530.15,-50.,3.92E+03));
#1148 = DIRECTION('',(0.,0.,1.));
#1149 = DIRECTION('',(1.,0.,-0.));
#1150 = DEFINITIONAL_REPRESENTATION('',(#1151),#1155);
#1151 = LINE('',#1152,#1153);
#1152 = CARTESIAN_POINT('',(0.,0.));
#1153 = VECTOR('',#1154,1.);
#1154 = DIRECTION('',(0.,1.));
#1155 = ( GEOMETRIC_REPRESENTATION_CONTEXT(2) 
PARAMETRIC_REPRESENTATION_CONTEXT() REPRESENTATION_CONTEXT('2D SPACE',''
  ) );
#1156 = ADVANCED_FACE('',(#1157),#1171,.T.);
#1157 = FACE_BOUND('',#1158,.T.);
#1158 = EDGE_LOOP('',(#1159,#1189,#1212,#1235));
#1159 = ORIENTED_EDGE('',*,*,#1160,.F.);
#1160 = EDGE_CURVE('',#1161,#1163,#1165,.T.);
#1161 = VERTEX_POINT('',#1162);
#1162 = CARTESIAN_POINT('',(-520.15,-50.,3.84E+03));
#1163 = VERTEX_POINT('',#1164);
#1164 = CARTESIAN_POINT('',(-520.15,-50.,3.92E+03));
#1165 = SURFACE_CURVE('',#1166,(#1170,#1182),.PCURVE_S1.);
#1166 = LINE('',#1167,#1168);
#1167 = CARTESIAN_POINT('',(-520.15,-50.,3.84E+03));
#1168 = VECTOR('',#1169,1.);
#1169 = DIRECTION('',(0.,0.,1.));
#1170 = PCURVE('',#1171,#1176);
#1171 = PLANE('',#1172);
#1172 = AXIS2_PLACEMENT_3D('',#1173,#1174,#1175);
#1173 = CARTESIAN_POINT('',(-520.15,-50.,3.84E+03));
#1174 = DIRECTION('',(1.,0.,-0.));
#1175 = DIRECTION('',(0.,0.,1.));
#1176 = DEFINITIONAL_REPRESENTATION('',(#1177),#1181);
#1177 = LINE('',#1178,#1179);
#1178 = CARTESIAN_POINT('',(0.,0.));
#1179 = VECTOR('',#1180,1.);
#1180 = DIRECTION('',(1.,0.));
#1181 = ( GEOMETRIC_REPRESENTATION_CONTEXT(2) 
PARAMETRIC_REPRESENTATION_CONTEXT() REPRESENTATION_CONTEXT('2D SPACE',''
  ) );
#1182 = PCURVE('',#1063,#1183);
#1183 = DEFINITIONAL_REPRESENTATION('',(#1184),#1188);
#1184 = LINE('',#1185,#1186);
#1185 = CARTESIAN_POINT('',(0.,10.));
#1186 = VECTOR('',#1187,1.);
#1187 = DIRECTION('',(1.,0.));
#1188 = ( GEOMETRIC_REPRESENTATION_CONTEXT(2) 
PARAMETRIC_REPRESENTATION_CONTEXT() REPRESENTATION_CONTEXT('2D SPACE',''
  ) );
#1189 = ORIENTED_EDGE('',*,*,#1190,.T.);
#1190 = EDGE_CURVE('',#1161,#1191,#1193,.T.);
#1191 = VERTEX_POINT('',#1192);
#1192 = CARTESIAN_POINT('',(-520.15,10.,3.84E+03));
#1193 = SURFACE_CURVE('',#1194,(#1198,#1205),.PCURVE_S1.);
#1194 = LINE('',#1195,#1196);
#1195 = CARTESIAN_POINT('',(-520.15,-50.,3.84E+03));
#1196 = VECTOR('',#1197,1.);
#1197 = DIRECTION('',(-0.,1.,0.));
#1198 = PCURVE('',#1171,#1199);
#1199 = DEFINITIONAL_REPRESENTATION('',(#1200),#1204);
#1200 = LINE('',#1201,#1202);
#1201 = CARTESIAN_POINT('',(0.,0.));
#1202 = VECTOR('',#1203,1.);
#1203 = DIRECTION('',(0.,-1.));
#1204 = ( GEOMETRIC_REPRESENTATION_CONTEXT(2) 
PARAMETRIC_REPRESENTATION_CONTEXT() REPRESENTATION_CONTEXT('2D SPACE',''
  ) );
#1205 = PCURVE('',#1091,#1206);
#1206 = DEFINITIONAL_REPRESENTATION('',(#1207),#1211);
#1207 = LINE('',#1208,#1209);
#1208 = CARTESIAN_POINT('',(10.,0.));
#1209 = VECTOR('',#1210,1.);
#1210 = DIRECTION('',(0.,1.));
#1211 = ( GEOMETRIC_REPRESENTATION_CONTEXT(2) 
PARAMETRIC_REPRESENTATION_CONTEXT() REPRESENTATION_CONTEXT('2D SPACE',''
  ) );
#1212 = ORIENTED_EDGE('',*,*,#1213,.T.);
#1213 = EDGE_CURVE('',#1191,#1214,#1216,.T.);
#1214 = VERTEX_POINT('',#1215);
#1215 = CARTESIAN_POINT('',(-520.15,10.,3.92E+03));
#1216 = SURFACE_CURVE('',#1217,(#1221,#1228),.PCURVE_S1.);
#1217 = LINE('',#1218,#1219);
#1218 = CARTESIAN_POINT('',(-520.15,10.,3.84E+03));
#1219 = VECTOR('',#1220,1.);
#1220 = DIRECTION('',(0.,0.,1.));
#1221 = PCURVE('',#1171,#1222);
#1222 = DEFINITIONAL_REPRESENTATION('',(#1223),#1227);
#1223 = LINE('',#1224,#1225);
#1224 = CARTESIAN_POINT('',(0.,-60.));
#1225 = VECTOR('',#1226,1.);
#1226 = DIRECTION('',(1.,0.));
#1227 = ( GEOMETRIC_REPRESENTATION_CONTEXT(2) 
PARAMETRIC_REPRESENTATION_CONTEXT() REPRESENTATION_CONTEXT('2D SPACE',''
  ) );
#1228 = PCURVE('',#1119,#1229);
#1229 = DEFINITIONAL_REPRESENTATION('',(#1230),#1234);
#1230 = LINE('',#1231,#1232);
#1231 = CARTESIAN_POINT('',(0.,10.));
#1232 = VECTOR('',#1233,1.);
#1233 = DIRECTION('',(1.,0.));
#1234 = ( GEOMETRIC_REPRESENTATION_CONTEXT(2) 
PARAMETRIC_REPRESENTATION_CONTEXT() REPRESENTATION_CONTEXT('2D SPACE',''
  ) );
#1235 = ORIENTED_EDGE('',*,*,#1236,.F.);
#1236 = EDGE_CURVE('',#1163,#1214,#1237,.T.);
#1237 = SURFACE_CURVE('',#1238,(#1242,#1249),.PCURVE_S1.);
#1238 = LINE('',#1239,#1240);
#1239 = CARTESIAN_POINT('',(-520.15,-50.,3.92E+03));
#1240 = VECTOR('',#1241,1.);
#1241 = DIRECTION('',(-0.,1.,0.));
#1242 = PCURVE('',#1171,#1243);
#1243 = DEFINITIONAL_REPRESENTATION('',(#1244),#1248);
#1244 = LINE('',#1245,#1246);
#1245 = CARTESIAN_POINT('',(80.,0.));
#1246 = VECTOR('',#1247,1.);
#1247 = DIRECTION('',(0.,-1.));
#1248 = ( GEOMETRIC_REPRESENTATION_CONTEXT(2) 
PARAMETRIC_REPRESENTATION_CONTEXT() REPRESENTATION_CONTEXT('2D SPACE',''
  ) );
#1249 = PCURVE('',#1145,#1250);
#1250 = DEFINITIONAL_REPRESENTATION('',(#1251),#1255);
#1251 = LINE('',#1252,#1253);
#1252 = CARTESIAN_POINT('',(10.,0.));
#1253 = VECTOR('',#1254,1.);
#1254 = DIRECTION('',(0.,1.));
#1255 = ( GEOMETRIC_REPRESENTATION_CONTEXT(2) 
PARAMETRIC_REPRESENTATION_CONTEXT() REPRESENTATION_CONTEXT('2D SPACE',''
  ) );
#1256 = ADVANCED_FACE('',(#1257),#1063,.F.);
#1257 = FACE_BOUND('',#1258,.F.);
#1258 = EDGE_LOOP('',(#1259,#1280,#1281,#1302));
#1259 = ORIENTED_EDGE('',*,*,#1260,.F.);
#1260 = EDGE_CURVE('',#1041,#1161,#1261,.T.);
#1261 = SURFACE_CURVE('',#1262,(#1266,#1273),.PCURVE_S1.);
#1262 = LINE('',#1263,#1264);
#1263 = CARTESIAN_POINT('',(-530.15,-50.,3.84E+03));
#1264 = VECTOR('',#1265,1.);
#1265 = DIRECTION('',(1.,0.,-0.));
#1266 = PCURVE('',#1063,#1267);
#1267 = DEFINITIONAL_REPRESENTATION('',(#1268),#1272);
#1268 = LINE('',#1269,#1270);
#1269 = CARTESIAN_POINT('',(0.,0.));
#1270 = VECTOR('',#1271,1.);
#1271 = DIRECTION('',(0.,1.));
#1272 = ( GEOMETRIC_REPRESENTATION_CONTEXT(2) 
PARAMETRIC_REPRESENTATION_CONTEXT() REPRESENTATION_CONTEXT('2D SPACE',''
  ) );
#1273 = PCURVE('',#1091,#1274);
#1274 = DEFINITIONAL_REPRESENTATION('',(#1275),#1279);
#1275 = LINE('',#1276,#1277);
#1276 = CARTESIAN_POINT('',(0.,0.));
#1277 = VECTOR('',#1278,1.);
#1278 = DIRECTION('',(1.,0.));
#1279 = ( GEOMETRIC_REPRESENTATION_CONTEXT(2) 
PARAMETRIC_REPRESENTATION_CONTEXT() REPRESENTATION_CONTEXT('2D SPACE',''
  ) );
#1280 = ORIENTED_EDGE('',*,*,#1040,.T.);
#1281 = ORIENTED_EDGE('',*,*,#1282,.T.);
#1282 = EDGE_CURVE('',#1043,#1163,#1283,.T.);
#1283 = SURFACE_CURVE('',#1284,(#1288,#1295),.PCURVE_S1.);
#1284 = LINE('',#1285,#1286);
#1285 = CARTESIAN_POINT('',(-530.15,-50.,3.92E+03));
#1286 = VECTOR('',#1287,1.);
#1287 = DIRECTION('',(1.,0.,-0.));
#1288 = PCURVE('',#1063,#1289);
#1289 = DEFINITIONAL_REPRESENTATION('',(#1290),#1294);
#1290 = LINE('',#1291,#1292);
#1291 = CARTESIAN_POINT('',(80.,0.));
#1292 = VECTOR('',#1293,1.);
#1293 = DIRECTION('',(0.,1.));
#1294 = ( GEOMETRIC_REPRESENTATION_CONTEXT(2) 
PARAMETRIC_REPRESENTATION_CONTEXT() REPRESENTATION_CONTEXT('2D SPACE',''
  ) );
#1295 = PCURVE('',#1145,#1296);
#1296 = DEFINITIONAL_REPRESENTATION('',(#1297),#1301);
#1297 = LINE('',#1298,#1299);
#1298 = CARTESIAN_POINT('',(0.,0.));
#1299 = VECTOR('',#1300,1.);
#1300 = DIRECTION('',(1.,0.));
#1301 = ( GEOMETRIC_REPRESENTATION_CONTEXT(2) 
PARAMETRIC_REPRESENTATION_CONTEXT() REPRESENTATION_CONTEXT('2D SPACE',''
  ) );
#1302 = ORIENTED_EDGE('',*,*,#1160,.F.);
#1303 = ADVANCED_FACE('',(#1304),#1119,.T.);
#1304 = FACE_BOUND('',#1305,.T.);
#1305 = EDGE_LOOP('',(#1306,#1327,#1328,#1349));
#1306 = ORIENTED_EDGE('',*,*,#1307,.F.);
#1307 = EDGE_CURVE('',#1076,#1191,#1308,.T.);
#1308 = SURFACE_CURVE('',#1309,(#1313,#1320),.PCURVE_S1.);
#1309 = LINE('',#1310,#1311);
#1310 = CARTESIAN_POINT('',(-530.15,10.,3.84E+03));
#1311 = VECTOR('',#1312,1.);
#1312 = DIRECTION('',(1.,0.,-0.));
#1313 = PCURVE('',#1119,#1314);
#1314 = DEFINITIONAL_REPRESENTATION('',(#1315),#1319);
#1315 = LINE('',#1316,#1317);
#1316 = CARTESIAN_POINT('',(0.,0.));
#1317 = VECTOR('',#1318,1.);
#1318 = DIRECTION('',(0.,1.));
#1319 = ( GEOMETRIC_REPRESENTATION_CONTEXT(2) 
PARAMETRIC_REPRESENTATION_CONTEXT() REPRESENTATION_CONTEXT('2D SPACE',''
  ) );
#1320 = PCURVE('',#1091,#1321);
#1321 = DEFINITIONAL_REPRESENTATION('',(#1322),#1326);
#1322 = LINE('',#1323,#1324);
#1323 = CARTESIAN_POINT('',(0.,60.));
#1324 = VECTOR('',#1325,1.);
#1325 = DIRECTION('',(1.,0.));
#1326 = ( GEOMETRIC_REPRESENTATION_CONTEXT(2) 
PARAMETRIC_REPRESENTATION_CONTEXT() REPRESENTATION_CONTEXT('2D SPACE',''
  ) );
#1327 = ORIENTED_EDGE('',*,*,#1103,.T.);
#1328 = ORIENTED_EDGE('',*,*,#1329,.T.);
#1329 = EDGE_CURVE('',#1104,#1214,#1330,.T.);
#1330 = SURFACE_CURVE('',#1331,(#1335,#1342),.PCURVE_S1.);
#1331 = LINE('',#1332,#1333);
#1332 = CARTESIAN_POINT('',(-530.15,10.,3.92E+03));
#1333 = VECTOR('',#1334,1.);
#1334 = DIRECTION('',(1.,0.,-0.));
#1335 = PCURVE('',#1119,#1336);
#1336 = DEFINITIONAL_REPRESENTATION('',(#1337),#1341);
#1337 = LINE('',#1338,#1339);
#1338 = CARTESIAN_POINT('',(80.,0.));
#1339 = VECTOR('',#1340,1.);
#1340 = DIRECTION('',(0.,1.));
#1341 = ( GEOMETRIC_REPRESENTATION_CONTEXT(2) 
PARAMETRIC_REPRESENTATION_CONTEXT() REPRESENTATION_CONTEXT('2D SPACE',''
  ) );
#1342 = PCURVE('',#1145,#1343);
#1343 = DEFINITIONAL_REPRESENTATION('',(#1344),#1348);
#1344 = LINE('',#1345,#1346);
#1345 = CARTESIAN_POINT('',(0.,60.));
#1346 = VECTOR('',#1347,1.);
#1347 = DIRECTION('',(1.,0.));
#1348 = ( GEOMETRIC_REPRESENTATION_CONTEXT(2) 
PARAMETRIC_REPRESENTATION_CONTEXT() REPRESENTATION_CONTEXT('2D SPACE',''
  ) );
#1349 = ORIENTED_EDGE('',*,*,#1213,.F.);
#1350 = ADVANCED_FACE('',(#1351),#1091,.F.);
#1351 = FACE_BOUND('',#1352,.F.);
#1352 = EDGE_LOOP('',(#1353,#1354,#1355,#1356));
#1353 = ORIENTED_EDGE('',*,*,#1075,.F.);
#1354 = ORIENTED_EDGE('',*,*,#1260,.T.);
#1355 = ORIENTED_EDGE('',*,*,#1190,.T.);
#1356 = ORIENTED_EDGE('',*,*,#1307,.F.);
#1357 = ADVANCED_FACE('',(#1358),#1145,.T.);
#1358 = FACE_BOUND('',#1359,.T.);
#1359 = EDGE_LOOP('',(#1360,#1361,#1362,#1363));
#1360 = ORIENTED_EDGE('',*,*,#1131,.F.);
#1361 = ORIENTED_EDGE('',*,*,#1282,.T.);
#1362 = ORIENTED_EDGE('',*,*,#1236,.T.);
#1363 = ORIENTED_EDGE('',*,*,#1329,.F.);
#1364 = MANIFOLD_SOLID_BREP('',#1365);
#1365 = CLOSED_SHELL('',(#1366,#1486,#1586,#1633,#1680,#1687));
#1366 = ADVANCED_FACE('',(#1367),#1381,.F.);
#1367 = FACE_BOUND('',#1368,.F.);
#1368 = EDGE_LOOP('',(#1369,#1404,#1432,#1460));
#1369 = ORIENTED_EDGE('',*,*,#1370,.F.);
#1370 = EDGE_CURVE('',#1371,#1373,#1375,.T.);
#1371 = VERTEX_POINT('',#1372);
#1372 = CARTESIAN_POINT('',(-543.15,12.5,3.845E+03));
#1373 = VERTEX_POINT('',#1374);
#1374 = CARTESIAN_POINT('',(-543.15,12.5,3.915E+03));
#1375 = SURFACE_CURVE('',#1376,(#1380,#1392),.PCURVE_S1.);
#1376 = LINE('',#1377,#1378);
#1377 = CARTESIAN_POINT('',(-543.15,12.5,3.845E+03));
#1378 = VECTOR('',#1379,1.);
#1379 = DIRECTION('',(0.,0.,1.));
#1380 = PCURVE('',#1381,#1386);
#1381 = PLANE('',#1382);
#1382 = AXIS2_PLACEMENT_3D('',#1383,#1384,#1385);
#1383 = CARTESIAN_POINT('',(-543.15,12.5,3.845E+03));
#1384 = DIRECTION('',(1.,0.,-0.));
#1385 = DIRECTION('',(0.,0.,1.));
#1386 = DEFINITIONAL_REPRESENTATION('',(#1387),#1391);
#1387 = LINE('',#1388,#1389);
#1388 = CARTESIAN_POINT('',(0.,0.));
#1389 = VECTOR('',#1390,1.);
#1390 = DIRECTION('',(1.,0.));
#1391 = ( GEOMETRIC_REPRESENTATION_CONTEXT(2) 
PARAMETRIC_REPRESENTATION_CONTEXT() REPRESENTATION_CONTEXT('2D SPACE',''
  ) );
#1392 = PCURVE('',#1393,#1398);
#1393 = PLANE('',#1394);
#1394 = AXIS2_PLACEMENT_3D('',#1395,#1396,#1397);
#1395 = CARTESIAN_POINT('',(-543.15,12.5,3.845E+03));
#1396 = DIRECTION('',(-0.,1.,0.));
#1397 = DIRECTION('',(0.,0.,1.));
#1398 = DEFINITIONAL_REPRESENTATION('',(#1399),#1403);
#1399 = LINE('',#1400,#1401);
#1400 = CARTESIAN_POINT('',(0.,0.));
#1401 = VECTOR('',#1402,1.);
#1402 = DIRECTION('',(1.,0.));
#1403 = ( GEOMETRIC_REPRESENTATION_CONTEXT(2) 
PARAMETRIC_REPRESENTATION_CONTEXT() REPRESENTATION_CONTEXT('2D SPACE',''
  ) );
#1404 = ORIENTED_EDGE('',*,*,#1405,.T.);
#1405 = EDGE_CURVE('',#1371,#1406,#1408,.T.);
#1406 = VERTEX_POINT('',#1407);
#1407 = CARTESIAN_POINT('',(-543.15,57.5,3.845E+03));
#1408 = SURFACE_CURVE('',#1409,(#1413,#1420),.PCURVE_S1.);
#1409 = LINE('',#1410,#1411);
#1410 = CARTESIAN_POINT('',(-543.15,12.5,3.845E+03));
#1411 = VECTOR('',#1412,1.);
#1412 = DIRECTION('',(-0.,1.,0.));
#1413 = PCURVE('',#1381,#1414);
#1414 = DEFINITIONAL_REPRESENTATION('',(#1415),#1419);
#1415 = LINE('',#1416,#1417);
#1416 = CARTESIAN_POINT('',(0.,0.));
#1417 = VECTOR('',#1418,1.);
#1418 = DIRECTION('',(0.,-1.));
#1419 = ( GEOMETRIC_REPRESENTATION_CONTEXT(2) 
PARAMETRIC_REPRESENTATION_CONTEXT() REPRESENTATION_CONTEXT('2D SPACE',''
  ) );
#1420 = PCURVE('',#1421,#1426);
#1421 = PLANE('',#1422);
#1422 = AXIS2_PLACEMENT_3D('',#1423,#1424,#1425);
#1423 = CARTESIAN_POINT('',(-543.15,12.5,3.845E+03));
#1424 = DIRECTION('',(0.,0.,1.));
#1425 = DIRECTION('',(1.,0.,-0.));
#1426 = DEFINITIONAL_REPRESENTATION('',(#1427),#1431);
#1427 = LINE('',#1428,#1429);
#1428 = CARTESIAN_POINT('',(0.,0.));
#1429 = VECTOR('',#1430,1.);
#1430 = DIRECTION('',(0.,1.));
#1431 = ( GEOMETRIC_REPRESENTATION_CONTEXT(2) 
PARAMETRIC_REPRESENTATION_CONTEXT() REPRESENTATION_CONTEXT('2D SPACE',''
  ) );
#1432 = ORIENTED_EDGE('',*,*,#1433,.T.);
#1433 = EDGE_CURVE('',#1406,#1434,#1436,.T.);
#1434 = VERTEX_POINT('',#1435);
#1435 = CARTESIAN_POINT('',(-543.15,57.5,3.915E+03));
#1436 = SURFACE_CURVE('',#1437,(#1441,#1448),.PCURVE_S1.);
#1437 = LINE('',#1438,#1439);
#1438 = CARTESIAN_POINT('',(-543.15,57.5,3.845E+03));
#1439 = VECTOR('',#1440,1.);
#1440 = DIRECTION('',(0.,0.,1.));
#1441 = PCURVE('',#1381,#1442);
#1442 = DEFINITIONAL_REPRESENTATION('',(#1443),#1447);
#1443 = LINE('',#1444,#1445);
#1444 = CARTESIAN_POINT('',(0.,-45.));
#1445 = VECTOR('',#1446,1.);
#1446 = DIRECTION('',(1.,0.));
#1447 = ( GEOMETRIC_REPRESENTATION_CONTEXT(2) 
PARAMETRIC_REPRESENTATION_CONTEXT() REPRESENTATION_CONTEXT('2D SPACE',''
  ) );
#1448 = PCURVE('',#1449,#1454);
#1449 = PLANE('',#1450);
#1450 = AXIS2_PLACEMENT_3D('',#1451,#1452,#1453);
#1451 = CARTESIAN_POINT('',(-543.15,57.5,3.845E+03));
#1452 = DIRECTION('',(-0.,1.,0.));
#1453 = DIRECTION('',(0.,0.,1.));
#1454 = DEFINITIONAL_REPRESENTATION('',(#1455),#1459);
#1455 = LINE('',#1456,#1457);
#1456 = CARTESIAN_POINT('',(0.,0.));
#1457 = VECTOR('',#1458,1.);
#1458 = DIRECTION('',(1.,0.));
#1459 = ( GEOMETRIC_REPRESENTATION_CONTEXT(2) 
PARAMETRIC_REPRESENTATION_CONTEXT() REPRESENTATION_CONTEXT('2D SPACE',''
  ) );
#1460 = ORIENTED_EDGE('',*,*,#1461,.F.);
#1461 = EDGE_CURVE('',#1373,#1434,#1462,.T.);
#1462 = SURFACE_CURVE('',#1463,(#1467,#1474),.PCURVE_S1.);
#1463 = LINE('',#1464,#1465);
#1464 = CARTESIAN_POINT('',(-543.15,12.5,3.915E+03));
#1465 = VECTOR('',#1466,1.);
#1466 = DIRECTION('',(-0.,1.,0.));
#1467 = PCURVE('',#1381,#1468);
#1468 = DEFINITIONAL_REPRESENTATION('',(#1469),#1473);
#1469 = LINE('',#1470,#1471);
#1470 = CARTESIAN_POINT('',(70.,0.));
#1471 = VECTOR('',#1472,1.);
#1472 = DIRECTION('',(0.,-1.));
#1473 = ( GEOMETRIC_REPRESENTATION_CONTEXT(2) 
PARAMETRIC_REPRESENTATION_CONTEXT() REPRESENTATION_CONTEXT('2D SPACE',''
  ) );
#1474 = PCURVE('',#1475,#1480);
#1475 = PLANE('',#1476);
#1476 = AXIS2_PLACEMENT_3D('',#1477,#1478,#1479);
#1477 = CARTESIAN_POINT('',(-543.15,12.5,3.915E+03));
#1478 = DIRECTION('',(0.,0.,1.));
#1479 = DIRECTION('',(1.,0.,-0.));
#1480 = DEFINITIONAL_REPRESENTATION('',(#1481),#1485);
#1481 = LINE('',#1482,#1483);
#1482 = CARTESIAN_POINT('',(0.,0.));
#1483 = VECTOR('',#1484,1.);
#1484 = DIRECTION('',(0.,1.));
#1485 = ( GEOMETRIC_REPRESENTATION_CONTEXT(2) 
PARAMETRIC_REPRESENTATION_CONTEXT() REPRESENTATION_CONTEXT('2D SPACE',''
  ) );
#1486 = ADVANCED_FACE('',(#1487),#1501,.T.);
#1487 = FACE_BOUND('',#1488,.T.);
#1488 = EDGE_LOOP('',(#1489,#1519,#1542,#1565));
#1489 = ORIENTED_EDGE('',*,*,#1490,.F.);
#1490 = EDGE_CURVE('',#1491,#1493,#1495,.T.);
#1491 = VERTEX_POINT('',#1492);
#1492 = CARTESIAN_POINT('',(-535.15,12.5,3.845E+03));
#1493 = VERTEX_POINT('',#1494);
#1494 = CARTESIAN_POINT('',(-535.15,12.5,3.915E+03));
#1495 = SURFACE_CURVE('',#1496,(#1500,#1512),.PCURVE_S1.);
#1496 = LINE('',#1497,#1498);
#1497 = CARTESIAN_POINT('',(-535.15,12.5,3.845E+03));
#1498 = VECTOR('',#1499,1.);
#1499 = DIRECTION('',(0.,0.,1.));
#1500 = PCURVE('',#1501,#1506);
#1501 = PLANE('',#1502);
#1502 = AXIS2_PLACEMENT_3D('',#1503,#1504,#1505);
#1503 = CARTESIAN_POINT('',(-535.15,12.5,3.845E+03));
#1504 = DIRECTION('',(1.,0.,-0.));
#1505 = DIRECTION('',(0.,0.,1.));
#1506 = DEFINITIONAL_REPRESENTATION('',(#1507),#1511);
#1507 = LINE('',#1508,#1509);
#1508 = CARTESIAN_POINT('',(0.,0.));
#1509 = VECTOR('',#1510,1.);
#1510 = DIRECTION('',(1.,0.));
#1511 = ( GEOMETRIC_REPRESENTATION_CONTEXT(2) 
PARAMETRIC_REPRESENTATION_CONTEXT() REPRESENTATION_CONTEXT('2D SPACE',''
  ) );
#1512 = PCURVE('',#1393,#1513);
#1513 = DEFINITIONAL_REPRESENTATION('',(#1514),#1518);
#1514 = LINE('',#1515,#1516);
#1515 = CARTESIAN_POINT('',(0.,8.));
#1516 = VECTOR('',#1517,1.);
#1517 = DIRECTION('',(1.,0.));
#1518 = ( GEOMETRIC_REPRESENTATION_CONTEXT(2) 
PARAMETRIC_REPRESENTATION_CONTEXT() REPRESENTATION_CONTEXT('2D SPACE',''
  ) );
#1519 = ORIENTED_EDGE('',*,*,#1520,.T.);
#1520 = EDGE_CURVE('',#1491,#1521,#1523,.T.);
#1521 = VERTEX_POINT('',#1522);
#1522 = CARTESIAN_POINT('',(-535.15,57.5,3.845E+03));
#1523 = SURFACE_CURVE('',#1524,(#1528,#1535),.PCURVE_S1.);
#1524 = LINE('',#1525,#1526);
#1525 = CARTESIAN_POINT('',(-535.15,12.5,3.845E+03));
#1526 = VECTOR('',#1527,1.);
#1527 = DIRECTION('',(-0.,1.,0.));
#1528 = PCURVE('',#1501,#1529);
#1529 = DEFINITIONAL_REPRESENTATION('',(#1530),#1534);
#1530 = LINE('',#1531,#1532);
#1531 = CARTESIAN_POINT('',(0.,0.));
#1532 = VECTOR('',#1533,1.);
#1533 = DIRECTION('',(0.,-1.));
#1534 = ( GEOMETRIC_REPRESENTATION_CONTEXT(2) 
PARAMETRIC_REPRESENTATION_CONTEXT() REPRESENTATION_CONTEXT('2D SPACE',''
  ) );
#1535 = PCURVE('',#1421,#1536);
#1536 = DEFINITIONAL_REPRESENTATION('',(#1537),#1541);
#1537 = LINE('',#1538,#1539);
#1538 = CARTESIAN_POINT('',(8.,0.));
#1539 = VECTOR('',#1540,1.);
#1540 = DIRECTION('',(0.,1.));
#1541 = ( GEOMETRIC_REPRESENTATION_CONTEXT(2) 
PARAMETRIC_REPRESENTATION_CONTEXT() REPRESENTATION_CONTEXT('2D SPACE',''
  ) );
#1542 = ORIENTED_EDGE('',*,*,#1543,.T.);
#1543 = EDGE_CURVE('',#1521,#1544,#1546,.T.);
#1544 = VERTEX_POINT('',#1545);
#1545 = CARTESIAN_POINT('',(-535.15,57.5,3.915E+03));
#1546 = SURFACE_CURVE('',#1547,(#1551,#1558),.PCURVE_S1.);
#1547 = LINE('',#1548,#1549);
#1548 = CARTESIAN_POINT('',(-535.15,57.5,3.845E+03));
#1549 = VECTOR('',#1550,1.);
#1550 = DIRECTION('',(0.,0.,1.));
#1551 = PCURVE('',#1501,#1552);
#1552 = DEFINITIONAL_REPRESENTATION('',(#1553),#1557);
#1553 = LINE('',#1554,#1555);
#1554 = CARTESIAN_POINT('',(0.,-45.));
#1555 = VECTOR('',#1556,1.);
#1556 = DIRECTION('',(1.,0.));
#1557 = ( GEOMETRIC_REPRESENTATION_CONTEXT(2) 
PARAMETRIC_REPRESENTATION_CONTEXT() REPRESENTATION_CONTEXT('2D SPACE',''
  ) );
#1558 = PCURVE('',#1449,#1559);
#1559 = DEFINITIONAL_REPRESENTATION('',(#1560),#1564);
#1560 = LINE('',#1561,#1562);
#1561 = CARTESIAN_POINT('',(0.,8.));
#1562 = VECTOR('',#1563,1.);
#1563 = DIRECTION('',(1.,0.));
#1564 = ( GEOMETRIC_REPRESENTATION_CONTEXT(2) 
PARAMETRIC_REPRESENTATION_CONTEXT() REPRESENTATION_CONTEXT('2D SPACE',''
  ) );
#1565 = ORIENTED_EDGE('',*,*,#1566,.F.);
#1566 = EDGE_CURVE('',#1493,#1544,#1567,.T.);
#1567 = SURFACE_CURVE('',#1568,(#1572,#1579),.PCURVE_S1.);
#1568 = LINE('',#1569,#1570);
#1569 = CARTESIAN_POINT('',(-535.15,12.5,3.915E+03));
#1570 = VECTOR('',#1571,1.);
#1571 = DIRECTION('',(-0.,1.,0.));
#1572 = PCURVE('',#1501,#1573);
#1573 = DEFINITIONAL_REPRESENTATION('',(#1574),#1578);
#1574 = LINE('',#1575,#1576);
#1575 = CARTESIAN_POINT('',(70.,0.));
#1576 = VECTOR('',#1577,1.);
#1577 = DIRECTION('',(0.,-1.));
#1578 = ( GEOMETRIC_REPRESENTATION_CONTEXT(2) 
PARAMETRIC_REPRESENTATION_CONTEXT() REPRESENTATION_CONTEXT('2D SPACE',''
  ) );
#1579 = PCURVE('',#1475,#1580);
#1580 = DEFINITIONAL_REPRESENTATION('',(#1581),#1585);
#1581 = LINE('',#1582,#1583);
#1582 = CARTESIAN_POINT('',(8.,0.));
#1583 = VECTOR('',#1584,1.);
#1584 = DIRECTION('',(0.,1.));
#1585 = ( GEOMETRIC_REPRESENTATION_CONTEXT(2) 
PARAMETRIC_REPRESENTATION_CONTEXT() REPRESENTATION_CONTEXT('2D SPACE',''
  ) );
#1586 = ADVANCED_FACE('',(#1587),#1393,.F.);
#1587 = FACE_BOUND('',#1588,.F.);
#1588 = EDGE_LOOP('',(#1589,#1610,#1611,#1632));
#1589 = ORIENTED_EDGE('',*,*,#1590,.F.);
#1590 = EDGE_CURVE('',#1371,#1491,#1591,.T.);
#1591 = SURFACE_CURVE('',#1592,(#1596,#1603),.PCURVE_S1.);
#1592 = LINE('',#1593,#1594);
#1593 = CARTESIAN_POINT('',(-543.15,12.5,3.845E+03));
#1594 = VECTOR('',#1595,1.);
#1595 = DIRECTION('',(1.,0.,-0.));
#1596 = PCURVE('',#1393,#1597);
#1597 = DEFINITIONAL_REPRESENTATION('',(#1598),#1602);
#1598 = LINE('',#1599,#1600);
#1599 = CARTESIAN_POINT('',(0.,0.));
#1600 = VECTOR('',#1601,1.);
#1601 = DIRECTION('',(0.,1.));
#1602 = ( GEOMETRIC_REPRESENTATION_CONTEXT(2) 
PARAMETRIC_REPRESENTATION_CONTEXT() REPRESENTATION_CONTEXT('2D SPACE',''
  ) );
#1603 = PCURVE('',#1421,#1604);
#1604 = DEFINITIONAL_REPRESENTATION('',(#1605),#1609);
#1605 = LINE('',#1606,#1607);
#1606 = CARTESIAN_POINT('',(0.,0.));
#1607 = VECTOR('',#1608,1.);
#1608 = DIRECTION('',(1.,0.));
#1609 = ( GEOMETRIC_REPRESENTATION_CONTEXT(2) 
PARAMETRIC_REPRESENTATION_CONTEXT() REPRESENTATION_CONTEXT('2D SPACE',''
  ) );
#1610 = ORIENTED_EDGE('',*,*,#1370,.T.);
#1611 = ORIENTED_EDGE('',*,*,#1612,.T.);
#1612 = EDGE_CURVE('',#1373,#1493,#1613,.T.);
#1613 = SURFACE_CURVE('',#1614,(#1618,#1625),.PCURVE_S1.);
#1614 = LINE('',#1615,#1616);
#1615 = CARTESIAN_POINT('',(-543.15,12.5,3.915E+03));
#1616 = VECTOR('',#1617,1.);
#1617 = DIRECTION('',(1.,0.,-0.));
#1618 = PCURVE('',#1393,#1619);
#1619 = DEFINITIONAL_REPRESENTATION('',(#1620),#1624);
#1620 = LINE('',#1621,#1622);
#1621 = CARTESIAN_POINT('',(70.,0.));
#1622 = VECTOR('',#1623,1.);
#1623 = DIRECTION('',(0.,1.));
#1624 = ( GEOMETRIC_REPRESENTATION_CONTEXT(2) 
PARAMETRIC_REPRESENTATION_CONTEXT() REPRESENTATION_CONTEXT('2D SPACE',''
  ) );
#1625 = PCURVE('',#1475,#1626);
#1626 = DEFINITIONAL_REPRESENTATION('',(#1627),#1631);
#1627 = LINE('',#1628,#1629);
#1628 = CARTESIAN_POINT('',(0.,0.));
#1629 = VECTOR('',#1630,1.);
#1630 = DIRECTION('',(1.,0.));
#1631 = ( GEOMETRIC_REPRESENTATION_CONTEXT(2) 
PARAMETRIC_REPRESENTATION_CONTEXT() REPRESENTATION_CONTEXT('2D SPACE',''
  ) );
#1632 = ORIENTED_EDGE('',*,*,#1490,.F.);
#1633 = ADVANCED_FACE('',(#1634),#1449,.T.);
#1634 = FACE_BOUND('',#1635,.T.);
#1635 = EDGE_LOOP('',(#1636,#1657,#1658,#1679));
#1636 = ORIENTED_EDGE('',*,*,#1637,.F.);
#1637 = EDGE_CURVE('',#1406,#1521,#1638,.T.);
#1638 = SURFACE_CURVE('',#1639,(#1643,#1650),.PCURVE_S1.);
#1639 = LINE('',#1640,#1641);
#1640 = CARTESIAN_POINT('',(-543.15,57.5,3.845E+03));
#1641 = VECTOR('',#1642,1.);
#1642 = DIRECTION('',(1.,0.,-0.));
#1643 = PCURVE('',#1449,#1644);
#1644 = DEFINITIONAL_REPRESENTATION('',(#1645),#1649);
#1645 = LINE('',#1646,#1647);
#1646 = CARTESIAN_POINT('',(0.,0.));
#1647 = VECTOR('',#1648,1.);
#1648 = DIRECTION('',(0.,1.));
#1649 = ( GEOMETRIC_REPRESENTATION_CONTEXT(2) 
PARAMETRIC_REPRESENTATION_CONTEXT() REPRESENTATION_CONTEXT('2D SPACE',''
  ) );
#1650 = PCURVE('',#1421,#1651);
#1651 = DEFINITIONAL_REPRESENTATION('',(#1652),#1656);
#1652 = LINE('',#1653,#1654);
#1653 = CARTESIAN_POINT('',(0.,45.));
#1654 = VECTOR('',#1655,1.);
#1655 = DIRECTION('',(1.,0.));
#1656 = ( GEOMETRIC_REPRESENTATION_CONTEXT(2) 
PARAMETRIC_REPRESENTATION_CONTEXT() REPRESENTATION_CONTEXT('2D SPACE',''
  ) );
#1657 = ORIENTED_EDGE('',*,*,#1433,.T.);
#1658 = ORIENTED_EDGE('',*,*,#1659,.T.);
#1659 = EDGE_CURVE('',#1434,#1544,#1660,.T.);
#1660 = SURFACE_CURVE('',#1661,(#1665,#1672),.PCURVE_S1.);
#1661 = LINE('',#1662,#1663);
#1662 = CARTESIAN_POINT('',(-543.15,57.5,3.915E+03));
#1663 = VECTOR('',#1664,1.);
#1664 = DIRECTION('',(1.,0.,-0.));
#1665 = PCURVE('',#1449,#1666);
#1666 = DEFINITIONAL_REPRESENTATION('',(#1667),#1671);
#1667 = LINE('',#1668,#1669);
#1668 = CARTESIAN_POINT('',(70.,0.));
#1669 = VECTOR('',#1670,1.);
#1670 = DIRECTION('',(0.,1.));
#1671 = ( GEOMETRIC_REPRESENTATION_CONTEXT(2) 
PARAMETRIC_REPRESENTATION_CONTEXT() REPRESENTATION_CONTEXT('2D SPACE',''
  ) );
#1672 = PCURVE('',#1475,#1673);
#1673 = DEFINITIONAL_REPRESENTATION('',(#1674),#1678);
#1674 = LINE('',#1675,#1676);
#1675 = CARTESIAN_POINT('',(0.,45.));
#1676 = VECTOR('',#1677,1.);
#1677 = DIRECTION('',(1.,0.));
#1678 = ( GEOMETRIC_REPRESENTATION_CONTEXT(2) 
PARAMETRIC_REPRESENTATION_CONTEXT() REPRESENTATION_CONTEXT('2D SPACE',''
  ) );
#1679 = ORIENTED_EDGE('',*,*,#1543,.F.);
#1680 = ADVANCED_FACE('',(#1681),#1421,.F.);
#1681 = FACE_BOUND('',#1682,.F.);
#1682 = EDGE_LOOP('',(#1683,#1684,#1685,#1686));
#1683 = ORIENTED_EDGE('',*,*,#1405,.F.);
#1684 = ORIENTED_EDGE('',*,*,#1590,.T.);
#1685 = ORIENTED_EDGE('',*,*,#1520,.T.);
#1686 = ORIENTED_EDGE('',*,*,#1637,.F.);
#1687 = ADVANCED_FACE('',(#1688),#1475,.T.);
#1688 = FACE_BOUND('',#1689,.T.);
#1689 = EDGE_LOOP('',(#1690,#1691,#1692,#1693));
#1690 = ORIENTED_EDGE('',*,*,#1461,.F.);
#1691 = ORIENTED_EDGE('',*,*,#1612,.T.);
#1692 = ORIENTED_EDGE('',*,*,#1566,.T.);
#1693 = ORIENTED_EDGE('',*,*,#1659,.F.);
#1694 = ( GEOMETRIC_REPRESENTATION_CONTEXT(3) 
GLOBAL_UNCERTAINTY_ASSIGNED_CONTEXT((#1698)) 
GLOBAL_UNIT_ASSIGNED_CONTEXT((#1695,#1696,#1697)) REPRESENTATION_CONTEXT
('Context #1','3D Context with UNIT and UNCERTAINTY') );
#1695 = ( LENGTH_UNIT() NAMED_UNIT(*) SI_UNIT(.MILLI.,.METRE.) );
#1696 = ( NAMED_UNIT(*) PLANE_ANGLE_UNIT() SI_UNIT($,.RADIAN.) );
#1697 = ( NAMED_UNIT(*) SI_UNIT($,.STERADIAN.) SOLID_ANGLE_UNIT() );
#1698 = UNCERTAINTY_MEASURE_WITH_UNIT(LENGTH_MEASURE(1.E-07),#1695,
  'distance_accuracy_value','confusion accuracy');
#1699 = CONTEXT_DEPENDENT_SHAPE_REPRESENTATION(#1700,#1702);
#1700 = ( REPRESENTATION_RELATIONSHIP('','',#1033,#10) 
REPRESENTATION_RELATIONSHIP_WITH_TRANSFORMATION(#1701) 
SHAPE_REPRESENTATION_RELATIONSHIP() );
#1701 = ITEM_DEFINED_TRANSFORMATION('','',#11,#19);
#1702 = PRODUCT_DEFINITION_SHAPE('Placement','Placement of an item',
  #1703);
#1703 = NEXT_ASSEMBLY_USAGE_OCCURRENCE('2','=>[0:1:1:3]','',#5,#1028,$);
#1704 = PRODUCT_RELATED_PRODUCT_CATEGORY('part',$,(#1030));
#1705 = SHAPE_DEFINITION_REPRESENTATION(#1706,#1712);
#1706 = PRODUCT_DEFINITION_SHAPE('','',#1707);
#1707 = PRODUCT_DEFINITION('design','',#1708,#1711);
#1708 = PRODUCT_DEFINITION_FORMATION('','',#1709);
#1709 = PRODUCT('COMPOUND','COMPOUND','',(#1710));
#1710 = PRODUCT_CONTEXT('',#2,'mechanical');
#1711 = PRODUCT_DEFINITION_CONTEXT('part definition',#2,'design');
#1712 = SHAPE_REPRESENTATION('',(#11,#1713,#1811),#1909);
#1713 = MANIFOLD_SOLID_BREP('',#1714);
#1714 = CLOSED_SHELL('',(#1715,#1803,#1807));
#1715 = ADVANCED_FACE('',(#1716),#1729,.T.);
#1716 = FACE_BOUND('',#1717,.T.);
#1717 = EDGE_LOOP('',(#1718,#1752,#1775,#1802));
#1718 = ORIENTED_EDGE('',*,*,#1719,.F.);
#1719 = EDGE_CURVE('',#1720,#1720,#1722,.T.);
#1720 = VERTEX_POINT('',#1721);
#1721 = CARTESIAN_POINT('',(-557.15,-35.,3.773E+03));
#1722 = SURFACE_CURVE('',#1723,(#1728,#1740),.PCURVE_S1.);
#1723 = CIRCLE('',#1724,16.);
#1724 = AXIS2_PLACEMENT_3D('',#1725,#1726,#1727);
#1725 = CARTESIAN_POINT('',(-573.15,-35.,3.773E+03));
#1726 = DIRECTION('',(0.,-1.,2.22044604925E-16));
#1727 = DIRECTION('',(1.,0.,0.));
#1728 = PCURVE('',#1729,#1734);
#1729 = CYLINDRICAL_SURFACE('',#1730,16.);
#1730 = AXIS2_PLACEMENT_3D('',#1731,#1732,#1733);
#1731 = CARTESIAN_POINT('',(-573.15,35.,3.773E+03));
#1732 = DIRECTION('',(0.,-1.,2.22044604925E-16));
#1733 = DIRECTION('',(1.,0.,0.));
#1734 = DEFINITIONAL_REPRESENTATION('',(#1735),#1739);
#1735 = LINE('',#1736,#1737);
#1736 = CARTESIAN_POINT('',(0.,70.));
#1737 = VECTOR('',#1738,1.);
#1738 = DIRECTION('',(1.,0.));
#1739 = ( GEOMETRIC_REPRESENTATION_CONTEXT(2) 
PARAMETRIC_REPRESENTATION_CONTEXT() REPRESENTATION_CONTEXT('2D SPACE',''
  ) );
#1740 = PCURVE('',#1741,#1746);
#1741 = PLANE('',#1742);
#1742 = AXIS2_PLACEMENT_3D('',#1743,#1744,#1745);
#1743 = CARTESIAN_POINT('',(-573.15,-35.,3.773E+03));
#1744 = DIRECTION('',(0.,-1.,2.22044604925E-16));
#1745 = DIRECTION('',(1.,0.,0.));
#1746 = DEFINITIONAL_REPRESENTATION('',(#1747),#1751);
#1747 = CIRCLE('',#1748,16.);
#1748 = AXIS2_PLACEMENT_2D('',#1749,#1750);
#1749 = CARTESIAN_POINT('',(0.,0.));
#1750 = DIRECTION('',(1.,0.));
#1751 = ( GEOMETRIC_REPRESENTATION_CONTEXT(2) 
PARAMETRIC_REPRESENTATION_CONTEXT() REPRESENTATION_CONTEXT('2D SPACE',''
  ) );
#1752 = ORIENTED_EDGE('',*,*,#1753,.F.);
#1753 = EDGE_CURVE('',#1754,#1720,#1756,.T.);
#1754 = VERTEX_POINT('',#1755);
#1755 = CARTESIAN_POINT('',(-557.15,35.,3.773E+03));
#1756 = SEAM_CURVE('',#1757,(#1761,#1768),.PCURVE_S1.);
#1757 = LINE('',#1758,#1759);
#1758 = CARTESIAN_POINT('',(-557.15,35.,3.773E+03));
#1759 = VECTOR('',#1760,1.);
#1760 = DIRECTION('',(0.,-1.,2.22044604925E-16));
#1761 = PCURVE('',#1729,#1762);
#1762 = DEFINITIONAL_REPRESENTATION('',(#1763),#1767);
#1763 = LINE('',#1764,#1765);
#1764 = CARTESIAN_POINT('',(6.28318530718,-0.));
#1765 = VECTOR('',#1766,1.);
#1766 = DIRECTION('',(0.,1.));
#1767 = ( GEOMETRIC_REPRESENTATION_CONTEXT(2) 
PARAMETRIC_REPRESENTATION_CONTEXT() REPRESENTATION_CONTEXT('2D SPACE',''
  ) );
#1768 = PCURVE('',#1729,#1769);
#1769 = DEFINITIONAL_REPRESENTATION('',(#1770),#1774);
#1770 = LINE('',#1771,#1772);
#1771 = CARTESIAN_POINT('',(0.,-0.));
#1772 = VECTOR('',#1773,1.);
#1773 = DIRECTION('',(0.,1.));
#1774 = ( GEOMETRIC_REPRESENTATION_CONTEXT(2) 
PARAMETRIC_REPRESENTATION_CONTEXT() REPRESENTATION_CONTEXT('2D SPACE',''
  ) );
#1775 = ORIENTED_EDGE('',*,*,#1776,.T.);
#1776 = EDGE_CURVE('',#1754,#1754,#1777,.T.);
#1777 = SURFACE_CURVE('',#1778,(#1783,#1790),.PCURVE_S1.);
#1778 = CIRCLE('',#1779,16.);
#1779 = AXIS2_PLACEMENT_3D('',#1780,#1781,#1782);
#1780 = CARTESIAN_POINT('',(-573.15,35.,3.773E+03));
#1781 = DIRECTION('',(0.,-1.,2.22044604925E-16));
#1782 = DIRECTION('',(1.,0.,0.));
#1783 = PCURVE('',#1729,#1784);
#1784 = DEFINITIONAL_REPRESENTATION('',(#1785),#1789);
#1785 = LINE('',#1786,#1787);
#1786 = CARTESIAN_POINT('',(0.,0.));
#1787 = VECTOR('',#1788,1.);
#1788 = DIRECTION('',(1.,0.));
#1789 = ( GEOMETRIC_REPRESENTATION_CONTEXT(2) 
PARAMETRIC_REPRESENTATION_CONTEXT() REPRESENTATION_CONTEXT('2D SPACE',''
  ) );
#1790 = PCURVE('',#1791,#1796);
#1791 = PLANE('',#1792);
#1792 = AXIS2_PLACEMENT_3D('',#1793,#1794,#1795);
#1793 = CARTESIAN_POINT('',(-573.15,35.,3.773E+03));
#1794 = DIRECTION('',(0.,-1.,2.22044604925E-16));
#1795 = DIRECTION('',(1.,0.,0.));
#1796 = DEFINITIONAL_REPRESENTATION('',(#1797),#1801);
#1797 = CIRCLE('',#1798,16.);
#1798 = AXIS2_PLACEMENT_2D('',#1799,#1800);
#1799 = CARTESIAN_POINT('',(0.,0.));
#1800 = DIRECTION('',(1.,0.));
#1801 = ( GEOMETRIC_REPRESENTATION_CONTEXT(2) 
PARAMETRIC_REPRESENTATION_CONTEXT() REPRESENTATION_CONTEXT('2D SPACE',''
  ) );
#1802 = ORIENTED_EDGE('',*,*,#1753,.T.);
#1803 = ADVANCED_FACE('',(#1804),#1741,.T.);
#1804 = FACE_BOUND('',#1805,.T.);
#1805 = EDGE_LOOP('',(#1806));
#1806 = ORIENTED_EDGE('',*,*,#1719,.T.);
#1807 = ADVANCED_FACE('',(#1808),#1791,.F.);
#1808 = FACE_BOUND('',#1809,.T.);
#1809 = EDGE_LOOP('',(#1810));
#1810 = ORIENTED_EDGE('',*,*,#1776,.F.);
#1811 = MANIFOLD_SOLID_BREP('',#1812);
#1812 = CLOSED_SHELL('',(#1813,#1901,#1905));
#1813 = ADVANCED_FACE('',(#1814),#1827,.T.);
#1814 = FACE_BOUND('',#1815,.T.);
#1815 = EDGE_LOOP('',(#1816,#1850,#1873,#1900));
#1816 = ORIENTED_EDGE('',*,*,#1817,.F.);
#1817 = EDGE_CURVE('',#1818,#1818,#1820,.T.);
#1818 = VERTEX_POINT('',#1819);
#1819 = CARTESIAN_POINT('',(-521.15,-35.,3.773E+03));
#1820 = SURFACE_CURVE('',#1821,(#1826,#1838),.PCURVE_S1.);
#1821 = CIRCLE('',#1822,16.);
#1822 = AXIS2_PLACEMENT_3D('',#1823,#1824,#1825);
#1823 = CARTESIAN_POINT('',(-537.15,-35.,3.773E+03));
#1824 = DIRECTION('',(0.,-1.,2.22044604925E-16));
#1825 = DIRECTION('',(1.,0.,0.));
#1826 = PCURVE('',#1827,#1832);
#1827 = CYLINDRICAL_SURFACE('',#1828,16.);
#1828 = AXIS2_PLACEMENT_3D('',#1829,#1830,#1831);
#1829 = CARTESIAN_POINT('',(-537.15,35.,3.773E+03));
#1830 = DIRECTION('',(0.,-1.,2.22044604925E-16));
#1831 = DIRECTION('',(1.,0.,0.));
#1832 = DEFINITIONAL_REPRESENTATION('',(#1833),#1837);
#1833 = LINE('',#1834,#1835);
#1834 = CARTESIAN_POINT('',(0.,70.));
#1835 = VECTOR('',#1836,1.);
#1836 = DIRECTION('',(1.,0.));
#1837 = ( GEOMETRIC_REPRESENTATION_CONTEXT(2) 
PARAMETRIC_REPRESENTATION_CONTEXT() REPRESENTATION_CONTEXT('2D SPACE',''
  ) );
#1838 = PCURVE('',#1839,#1844);
#1839 = PLANE('',#1840);
#1840 = AXIS2_PLACEMENT_3D('',#1841,#1842,#1843);
#1841 = CARTESIAN_POINT('',(-537.15,-35.,3.773E+03));
#1842 = DIRECTION('',(0.,-1.,2.22044604925E-16));
#1843 = DIRECTION('',(1.,0.,0.));
#1844 = DEFINITIONAL_REPRESENTATION('',(#1845),#1849);
#1845 = CIRCLE('',#1846,16.);
#1846 = AXIS2_PLACEMENT_2D('',#1847,#1848);
#1847 = CARTESIAN_POINT('',(0.,0.));
#1848 = DIRECTION('',(1.,0.));
#1849 = ( GEOMETRIC_REPRESENTATION_CONTEXT(2) 
PARAMETRIC_REPRESENTATION_CONTEXT() REPRESENTATION_CONTEXT('2D SPACE',''
  ) );
#1850 = ORIENTED_EDGE('',*,*,#1851,.F.);
#1851 = EDGE_CURVE('',#1852,#1818,#1854,.T.);
#1852 = VERTEX_POINT('',#1853);
#1853 = CARTESIAN_POINT('',(-521.15,35.,3.773E+03));
#1854 = SEAM_CURVE('',#1855,(#1859,#1866),.PCURVE_S1.);
#1855 = LINE('',#1856,#1857);
#1856 = CARTESIAN_POINT('',(-521.15,35.,3.773E+03));
#1857 = VECTOR('',#1858,1.);
#1858 = DIRECTION('',(0.,-1.,2.22044604925E-16));
#1859 = PCURVE('',#1827,#1860);
#1860 = DEFINITIONAL_REPRESENTATION('',(#1861),#1865);
#1861 = LINE('',#1862,#1863);
#1862 = CARTESIAN_POINT('',(6.28318530718,-0.));
#1863 = VECTOR('',#1864,1.);
#1864 = DIRECTION('',(0.,1.));
#1865 = ( GEOMETRIC_REPRESENTATION_CONTEXT(2) 
PARAMETRIC_REPRESENTATION_CONTEXT() REPRESENTATION_CONTEXT('2D SPACE',''
  ) );
#1866 = PCURVE('',#1827,#1867);
#1867 = DEFINITIONAL_REPRESENTATION('',(#1868),#1872);
#1868 = LINE('',#1869,#1870);
#1869 = CARTESIAN_POINT('',(0.,-0.));
#1870 = VECTOR('',#1871,1.);
#1871 = DIRECTION('',(0.,1.));
#1872 = ( GEOMETRIC_REPRESENTATION_CONTEXT(2) 
PARAMETRIC_REPRESENTATION_CONTEXT() REPRESENTATION_CONTEXT('2D SPACE',''
  ) );
#1873 = ORIENTED_EDGE('',*,*,#1874,.T.);
#1874 = EDGE_CURVE('',#1852,#1852,#1875,.T.);
#1875 = SURFACE_CURVE('',#1876,(#1881,#1888),.PCURVE_S1.);
#1876 = CIRCLE('',#1877,16.);
#1877 = AXIS2_PLACEMENT_3D('',#1878,#1879,#1880);
#1878 = CARTESIAN_POINT('',(-537.15,35.,3.773E+03));
#1879 = DIRECTION('',(0.,-1.,2.22044604925E-16));
#1880 = DIRECTION('',(1.,0.,0.));
#1881 = PCURVE('',#1827,#1882);
#1882 = DEFINITIONAL_REPRESENTATION('',(#1883),#1887);
#1883 = LINE('',#1884,#1885);
#1884 = CARTESIAN_POINT('',(0.,0.));
#1885 = VECTOR('',#1886,1.);
#1886 = DIRECTION('',(1.,0.));
#1887 = ( GEOMETRIC_REPRESENTATION_CONTEXT(2) 
PARAMETRIC_REPRESENTATION_CONTEXT() REPRESENTATION_CONTEXT('2D SPACE',''
  ) );
#1888 = PCURVE('',#1889,#1894);
#1889 = PLANE('',#1890);
#1890 = AXIS2_PLACEMENT_3D('',#1891,#1892,#1893);
#1891 = CARTESIAN_POINT('',(-537.15,35.,3.773E+03));
#1892 = DIRECTION('',(0.,-1.,2.22044604925E-16));
#1893 = DIRECTION('',(1.,0.,0.));
#1894 = DEFINITIONAL_REPRESENTATION('',(#1895),#1899);
#1895 = CIRCLE('',#1896,16.);
#1896 = AXIS2_PLACEMENT_2D('',#1897,#1898);
#1897 = CARTESIAN_POINT('',(0.,0.));
#1898 = DIRECTION('',(1.,0.));
#1899 = ( GEOMETRIC_REPRESENTATION_CONTEXT(2) 
PARAMETRIC_REPRESENTATION_CONTEXT() REPRESENTATION_CONTEXT('2D SPACE',''
  ) );
#1900 = ORIENTED_EDGE('',*,*,#1851,.T.);
#1901 = ADVANCED_FACE('',(#1902),#1839,.T.);
#1902 = FACE_BOUND('',#1903,.T.);
#1903 = EDGE_LOOP('',(#1904));
#1904 = ORIENTED_EDGE('',*,*,#1817,.T.);
#1905 = ADVANCED_FACE('',(#1906),#1889,.F.);
#1906 = FACE_BOUND('',#1907,.T.);
#1907 = EDGE_LOOP('',(#1908));
#1908 = ORIENTED_EDGE('',*,*,#1874,.F.);
#1909 = ( GEOMETRIC_REPRESENTATION_CONTEXT(3) 
GLOBAL_UNCERTAINTY_ASSIGNED_CONTEXT((#1913)) 
GLOBAL_UNIT_ASSIGNED_CONTEXT((#1910,#1911,#1912)) REPRESENTATION_CONTEXT
('Context #1','3D Context with UNIT and UNCERTAINTY') );
#1910 = ( LENGTH_UNIT() NAMED_UNIT(*) SI_UNIT(.MILLI.,.METRE.) );
#1911 = ( NAMED_UNIT(*) PLANE_ANGLE_UNIT() SI_UNIT($,.RADIAN.) );
#1912 = ( NAMED_UNIT(*) SI_UNIT($,.STERADIAN.) SOLID_ANGLE_UNIT() );
#1913 = UNCERTAINTY_MEASURE_WITH_UNIT(LENGTH_MEASURE(1.E-07),#1910,
  'distance_accuracy_value','confusion accuracy');
#1914 = CONTEXT_DEPENDENT_SHAPE_REPRESENTATION(#1915,#1917);
#1915 = ( REPRESENTATION_RELATIONSHIP('','',#1712,#10) 
REPRESENTATION_RELATIONSHIP_WITH_TRANSFORMATION(#1916) 
SHAPE_REPRESENTATION_RELATIONSHIP() );
#1916 = ITEM_DEFINED_TRANSFORMATION('','',#11,#23);
#1917 = PRODUCT_DEFINITION_SHAPE('Placement','Placement of an item',
  #1918);
#1918 = NEXT_ASSEMBLY_USAGE_OCCURRENCE('3','=>[0:1:1:4]','',#5,#1707,$);
#1919 = PRODUCT_RELATED_PRODUCT_CATEGORY('part',$,(#1709));
#1920 = SHAPE_DEFINITION_REPRESENTATION(#1921,#1927);
#1921 = PRODUCT_DEFINITION_SHAPE('','',#1922);
#1922 = PRODUCT_DEFINITION('design','',#1923,#1926);
#1923 = PRODUCT_DEFINITION_FORMATION('','',#1924);
#1924 = PRODUCT('COMPOUND','COMPOUND','',(#1925));
#1925 = PRODUCT_CONTEXT('',#2,'mechanical');
#1926 = PRODUCT_DEFINITION_CONTEXT('part definition',#2,'design');
#1927 = ADVANCED_BREP_SHAPE_REPRESENTATION('',(#11,#1928),#2258);
#1928 = MANIFOLD_SOLID_BREP('',#1929);
#1929 = CLOSED_SHELL('',(#1930,#2050,#2150,#2197,#2244,#2251));
#1930 = ADVANCED_FACE('',(#1931),#1945,.F.);
#1931 = FACE_BOUND('',#1932,.F.);
#1932 = EDGE_LOOP('',(#1933,#1968,#1996,#2024));
#1933 = ORIENTED_EDGE('',*,*,#1934,.F.);
#1934 = EDGE_CURVE('',#1935,#1937,#1939,.T.);
#1935 = VERTEX_POINT('',#1936);
#1936 = CARTESIAN_POINT('',(-270.,-175.,-12.5));
#1937 = VERTEX_POINT('',#1938);
#1938 = CARTESIAN_POINT('',(-270.,-175.,12.5));
#1939 = SURFACE_CURVE('',#1940,(#1944,#1956),.PCURVE_S1.);
#1940 = LINE('',#1941,#1942);
#1941 = CARTESIAN_POINT('',(-270.,-175.,-12.5));
#1942 = VECTOR('',#1943,1.);
#1943 = DIRECTION('',(0.,0.,1.));
#1944 = PCURVE('',#1945,#1950);
#1945 = PLANE('',#1946);
#1946 = AXIS2_PLACEMENT_3D('',#1947,#1948,#1949);
#1947 = CARTESIAN_POINT('',(-270.,-175.,-12.5));
#1948 = DIRECTION('',(1.,0.,-0.));
#1949 = DIRECTION('',(0.,0.,1.));
#1950 = DEFINITIONAL_REPRESENTATION('',(#1951),#1955);
#1951 = LINE('',#1952,#1953);
#1952 = CARTESIAN_POINT('',(0.,0.));
#1953 = VECTOR('',#1954,1.);
#1954 = DIRECTION('',(1.,0.));
#1955 = ( GEOMETRIC_REPRESENTATION_CONTEXT(2) 
PARAMETRIC_REPRESENTATION_CONTEXT() REPRESENTATION_CONTEXT('2D SPACE',''
  ) );
#1956 = PCURVE('',#1957,#1962);
#1957 = PLANE('',#1958);
#1958 = AXIS2_PLACEMENT_3D('',#1959,#1960,#1961);
#1959 = CARTESIAN_POINT('',(-270.,-175.,-12.5));
#1960 = DIRECTION('',(-0.,1.,0.));
#1961 = DIRECTION('',(0.,0.,1.));
#1962 = DEFINITIONAL_REPRESENTATION('',(#1963),#1967);
#1963 = LINE('',#1964,#1965);
#1964 = CARTESIAN_POINT('',(0.,0.));
#1965 = VECTOR('',#1966,1.);
#1966 = DIRECTION('',(1.,0.));
#1967 = ( GEOMETRIC_REPRESENTATION_CONTEXT(2) 
PARAMETRIC_REPRESENTATION_CONTEXT() REPRESENTATION_CONTEXT('2D SPACE',''
  ) );
#1968 = ORIENTED_EDGE('',*,*,#1969,.T.);
#1969 = EDGE_CURVE('',#1935,#1970,#1972,.T.);
#1970 = VERTEX_POINT('',#1971);
#1971 = CARTESIAN_POINT('',(-270.,175.,-12.5));
#1972 = SURFACE_CURVE('',#1973,(#1977,#1984),.PCURVE_S1.);
#1973 = LINE('',#1974,#1975);
#1974 = CARTESIAN_POINT('',(-270.,-175.,-12.5));
#1975 = VECTOR('',#1976,1.);
#1976 = DIRECTION('',(-0.,1.,0.));
#1977 = PCURVE('',#1945,#1978);
#1978 = DEFINITIONAL_REPRESENTATION('',(#1979),#1983);
#1979 = LINE('',#1980,#1981);
#1980 = CARTESIAN_POINT('',(0.,0.));
#1981 = VECTOR('',#1982,1.);
#1982 = DIRECTION('',(0.,-1.));
#1983 = ( GEOMETRIC_REPRESENTATION_CONTEXT(2) 
PARAMETRIC_REPRESENTATION_CONTEXT() REPRESENTATION_CONTEXT('2D SPACE',''
  ) );
#1984 = PCURVE('',#1985,#1990);
#1985 = PLANE('',#1986);
#1986 = AXIS2_PLACEMENT_3D('',#1987,#1988,#1989);
#1987 = CARTESIAN_POINT('',(-270.,-175.,-12.5));
#1988 = DIRECTION('',(0.,0.,1.));
#1989 = DIRECTION('',(1.,0.,-0.));
#1990 = DEFINITIONAL_REPRESENTATION('',(#1991),#1995);
#1991 = LINE('',#1992,#1993);
#1992 = CARTESIAN_POINT('',(0.,0.));
#1993 = VECTOR('',#1994,1.);
#1994 = DIRECTION('',(0.,1.));
#1995 = ( GEOMETRIC_REPRESENTATION_CONTEXT(2) 
PARAMETRIC_REPRESENTATION_CONTEXT() REPRESENTATION_CONTEXT('2D SPACE',''
  ) );
#1996 = ORIENTED_EDGE('',*,*,#1997,.T.);
#1997 = EDGE_CURVE('',#1970,#1998,#2000,.T.);
#1998 = VERTEX_POINT('',#1999);
#1999 = CARTESIAN_POINT('',(-270.,175.,12.5));
#2000 = SURFACE_CURVE('',#2001,(#2005,#2012),.PCURVE_S1.);
#2001 = LINE('',#2002,#2003);
#2002 = CARTESIAN_POINT('',(-270.,175.,-12.5));
#2003 = VECTOR('',#2004,1.);
#2004 = DIRECTION('',(0.,0.,1.));
#2005 = PCURVE('',#1945,#2006);
#2006 = DEFINITIONAL_REPRESENTATION('',(#2007),#2011);
#2007 = LINE('',#2008,#2009);
#2008 = CARTESIAN_POINT('',(0.,-350.));
#2009 = VECTOR('',#2010,1.);
#2010 = DIRECTION('',(1.,0.));
#2011 = ( GEOMETRIC_REPRESENTATION_CONTEXT(2) 
PARAMETRIC_REPRESENTATION_CONTEXT() REPRESENTATION_CONTEXT('2D SPACE',''
  ) );
#2012 = PCURVE('',#2013,#2018);
#2013 = PLANE('',#2014);
#2014 = AXIS2_PLACEMENT_3D('',#2015,#2016,#2017);
#2015 = CARTESIAN_POINT('',(-270.,175.,-12.5));
#2016 = DIRECTION('',(-0.,1.,0.));
#2017 = DIRECTION('',(0.,0.,1.));
#2018 = DEFINITIONAL_REPRESENTATION('',(#2019),#2023);
#2019 = LINE('',#2020,#2021);
#2020 = CARTESIAN_POINT('',(0.,0.));
#2021 = VECTOR('',#2022,1.);
#2022 = DIRECTION('',(1.,0.));
#2023 = ( GEOMETRIC_REPRESENTATION_CONTEXT(2) 
PARAMETRIC_REPRESENTATION_CONTEXT() REPRESENTATION_CONTEXT('2D SPACE',''
  ) );
#2024 = ORIENTED_EDGE('',*,*,#2025,.F.);
#2025 = EDGE_CURVE('',#1937,#1998,#2026,.T.);
#2026 = SURFACE_CURVE('',#2027,(#2031,#2038),.PCURVE_S1.);
#2027 = LINE('',#2028,#2029);
#2028 = CARTESIAN_POINT('',(-270.,-175.,12.5));
#2029 = VECTOR('',#2030,1.);
#2030 = DIRECTION('',(-0.,1.,0.));
#2031 = PCURVE('',#1945,#2032);
#2032 = DEFINITIONAL_REPRESENTATION('',(#2033),#2037);
#2033 = LINE('',#2034,#2035);
#2034 = CARTESIAN_POINT('',(25.,0.));
#2035 = VECTOR('',#2036,1.);
#2036 = DIRECTION('',(0.,-1.));
#2037 = ( GEOMETRIC_REPRESENTATION_CONTEXT(2) 
PARAMETRIC_REPRESENTATION_CONTEXT() REPRESENTATION_CONTEXT('2D SPACE',''
  ) );
#2038 = PCURVE('',#2039,#2044);
#2039 = PLANE('',#2040);
#2040 = AXIS2_PLACEMENT_3D('',#2041,#2042,#2043);
#2041 = CARTESIAN_POINT('',(-270.,-175.,12.5));
#2042 = DIRECTION('',(0.,0.,1.));
#2043 = DIRECTION('',(1.,0.,-0.));
#2044 = DEFINITIONAL_REPRESENTATION('',(#2045),#2049);
#2045 = LINE('',#2046,#2047);
#2046 = CARTESIAN_POINT('',(0.,0.));
#2047 = VECTOR('',#2048,1.);
#2048 = DIRECTION('',(0.,1.));
#2049 = ( GEOMETRIC_REPRESENTATION_CONTEXT(2) 
PARAMETRIC_REPRESENTATION_CONTEXT() REPRESENTATION_CONTEXT('2D SPACE',''
  ) );
#2050 = ADVANCED_FACE('',(#2051),#2065,.T.);
#2051 = FACE_BOUND('',#2052,.T.);
#2052 = EDGE_LOOP('',(#2053,#2083,#2106,#2129));
#2053 = ORIENTED_EDGE('',*,*,#2054,.F.);
#2054 = EDGE_CURVE('',#2055,#2057,#2059,.T.);
#2055 = VERTEX_POINT('',#2056);
#2056 = CARTESIAN_POINT('',(270.,-175.,-12.5));
#2057 = VERTEX_POINT('',#2058);
#2058 = CARTESIAN_POINT('',(270.,-175.,12.5));
#2059 = SURFACE_CURVE('',#2060,(#2064,#2076),.PCURVE_S1.);
#2060 = LINE('',#2061,#2062);
#2061 = CARTESIAN_POINT('',(270.,-175.,-12.5));
#2062 = VECTOR('',#2063,1.);
#2063 = DIRECTION('',(0.,0.,1.));
#2064 = PCURVE('',#2065,#2070);
#2065 = PLANE('',#2066);
#2066 = AXIS2_PLACEMENT_3D('',#2067,#2068,#2069);
#2067 = CARTESIAN_POINT('',(270.,-175.,-12.5));
#2068 = DIRECTION('',(1.,0.,-0.));
#2069 = DIRECTION('',(0.,0.,1.));
#2070 = DEFINITIONAL_REPRESENTATION('',(#2071),#2075);
#2071 = LINE('',#2072,#2073);
#2072 = CARTESIAN_POINT('',(0.,0.));
#2073 = VECTOR('',#2074,1.);
#2074 = DIRECTION('',(1.,0.));
#2075 = ( GEOMETRIC_REPRESENTATION_CONTEXT(2) 
PARAMETRIC_REPRESENTATION_CONTEXT() REPRESENTATION_CONTEXT('2D SPACE',''
  ) );
#2076 = PCURVE('',#1957,#2077);
#2077 = DEFINITIONAL_REPRESENTATION('',(#2078),#2082);
#2078 = LINE('',#2079,#2080);
#2079 = CARTESIAN_POINT('',(0.,540.));
#2080 = VECTOR('',#2081,1.);
#2081 = DIRECTION('',(1.,0.));
#2082 = ( GEOMETRIC_REPRESENTATION_CONTEXT(2) 
PARAMETRIC_REPRESENTATION_CONTEXT() REPRESENTATION_CONTEXT('2D SPACE',''
  ) );
#2083 = ORIENTED_EDGE('',*,*,#2084,.T.);
#2084 = EDGE_CURVE('',#2055,#2085,#2087,.T.);
#2085 = VERTEX_POINT('',#2086);
#2086 = CARTESIAN_POINT('',(270.,175.,-12.5));
#2087 = SURFACE_CURVE('',#2088,(#2092,#2099),.PCURVE_S1.);
#2088 = LINE('',#2089,#2090);
#2089 = CARTESIAN_POINT('',(270.,-175.,-12.5));
#2090 = VECTOR('',#2091,1.);
#2091 = DIRECTION('',(-0.,1.,0.));
#2092 = PCURVE('',#2065,#2093);
#2093 = DEFINITIONAL_REPRESENTATION('',(#2094),#2098);
#2094 = LINE('',#2095,#2096);
#2095 = CARTESIAN_POINT('',(0.,0.));
#2096 = VECTOR('',#2097,1.);
#2097 = DIRECTION('',(0.,-1.));
#2098 = ( GEOMETRIC_REPRESENTATION_CONTEXT(2) 
PARAMETRIC_REPRESENTATION_CONTEXT() REPRESENTATION_CONTEXT('2D SPACE',''
  ) );
#2099 = PCURVE('',#1985,#2100);
#2100 = DEFINITIONAL_REPRESENTATION('',(#2101),#2105);
#2101 = LINE('',#2102,#2103);
#2102 = CARTESIAN_POINT('',(540.,0.));
#2103 = VECTOR('',#2104,1.);
#2104 = DIRECTION('',(0.,1.));
#2105 = ( GEOMETRIC_REPRESENTATION_CONTEXT(2) 
PARAMETRIC_REPRESENTATION_CONTEXT() REPRESENTATION_CONTEXT('2D SPACE',''
  ) );
#2106 = ORIENTED_EDGE('',*,*,#2107,.T.);
#2107 = EDGE_CURVE('',#2085,#2108,#2110,.T.);
#2108 = VERTEX_POINT('',#2109);
#2109 = CARTESIAN_POINT('',(270.,175.,12.5));
#2110 = SURFACE_CURVE('',#2111,(#2115,#2122),.PCURVE_S1.);
#2111 = LINE('',#2112,#2113);
#2112 = CARTESIAN_POINT('',(270.,175.,-12.5));
#2113 = VECTOR('',#2114,1.);
#2114 = DIRECTION('',(0.,0.,1.));
#2115 = PCURVE('',#2065,#2116);
#2116 = DEFINITIONAL_REPRESENTATION('',(#2117),#2121);
#2117 = LINE('',#2118,#2119);
#2118 = CARTESIAN_POINT('',(0.,-350.));
#2119 = VECTOR('',#2120,1.);
#2120 = DIRECTION('',(1.,0.));
#2121 = ( GEOMETRIC_REPRESENTATION_CONTEXT(2) 
PARAMETRIC_REPRESENTATION_CONTEXT() REPRESENTATION_CONTEXT('2D SPACE',''
  ) );
#2122 = PCURVE('',#2013,#2123);
#2123 = DEFINITIONAL_REPRESENTATION('',(#2124),#2128);
#2124 = LINE('',#2125,#2126);
#2125 = CARTESIAN_POINT('',(0.,540.));
#2126 = VECTOR('',#2127,1.);
#2127 = DIRECTION('',(1.,0.));
#2128 = ( GEOMETRIC_REPRESENTATION_CONTEXT(2) 
PARAMETRIC_REPRESENTATION_CONTEXT() REPRESENTATION_CONTEXT('2D SPACE',''
  ) );
#2129 = ORIENTED_EDGE('',*,*,#2130,.F.);
#2130 = EDGE_CURVE('',#2057,#2108,#2131,.T.);
#2131 = SURFACE_CURVE('',#2132,(#2136,#2143),.PCURVE_S1.);
#2132 = LINE('',#2133,#2134);
#2133 = CARTESIAN_POINT('',(270.,-175.,12.5));
#2134 = VECTOR('',#2135,1.);
#2135 = DIRECTION('',(-0.,1.,0.));
#2136 = PCURVE('',#2065,#2137);
#2137 = DEFINITIONAL_REPRESENTATION('',(#2138),#2142);
#2138 = LINE('',#2139,#2140);
#2139 = CARTESIAN_POINT('',(25.,0.));
#2140 = VECTOR('',#2141,1.);
#2141 = DIRECTION('',(0.,-1.));
#2142 = ( GEOMETRIC_REPRESENTATION_CONTEXT(2) 
PARAMETRIC_REPRESENTATION_CONTEXT() REPRESENTATION_CONTEXT('2D SPACE',''
  ) );
#2143 = PCURVE('',#2039,#2144);
#2144 = DEFINITIONAL_REPRESENTATION('',(#2145),#2149);
#2145 = LINE('',#2146,#2147);
#2146 = CARTESIAN_POINT('',(540.,0.));
#2147 = VECTOR('',#2148,1.);
#2148 = DIRECTION('',(0.,1.));
#2149 = ( GEOMETRIC_REPRESENTATION_CONTEXT(2) 
PARAMETRIC_REPRESENTATION_CONTEXT() REPRESENTATION_CONTEXT('2D SPACE',''
  ) );
#2150 = ADVANCED_FACE('',(#2151),#1957,.F.);
#2151 = FACE_BOUND('',#2152,.F.);
#2152 = EDGE_LOOP('',(#2153,#2174,#2175,#2196));
#2153 = ORIENTED_EDGE('',*,*,#2154,.F.);
#2154 = EDGE_CURVE('',#1935,#2055,#2155,.T.);
#2155 = SURFACE_CURVE('',#2156,(#2160,#2167),.PCURVE_S1.);
#2156 = LINE('',#2157,#2158);
#2157 = CARTESIAN_POINT('',(-270.,-175.,-12.5));
#2158 = VECTOR('',#2159,1.);
#2159 = DIRECTION('',(1.,0.,-0.));
#2160 = PCURVE('',#1957,#2161);
#2161 = DEFINITIONAL_REPRESENTATION('',(#2162),#2166);
#2162 = LINE('',#2163,#2164);
#2163 = CARTESIAN_POINT('',(0.,0.));
#2164 = VECTOR('',#2165,1.);
#2165 = DIRECTION('',(0.,1.));
#2166 = ( GEOMETRIC_REPRESENTATION_CONTEXT(2) 
PARAMETRIC_REPRESENTATION_CONTEXT() REPRESENTATION_CONTEXT('2D SPACE',''
  ) );
#2167 = PCURVE('',#1985,#2168);
#2168 = DEFINITIONAL_REPRESENTATION('',(#2169),#2173);
#2169 = LINE('',#2170,#2171);
#2170 = CARTESIAN_POINT('',(0.,0.));
#2171 = VECTOR('',#2172,1.);
#2172 = DIRECTION('',(1.,0.));
#2173 = ( GEOMETRIC_REPRESENTATION_CONTEXT(2) 
PARAMETRIC_REPRESENTATION_CONTEXT() REPRESENTATION_CONTEXT('2D SPACE',''
  ) );
#2174 = ORIENTED_EDGE('',*,*,#1934,.T.);
#2175 = ORIENTED_EDGE('',*,*,#2176,.T.);
#2176 = EDGE_CURVE('',#1937,#2057,#2177,.T.);
#2177 = SURFACE_CURVE('',#2178,(#2182,#2189),.PCURVE_S1.);
#2178 = LINE('',#2179,#2180);
#2179 = CARTESIAN_POINT('',(-270.,-175.,12.5));
#2180 = VECTOR('',#2181,1.);
#2181 = DIRECTION('',(1.,0.,-0.));
#2182 = PCURVE('',#1957,#2183);
#2183 = DEFINITIONAL_REPRESENTATION('',(#2184),#2188);
#2184 = LINE('',#2185,#2186);
#2185 = CARTESIAN_POINT('',(25.,0.));
#2186 = VECTOR('',#2187,1.);
#2187 = DIRECTION('',(0.,1.));
#2188 = ( GEOMETRIC_REPRESENTATION_CONTEXT(2) 
PARAMETRIC_REPRESENTATION_CONTEXT() REPRESENTATION_CONTEXT('2D SPACE',''
  ) );
#2189 = PCURVE('',#2039,#2190);
#2190 = DEFINITIONAL_REPRESENTATION('',(#2191),#2195);
#2191 = LINE('',#2192,#2193);
#2192 = CARTESIAN_POINT('',(0.,0.));
#2193 = VECTOR('',#2194,1.);
#2194 = DIRECTION('',(1.,0.));
#2195 = ( GEOMETRIC_REPRESENTATION_CONTEXT(2) 
PARAMETRIC_REPRESENTATION_CONTEXT() REPRESENTATION_CONTEXT('2D SPACE',''
  ) );
#2196 = ORIENTED_EDGE('',*,*,#2054,.F.);
#2197 = ADVANCED_FACE('',(#2198),#2013,.T.);
#2198 = FACE_BOUND('',#2199,.T.);
#2199 = EDGE_LOOP('',(#2200,#2221,#2222,#2243));
#2200 = ORIENTED_EDGE('',*,*,#2201,.F.);
#2201 = EDGE_CURVE('',#1970,#2085,#2202,.T.);
#2202 = SURFACE_CURVE('',#2203,(#2207,#2214),.PCURVE_S1.);
#2203 = LINE('',#2204,#2205);
#2204 = CARTESIAN_POINT('',(-270.,175.,-12.5));
#2205 = VECTOR('',#2206,1.);
#2206 = DIRECTION('',(1.,0.,-0.));
#2207 = PCURVE('',#2013,#2208);
#2208 = DEFINITIONAL_REPRESENTATION('',(#2209),#2213);
#2209 = LINE('',#2210,#2211);
#2210 = CARTESIAN_POINT('',(0.,0.));
#2211 = VECTOR('',#2212,1.);
#2212 = DIRECTION('',(0.,1.));
#2213 = ( GEOMETRIC_REPRESENTATION_CONTEXT(2) 
PARAMETRIC_REPRESENTATION_CONTEXT() REPRESENTATION_CONTEXT('2D SPACE',''
  ) );
#2214 = PCURVE('',#1985,#2215);
#2215 = DEFINITIONAL_REPRESENTATION('',(#2216),#2220);
#2216 = LINE('',#2217,#2218);
#2217 = CARTESIAN_POINT('',(0.,350.));
#2218 = VECTOR('',#2219,1.);
#2219 = DIRECTION('',(1.,0.));
#2220 = ( GEOMETRIC_REPRESENTATION_CONTEXT(2) 
PARAMETRIC_REPRESENTATION_CONTEXT() REPRESENTATION_CONTEXT('2D SPACE',''
  ) );
#2221 = ORIENTED_EDGE('',*,*,#1997,.T.);
#2222 = ORIENTED_EDGE('',*,*,#2223,.T.);
#2223 = EDGE_CURVE('',#1998,#2108,#2224,.T.);
#2224 = SURFACE_CURVE('',#2225,(#2229,#2236),.PCURVE_S1.);
#2225 = LINE('',#2226,#2227);
#2226 = CARTESIAN_POINT('',(-270.,175.,12.5));
#2227 = VECTOR('',#2228,1.);
#2228 = DIRECTION('',(1.,0.,-0.));
#2229 = PCURVE('',#2013,#2230);
#2230 = DEFINITIONAL_REPRESENTATION('',(#2231),#2235);
#2231 = LINE('',#2232,#2233);
#2232 = CARTESIAN_POINT('',(25.,0.));
#2233 = VECTOR('',#2234,1.);
#2234 = DIRECTION('',(0.,1.));
#2235 = ( GEOMETRIC_REPRESENTATION_CONTEXT(2) 
PARAMETRIC_REPRESENTATION_CONTEXT() REPRESENTATION_CONTEXT('2D SPACE',''
  ) );
#2236 = PCURVE('',#2039,#2237);
#2237 = DEFINITIONAL_REPRESENTATION('',(#2238),#2242);
#2238 = LINE('',#2239,#2240);
#2239 = CARTESIAN_POINT('',(0.,350.));
#2240 = VECTOR('',#2241,1.);
#2241 = DIRECTION('',(1.,0.));
#2242 = ( GEOMETRIC_REPRESENTATION_CONTEXT(2) 
PARAMETRIC_REPRESENTATION_CONTEXT() REPRESENTATION_CONTEXT('2D SPACE',''
  ) );
#2243 = ORIENTED_EDGE('',*,*,#2107,.F.);
#2244 = ADVANCED_FACE('',(#2245),#1985,.F.);
#2245 = FACE_BOUND('',#2246,.F.);
#2246 = EDGE_LOOP('',(#2247,#2248,#2249,#2250));
#2247 = ORIENTED_EDGE('',*,*,#1969,.F.);
#2248 = ORIENTED_EDGE('',*,*,#2154,.T.);
#2249 = ORIENTED_EDGE('',*,*,#2084,.T.);
#2250 = ORIENTED_EDGE('',*,*,#2201,.F.);
#2251 = ADVANCED_FACE('',(#2252),#2039,.T.);
#2252 = FACE_BOUND('',#2253,.T.);
#2253 = EDGE_LOOP('',(#2254,#2255,#2256,#2257));
#2254 = ORIENTED_EDGE('',*,*,#2025,.F.);
#2255 = ORIENTED_EDGE('',*,*,#2176,.T.);
#2256 = ORIENTED_EDGE('',*,*,#2130,.T.);
#2257 = ORIENTED_EDGE('',*,*,#2223,.F.);
#2258 = ( GEOMETRIC_REPRESENTATION_CONTEXT(3) 
GLOBAL_UNCERTAINTY_ASSIGNED_CONTEXT((#2262)) 
GLOBAL_UNIT_ASSIGNED_CONTEXT((#2259,#2260,#2261)) REPRESENTATION_CONTEXT
('Context #1','3D Context with UNIT and UNCERTAINTY') );
#2259 = ( LENGTH_UNIT() NAMED_UNIT(*) SI_UNIT(.MILLI.,.METRE.) );
#2260 = ( NAMED_UNIT(*) PLANE_ANGLE_UNIT() SI_UNIT($,.RADIAN.) );
#2261 = ( NAMED_UNIT(*) SI_UNIT($,.STERADIAN.) SOLID_ANGLE_UNIT() );
#2262 = UNCERTAINTY_MEASURE_WITH_UNIT(LENGTH_MEASURE(1.E-07),#2259,
  'distance_accuracy_value','confusion accuracy');
#2263 = CONTEXT_DEPENDENT_SHAPE_REPRESENTATION(#2264,#2266);
#2264 = ( REPRESENTATION_RELATIONSHIP('','',#1927,#10) 
REPRESENTATION_RELATIONSHIP_WITH_TRANSFORMATION(#2265) 
SHAPE_REPRESENTATION_RELATIONSHIP() );
#2265 = ITEM_DEFINED_TRANSFORMATION('','',#11,#27);
#2266 = PRODUCT_DEFINITION_SHAPE('Placement','Placement of an item',
  #2267);
#2267 = NEXT_ASSEMBLY_USAGE_OCCURRENCE('4','=>[0:1:1:5]','',#5,#1922,$);
#2268 = PRODUCT_RELATED_PRODUCT_CATEGORY('part',$,(#1924));
#2269 = SHAPE_DEFINITION_REPRESENTATION(#2270,#2276);
#2270 = PRODUCT_DEFINITION_SHAPE('','',#2271);
#2271 = PRODUCT_DEFINITION('design','',#2272,#2275);
#2272 = PRODUCT_DEFINITION_FORMATION('','',#2273);
#2273 = PRODUCT('COMPOUND','COMPOUND','',(#2274));
#2274 = PRODUCT_CONTEXT('',#2,'mechanical');
#2275 = PRODUCT_DEFINITION_CONTEXT('part definition',#2,'design');
#2276 = SHAPE_REPRESENTATION('',(#11,#2277,#2645),#2975);
#2277 = MANIFOLD_SOLID_BREP('',#2278);
#2278 = CLOSED_SHELL('',(#2279,#2367,#2402,#2437,#2492,#2547,#2582,#2586
    ,#2641));
#2279 = ADVANCED_FACE('',(#2280),#2293,.T.);
#2280 = FACE_BOUND('',#2281,.T.);
#2281 = EDGE_LOOP('',(#2282,#2316,#2339,#2366));
#2282 = ORIENTED_EDGE('',*,*,#2283,.F.);
#2283 = EDGE_CURVE('',#2284,#2284,#2286,.T.);
#2284 = VERTEX_POINT('',#2285);
#2285 = CARTESIAN_POINT('',(-384.85,-1.595714779289E-14,5.16E+03));
#2286 = SURFACE_CURVE('',#2287,(#2292,#2304),.PCURVE_S1.);
#2287 = CIRCLE('',#2288,65.15);
#2288 = AXIS2_PLACEMENT_3D('',#2289,#2290,#2291);
#2289 = CARTESIAN_POINT('',(-450.,0.,5.16E+03));
#2290 = DIRECTION('',(0.,0.,1.));
#2291 = DIRECTION('',(1.,0.,-0.));
#2292 = PCURVE('',#2293,#2298);
#2293 = CYLINDRICAL_SURFACE('',#2294,65.15);
#2294 = AXIS2_PLACEMENT_3D('',#2295,#2296,#2297);
#2295 = CARTESIAN_POINT('',(-450.,0.,5.04E+03));
#2296 = DIRECTION('',(0.,0.,1.));
#2297 = DIRECTION('',(1.,0.,-0.));
#2298 = DEFINITIONAL_REPRESENTATION('',(#2299),#2303);
#2299 = LINE('',#2300,#2301);
#2300 = CARTESIAN_POINT('',(0.,120.));
#2301 = VECTOR('',#2302,1.);
#2302 = DIRECTION('',(1.,0.));
#2303 = ( GEOMETRIC_REPRESENTATION_CONTEXT(2) 
PARAMETRIC_REPRESENTATION_CONTEXT() REPRESENTATION_CONTEXT('2D SPACE',''
  ) );
#2304 = PCURVE('',#2305,#2310);
#2305 = PLANE('',#2306);
#2306 = AXIS2_PLACEMENT_3D('',#2307,#2308,#2309);
#2307 = CARTESIAN_POINT('',(-450.,0.,5.16E+03));
#2308 = DIRECTION('',(0.,0.,1.));
#2309 = DIRECTION('',(1.,0.,-0.));
#2310 = DEFINITIONAL_REPRESENTATION('',(#2311),#2315);
#2311 = CIRCLE('',#2312,65.15);
#2312 = AXIS2_PLACEMENT_2D('',#2313,#2314);
#2313 = CARTESIAN_POINT('',(0.,0.));
#2314 = DIRECTION('',(1.,0.));
#2315 = ( GEOMETRIC_REPRESENTATION_CONTEXT(2) 
PARAMETRIC_REPRESENTATION_CONTEXT() REPRESENTATION_CONTEXT('2D SPACE',''
  ) );
#2316 = ORIENTED_EDGE('',*,*,#2317,.F.);
#2317 = EDGE_CURVE('',#2318,#2284,#2320,.T.);
#2318 = VERTEX_POINT('',#2319);
#2319 = CARTESIAN_POINT('',(-384.85,-1.595714779289E-14,5.04E+03));
#2320 = SEAM_CURVE('',#2321,(#2325,#2332),.PCURVE_S1.);
#2321 = LINE('',#2322,#2323);
#2322 = CARTESIAN_POINT('',(-384.85,-1.595714779289E-14,5.04E+03));
#2323 = VECTOR('',#2324,1.);
#2324 = DIRECTION('',(0.,0.,1.));
#2325 = PCURVE('',#2293,#2326);
#2326 = DEFINITIONAL_REPRESENTATION('',(#2327),#2331);
#2327 = LINE('',#2328,#2329);
#2328 = CARTESIAN_POINT('',(6.28318530718,-0.));
#2329 = VECTOR('',#2330,1.);
#2330 = DIRECTION('',(0.,1.));
#2331 = ( GEOMETRIC_REPRESENTATION_CONTEXT(2) 
PARAMETRIC_REPRESENTATION_CONTEXT() REPRESENTATION_CONTEXT('2D SPACE',''
  ) );
#2332 = PCURVE('',#2293,#2333);
#2333 = DEFINITIONAL_REPRESENTATION('',(#2334),#2338);
#2334 = LINE('',#2335,#2336);
#2335 = CARTESIAN_POINT('',(0.,-0.));
#2336 = VECTOR('',#2337,1.);
#2337 = DIRECTION('',(0.,1.));
#2338 = ( GEOMETRIC_REPRESENTATION_CONTEXT(2) 
PARAMETRIC_REPRESENTATION_CONTEXT() REPRESENTATION_CONTEXT('2D SPACE',''
  ) );
#2339 = ORIENTED_EDGE('',*,*,#2340,.T.);
#2340 = EDGE_CURVE('',#2318,#2318,#2341,.T.);
#2341 = SURFACE_CURVE('',#2342,(#2347,#2354),.PCURVE_S1.);
#2342 = CIRCLE('',#2343,65.15);
#2343 = AXIS2_PLACEMENT_3D('',#2344,#2345,#2346);
#2344 = CARTESIAN_POINT('',(-450.,0.,5.04E+03));
#2345 = DIRECTION('',(0.,0.,1.));
#2346 = DIRECTION('',(1.,0.,-0.));
#2347 = PCURVE('',#2293,#2348);
#2348 = DEFINITIONAL_REPRESENTATION('',(#2349),#2353);
#2349 = LINE('',#2350,#2351);
#2350 = CARTESIAN_POINT('',(0.,0.));
#2351 = VECTOR('',#2352,1.);
#2352 = DIRECTION('',(1.,0.));
#2353 = ( GEOMETRIC_REPRESENTATION_CONTEXT(2) 
PARAMETRIC_REPRESENTATION_CONTEXT() REPRESENTATION_CONTEXT('2D SPACE',''
  ) );
#2354 = PCURVE('',#2355,#2360);
#2355 = PLANE('',#2356);
#2356 = AXIS2_PLACEMENT_3D('',#2357,#2358,#2359);
#2357 = CARTESIAN_POINT('',(-450.,0.,5.04E+03));
#2358 = DIRECTION('',(0.,0.,1.));
#2359 = DIRECTION('',(1.,0.,-0.));
#2360 = DEFINITIONAL_REPRESENTATION('',(#2361),#2365);
#2361 = CIRCLE('',#2362,65.15);
#2362 = AXIS2_PLACEMENT_2D('',#2363,#2364);
#2363 = CARTESIAN_POINT('',(0.,0.));
#2364 = DIRECTION('',(1.,0.));
#2365 = ( GEOMETRIC_REPRESENTATION_CONTEXT(2) 
PARAMETRIC_REPRESENTATION_CONTEXT() REPRESENTATION_CONTEXT('2D SPACE',''
  ) );
#2366 = ORIENTED_EDGE('',*,*,#2317,.T.);
#2367 = ADVANCED_FACE('',(#2368,#2371),#2305,.T.);
#2368 = FACE_BOUND('',#2369,.T.);
#2369 = EDGE_LOOP('',(#2370));
#2370 = ORIENTED_EDGE('',*,*,#2283,.T.);
#2371 = FACE_BOUND('',#2372,.T.);
#2372 = EDGE_LOOP('',(#2373));
#2373 = ORIENTED_EDGE('',*,*,#2374,.F.);
#2374 = EDGE_CURVE('',#2375,#2375,#2377,.T.);
#2375 = VERTEX_POINT('',#2376);
#2376 = CARTESIAN_POINT('',(-428.8,-5.192502428385E-15,5.16E+03));
#2377 = SURFACE_CURVE('',#2378,(#2383,#2390),.PCURVE_S1.);
#2378 = CIRCLE('',#2379,21.2);
#2379 = AXIS2_PLACEMENT_3D('',#2380,#2381,#2382);
#2380 = CARTESIAN_POINT('',(-450.,0.,5.16E+03));
#2381 = DIRECTION('',(0.,0.,1.));
#2382 = DIRECTION('',(1.,0.,-0.));
#2383 = PCURVE('',#2305,#2384);
#2384 = DEFINITIONAL_REPRESENTATION('',(#2385),#2389);
#2385 = CIRCLE('',#2386,21.2);
#2386 = AXIS2_PLACEMENT_2D('',#2387,#2388);
#2387 = CARTESIAN_POINT('',(0.,0.));
#2388 = DIRECTION('',(1.,0.));
#2389 = ( GEOMETRIC_REPRESENTATION_CONTEXT(2) 
PARAMETRIC_REPRESENTATION_CONTEXT() REPRESENTATION_CONTEXT('2D SPACE',''
  ) );
#2390 = PCURVE('',#2391,#2396);
#2391 = CYLINDRICAL_SURFACE('',#2392,21.2);
#2392 = AXIS2_PLACEMENT_3D('',#2393,#2394,#2395);
#2393 = CARTESIAN_POINT('',(-450.,0.,5.16E+03));
#2394 = DIRECTION('',(0.,0.,1.));
#2395 = DIRECTION('',(1.,0.,-0.));
#2396 = DEFINITIONAL_REPRESENTATION('',(#2397),#2401);
#2397 = LINE('',#2398,#2399);
#2398 = CARTESIAN_POINT('',(0.,0.));
#2399 = VECTOR('',#2400,1.);
#2400 = DIRECTION('',(1.,0.));
#2401 = ( GEOMETRIC_REPRESENTATION_CONTEXT(2) 
PARAMETRIC_REPRESENTATION_CONTEXT() REPRESENTATION_CONTEXT('2D SPACE',''
  ) );
#2402 = ADVANCED_FACE('',(#2403,#2406),#2355,.F.);
#2403 = FACE_BOUND('',#2404,.F.);
#2404 = EDGE_LOOP('',(#2405));
#2405 = ORIENTED_EDGE('',*,*,#2340,.T.);
#2406 = FACE_BOUND('',#2407,.F.);
#2407 = EDGE_LOOP('',(#2408));
#2408 = ORIENTED_EDGE('',*,*,#2409,.F.);
#2409 = EDGE_CURVE('',#2410,#2410,#2412,.T.);
#2410 = VERTEX_POINT('',#2411);
#2411 = CARTESIAN_POINT('',(-388.85,-1.497743035357E-14,5.04E+03));
#2412 = SURFACE_CURVE('',#2413,(#2418,#2425),.PCURVE_S1.);
#2413 = CIRCLE('',#2414,61.15);
#2414 = AXIS2_PLACEMENT_3D('',#2415,#2416,#2417);
#2415 = CARTESIAN_POINT('',(-450.,0.,5.04E+03));
#2416 = DIRECTION('',(0.,0.,1.));
#2417 = DIRECTION('',(1.,0.,-0.));
#2418 = PCURVE('',#2355,#2419);
#2419 = DEFINITIONAL_REPRESENTATION('',(#2420),#2424);
#2420 = CIRCLE('',#2421,61.15);
#2421 = AXIS2_PLACEMENT_2D('',#2422,#2423);
#2422 = CARTESIAN_POINT('',(0.,0.));
#2423 = DIRECTION('',(1.,0.));
#2424 = ( GEOMETRIC_REPRESENTATION_CONTEXT(2) 
PARAMETRIC_REPRESENTATION_CONTEXT() REPRESENTATION_CONTEXT('2D SPACE',''
  ) );
#2425 = PCURVE('',#2426,#2431);
#2426 = CYLINDRICAL_SURFACE('',#2427,61.15);
#2427 = AXIS2_PLACEMENT_3D('',#2428,#2429,#2430);
#2428 = CARTESIAN_POINT('',(-450.,0.,5.036E+03));
#2429 = DIRECTION('',(0.,0.,1.));
#2430 = DIRECTION('',(1.,0.,-0.));
#2431 = DEFINITIONAL_REPRESENTATION('',(#2432),#2436);
#2432 = LINE('',#2433,#2434);
#2433 = CARTESIAN_POINT('',(0.,4.));
#2434 = VECTOR('',#2435,1.);
#2435 = DIRECTION('',(1.,0.));
#2436 = ( GEOMETRIC_REPRESENTATION_CONTEXT(2) 
PARAMETRIC_REPRESENTATION_CONTEXT() REPRESENTATION_CONTEXT('2D SPACE',''
  ) );
#2437 = ADVANCED_FACE('',(#2438),#2391,.T.);
#2438 = FACE_BOUND('',#2439,.T.);
#2439 = EDGE_LOOP('',(#2440,#2469,#2490,#2491));
#2440 = ORIENTED_EDGE('',*,*,#2441,.F.);
#2441 = EDGE_CURVE('',#2442,#2442,#2444,.T.);
#2442 = VERTEX_POINT('',#2443);
#2443 = CARTESIAN_POINT('',(-428.8,-5.192502428385E-15,5.31E+03));
#2444 = SURFACE_CURVE('',#2445,(#2450,#2457),.PCURVE_S1.);
#2445 = CIRCLE('',#2446,21.2);
#2446 = AXIS2_PLACEMENT_3D('',#2447,#2448,#2449);
#2447 = CARTESIAN_POINT('',(-450.,0.,5.31E+03));
#2448 = DIRECTION('',(0.,0.,1.));
#2449 = DIRECTION('',(1.,0.,-0.));
#2450 = PCURVE('',#2391,#2451);
#2451 = DEFINITIONAL_REPRESENTATION('',(#2452),#2456);
#2452 = LINE('',#2453,#2454);
#2453 = CARTESIAN_POINT('',(0.,150.));
#2454 = VECTOR('',#2455,1.);
#2455 = DIRECTION('',(1.,0.));
#2456 = ( GEOMETRIC_REPRESENTATION_CONTEXT(2) 
PARAMETRIC_REPRESENTATION_CONTEXT() REPRESENTATION_CONTEXT('2D SPACE',''
  ) );
#2457 = PCURVE('',#2458,#2463);
#2458 = PLANE('',#2459);
#2459 = AXIS2_PLACEMENT_3D('',#2460,#2461,#2462);
#2460 = CARTESIAN_POINT('',(-450.,0.,5.31E+03));
#2461 = DIRECTION('',(0.,0.,1.));
#2462 = DIRECTION('',(1.,0.,-0.));
#2463 = DEFINITIONAL_REPRESENTATION('',(#2464),#2468);
#2464 = CIRCLE('',#2465,21.2);
#2465 = AXIS2_PLACEMENT_2D('',#2466,#2467);
#2466 = CARTESIAN_POINT('',(0.,0.));
#2467 = DIRECTION('',(1.,0.));
#2468 = ( GEOMETRIC_REPRESENTATION_CONTEXT(2) 
PARAMETRIC_REPRESENTATION_CONTEXT() REPRESENTATION_CONTEXT('2D SPACE',''
  ) );
#2469 = ORIENTED_EDGE('',*,*,#2470,.F.);
#2470 = EDGE_CURVE('',#2375,#2442,#2471,.T.);
#2471 = SEAM_CURVE('',#2472,(#2476,#2483),.PCURVE_S1.);
#2472 = LINE('',#2473,#2474);
#2473 = CARTESIAN_POINT('',(-428.8,-5.192502428385E-15,5.16E+03));
#2474 = VECTOR('',#2475,1.);
#2475 = DIRECTION('',(0.,0.,1.));
#2476 = PCURVE('',#2391,#2477);
#2477 = DEFINITIONAL_REPRESENTATION('',(#2478),#2482);
#2478 = LINE('',#2479,#2480);
#2479 = CARTESIAN_POINT('',(6.28318530718,-0.));
#2480 = VECTOR('',#2481,1.);
#2481 = DIRECTION('',(0.,1.));
#2482 = ( GEOMETRIC_REPRESENTATION_CONTEXT(2) 
PARAMETRIC_REPRESENTATION_CONTEXT() REPRESENTATION_CONTEXT('2D SPACE',''
  ) );
#2483 = PCURVE('',#2391,#2484);
#2484 = DEFINITIONAL_REPRESENTATION('',(#2485),#2489);
#2485 = LINE('',#2486,#2487);
#2486 = CARTESIAN_POINT('',(0.,-0.));
#2487 = VECTOR('',#2488,1.);
#2488 = DIRECTION('',(0.,1.));
#2489 = ( GEOMETRIC_REPRESENTATION_CONTEXT(2) 
PARAMETRIC_REPRESENTATION_CONTEXT() REPRESENTATION_CONTEXT('2D SPACE',''
  ) );
#2490 = ORIENTED_EDGE('',*,*,#2374,.T.);
#2491 = ORIENTED_EDGE('',*,*,#2470,.T.);
#2492 = ADVANCED_FACE('',(#2493),#2426,.F.);
#2493 = FACE_BOUND('',#2494,.F.);
#2494 = EDGE_LOOP('',(#2495,#2518,#2545,#2546));
#2495 = ORIENTED_EDGE('',*,*,#2496,.T.);
#2496 = EDGE_CURVE('',#2410,#2497,#2499,.T.);
#2497 = VERTEX_POINT('',#2498);
#2498 = CARTESIAN_POINT('',(-388.85,-1.497743035357E-14,5.156E+03));
#2499 = SEAM_CURVE('',#2500,(#2504,#2511),.PCURVE_S1.);
#2500 = LINE('',#2501,#2502);
#2501 = CARTESIAN_POINT('',(-388.85,-1.497743035357E-14,5.036E+03));
#2502 = VECTOR('',#2503,1.);
#2503 = DIRECTION('',(0.,0.,1.));
#2504 = PCURVE('',#2426,#2505);
#2505 = DEFINITIONAL_REPRESENTATION('',(#2506),#2510);
#2506 = LINE('',#2507,#2508);
#2507 = CARTESIAN_POINT('',(6.28318530718,-0.));
#2508 = VECTOR('',#2509,1.);
#2509 = DIRECTION('',(0.,1.));
#2510 = ( GEOMETRIC_REPRESENTATION_CONTEXT(2) 
PARAMETRIC_REPRESENTATION_CONTEXT() REPRESENTATION_CONTEXT('2D SPACE',''
  ) );
#2511 = PCURVE('',#2426,#2512);
#2512 = DEFINITIONAL_REPRESENTATION('',(#2513),#2517);
#2513 = LINE('',#2514,#2515);
#2514 = CARTESIAN_POINT('',(0.,-0.));
#2515 = VECTOR('',#2516,1.);
#2516 = DIRECTION('',(0.,1.));
#2517 = ( GEOMETRIC_REPRESENTATION_CONTEXT(2) 
PARAMETRIC_REPRESENTATION_CONTEXT() REPRESENTATION_CONTEXT('2D SPACE',''
  ) );
#2518 = ORIENTED_EDGE('',*,*,#2519,.F.);
#2519 = EDGE_CURVE('',#2497,#2497,#2520,.T.);
#2520 = SURFACE_CURVE('',#2521,(#2526,#2533),.PCURVE_S1.);
#2521 = CIRCLE('',#2522,61.15);
#2522 = AXIS2_PLACEMENT_3D('',#2523,#2524,#2525);
#2523 = CARTESIAN_POINT('',(-450.,0.,5.156E+03));
#2524 = DIRECTION('',(0.,0.,1.));
#2525 = DIRECTION('',(1.,0.,-0.));
#2526 = PCURVE('',#2426,#2527);
#2527 = DEFINITIONAL_REPRESENTATION('',(#2528),#2532);
#2528 = LINE('',#2529,#2530);
#2529 = CARTESIAN_POINT('',(0.,120.));
#2530 = VECTOR('',#2531,1.);
#2531 = DIRECTION('',(1.,0.));
#2532 = ( GEOMETRIC_REPRESENTATION_CONTEXT(2) 
PARAMETRIC_REPRESENTATION_CONTEXT() REPRESENTATION_CONTEXT('2D SPACE',''
  ) );
#2533 = PCURVE('',#2534,#2539);
#2534 = PLANE('',#2535);
#2535 = AXIS2_PLACEMENT_3D('',#2536,#2537,#2538);
#2536 = CARTESIAN_POINT('',(-450.,0.,5.156E+03));
#2537 = DIRECTION('',(0.,0.,1.));
#2538 = DIRECTION('',(1.,0.,-0.));
#2539 = DEFINITIONAL_REPRESENTATION('',(#2540),#2544);
#2540 = CIRCLE('',#2541,61.15);
#2541 = AXIS2_PLACEMENT_2D('',#2542,#2543);
#2542 = CARTESIAN_POINT('',(0.,0.));
#2543 = DIRECTION('',(1.,0.));
#2544 = ( GEOMETRIC_REPRESENTATION_CONTEXT(2) 
PARAMETRIC_REPRESENTATION_CONTEXT() REPRESENTATION_CONTEXT('2D SPACE',''
  ) );
#2545 = ORIENTED_EDGE('',*,*,#2496,.F.);
#2546 = ORIENTED_EDGE('',*,*,#2409,.T.);
#2547 = ADVANCED_FACE('',(#2548,#2551),#2458,.T.);
#2548 = FACE_BOUND('',#2549,.T.);
#2549 = EDGE_LOOP('',(#2550));
#2550 = ORIENTED_EDGE('',*,*,#2441,.T.);
#2551 = FACE_BOUND('',#2552,.T.);
#2552 = EDGE_LOOP('',(#2553));
#2553 = ORIENTED_EDGE('',*,*,#2554,.F.);
#2554 = EDGE_CURVE('',#2555,#2555,#2557,.T.);
#2555 = VERTEX_POINT('',#2556);
#2556 = CARTESIAN_POINT('',(-431.8,-4.457714348896E-15,5.31E+03));
#2557 = SURFACE_CURVE('',#2558,(#2563,#2570),.PCURVE_S1.);
#2558 = CIRCLE('',#2559,18.2);
#2559 = AXIS2_PLACEMENT_3D('',#2560,#2561,#2562);
#2560 = CARTESIAN_POINT('',(-450.,0.,5.31E+03));
#2561 = DIRECTION('',(0.,0.,1.));
#2562 = DIRECTION('',(1.,0.,-0.));
#2563 = PCURVE('',#2458,#2564);
#2564 = DEFINITIONAL_REPRESENTATION('',(#2565),#2569);
#2565 = CIRCLE('',#2566,18.2);
#2566 = AXIS2_PLACEMENT_2D('',#2567,#2568);
#2567 = CARTESIAN_POINT('',(0.,0.));
#2568 = DIRECTION('',(1.,0.));
#2569 = ( GEOMETRIC_REPRESENTATION_CONTEXT(2) 
PARAMETRIC_REPRESENTATION_CONTEXT() REPRESENTATION_CONTEXT('2D SPACE',''
  ) );
#2570 = PCURVE('',#2571,#2576);
#2571 = CYLINDRICAL_SURFACE('',#2572,18.2);
#2572 = AXIS2_PLACEMENT_3D('',#2573,#2574,#2575);
#2573 = CARTESIAN_POINT('',(-450.,0.,5.159E+03));
#2574 = DIRECTION('',(0.,0.,1.));
#2575 = DIRECTION('',(1.,0.,-0.));
#2576 = DEFINITIONAL_REPRESENTATION('',(#2577),#2581);
#2577 = LINE('',#2578,#2579);
#2578 = CARTESIAN_POINT('',(0.,151.));
#2579 = VECTOR('',#2580,1.);
#2580 = DIRECTION('',(1.,0.));
#2581 = ( GEOMETRIC_REPRESENTATION_CONTEXT(2) 
PARAMETRIC_REPRESENTATION_CONTEXT() REPRESENTATION_CONTEXT('2D SPACE',''
  ) );
#2582 = ADVANCED_FACE('',(#2583),#2534,.F.);
#2583 = FACE_BOUND('',#2584,.F.);
#2584 = EDGE_LOOP('',(#2585));
#2585 = ORIENTED_EDGE('',*,*,#2519,.T.);
#2586 = ADVANCED_FACE('',(#2587),#2571,.F.);
#2587 = FACE_BOUND('',#2588,.F.);
#2588 = EDGE_LOOP('',(#2589,#2590,#2613,#2640));
#2589 = ORIENTED_EDGE('',*,*,#2554,.F.);
#2590 = ORIENTED_EDGE('',*,*,#2591,.F.);
#2591 = EDGE_CURVE('',#2592,#2555,#2594,.T.);
#2592 = VERTEX_POINT('',#2593);
#2593 = CARTESIAN_POINT('',(-431.8,-4.457714348896E-15,5.16E+03));
#2594 = SEAM_CURVE('',#2595,(#2599,#2606),.PCURVE_S1.);
#2595 = LINE('',#2596,#2597);
#2596 = CARTESIAN_POINT('',(-431.8,-4.457714348896E-15,5.159E+03));
#2597 = VECTOR('',#2598,1.);
#2598 = DIRECTION('',(0.,0.,1.));
#2599 = PCURVE('',#2571,#2600);
#2600 = DEFINITIONAL_REPRESENTATION('',(#2601),#2605);
#2601 = LINE('',#2602,#2603);
#2602 = CARTESIAN_POINT('',(6.28318530718,-0.));
#2603 = VECTOR('',#2604,1.);
#2604 = DIRECTION('',(0.,1.));
#2605 = ( GEOMETRIC_REPRESENTATION_CONTEXT(2) 
PARAMETRIC_REPRESENTATION_CONTEXT() REPRESENTATION_CONTEXT('2D SPACE',''
  ) );
#2606 = PCURVE('',#2571,#2607);
#2607 = DEFINITIONAL_REPRESENTATION('',(#2608),#2612);
#2608 = LINE('',#2609,#2610);
#2609 = CARTESIAN_POINT('',(0.,-0.));
#2610 = VECTOR('',#2611,1.);
#2611 = DIRECTION('',(0.,1.));
#2612 = ( GEOMETRIC_REPRESENTATION_CONTEXT(2) 
PARAMETRIC_REPRESENTATION_CONTEXT() REPRESENTATION_CONTEXT('2D SPACE',''
  ) );
#2613 = ORIENTED_EDGE('',*,*,#2614,.T.);
#2614 = EDGE_CURVE('',#2592,#2592,#2615,.T.);
#2615 = SURFACE_CURVE('',#2616,(#2621,#2628),.PCURVE_S1.);
#2616 = CIRCLE('',#2617,18.2);
#2617 = AXIS2_PLACEMENT_3D('',#2618,#2619,#2620);
#2618 = CARTESIAN_POINT('',(-450.,0.,5.16E+03));
#2619 = DIRECTION('',(0.,0.,1.));
#2620 = DIRECTION('',(1.,0.,-0.));
#2621 = PCURVE('',#2571,#2622);
#2622 = DEFINITIONAL_REPRESENTATION('',(#2623),#2627);
#2623 = LINE('',#2624,#2625);
#2624 = CARTESIAN_POINT('',(0.,1.));
#2625 = VECTOR('',#2626,1.);
#2626 = DIRECTION('',(1.,0.));
#2627 = ( GEOMETRIC_REPRESENTATION_CONTEXT(2) 
PARAMETRIC_REPRESENTATION_CONTEXT() REPRESENTATION_CONTEXT('2D SPACE',''
  ) );
#2628 = PCURVE('',#2629,#2634);
#2629 = PLANE('',#2630);
#2630 = AXIS2_PLACEMENT_3D('',#2631,#2632,#2633);
#2631 = CARTESIAN_POINT('',(-450.,0.,5.16E+03));
#2632 = DIRECTION('',(0.,0.,1.));
#2633 = DIRECTION('',(1.,0.,-0.));
#2634 = DEFINITIONAL_REPRESENTATION('',(#2635),#2639);
#2635 = CIRCLE('',#2636,18.2);
#2636 = AXIS2_PLACEMENT_2D('',#2637,#2638);
#2637 = CARTESIAN_POINT('',(0.,0.));
#2638 = DIRECTION('',(1.,0.));
#2639 = ( GEOMETRIC_REPRESENTATION_CONTEXT(2) 
PARAMETRIC_REPRESENTATION_CONTEXT() REPRESENTATION_CONTEXT('2D SPACE',''
  ) );
#2640 = ORIENTED_EDGE('',*,*,#2591,.T.);
#2641 = ADVANCED_FACE('',(#2642),#2629,.T.);
#2642 = FACE_BOUND('',#2643,.T.);
#2643 = EDGE_LOOP('',(#2644));
#2644 = ORIENTED_EDGE('',*,*,#2614,.T.);
#2645 = MANIFOLD_SOLID_BREP('',#2646);
#2646 = CLOSED_SHELL('',(#2647,#2767,#2867,#2914,#2961,#2968));
#2647 = ADVANCED_FACE('',(#2648),#2662,.F.);
#2648 = FACE_BOUND('',#2649,.F.);
#2649 = EDGE_LOOP('',(#2650,#2685,#2713,#2741));
#2650 = ORIENTED_EDGE('',*,*,#2651,.F.);
#2651 = EDGE_CURVE('',#2652,#2654,#2656,.T.);
#2652 = VERTEX_POINT('',#2653);
#2653 = CARTESIAN_POINT('',(-525.9067020093,-90.,5.275801769345E+03));
#2654 = VERTEX_POINT('',#2655);
#2655 = CARTESIAN_POINT('',(-528.7745841911,-90.,5.279897529566E+03));
#2656 = SURFACE_CURVE('',#2657,(#2661,#2673),.PCURVE_S1.);
#2657 = LINE('',#2658,#2659);
#2658 = CARTESIAN_POINT('',(-525.9067020093,-90.,5.275801769345E+03));
#2659 = VECTOR('',#2660,1.);
#2660 = DIRECTION('',(-0.573576436351,0.,0.819152044289));
#2661 = PCURVE('',#2662,#2667);
#2662 = PLANE('',#2663);
#2663 = AXIS2_PLACEMENT_3D('',#2664,#2665,#2666);
#2664 = CARTESIAN_POINT('',(-525.9067020093,-90.,5.275801769345E+03));
#2665 = DIRECTION('',(0.819152044289,0.,0.573576436351));
#2666 = DIRECTION('',(-0.573576436351,0.,0.819152044289));
#2667 = DEFINITIONAL_REPRESENTATION('',(#2668),#2672);
#2668 = LINE('',#2669,#2670);
#2669 = CARTESIAN_POINT('',(0.,0.));
#2670 = VECTOR('',#2671,1.);
#2671 = DIRECTION('',(1.,0.));
#2672 = ( GEOMETRIC_REPRESENTATION_CONTEXT(2) 
PARAMETRIC_REPRESENTATION_CONTEXT() REPRESENTATION_CONTEXT('2D SPACE',''
  ) );
#2673 = PCURVE('',#2674,#2679);
#2674 = PLANE('',#2675);
#2675 = AXIS2_PLACEMENT_3D('',#2676,#2677,#2678);
#2676 = CARTESIAN_POINT('',(-525.9067020093,-90.,5.275801769345E+03));
#2677 = DIRECTION('',(-0.,1.,0.));
#2678 = DIRECTION('',(-0.573576436351,0.,0.819152044289));
#2679 = DEFINITIONAL_REPRESENTATION('',(#2680),#2684);
#2680 = LINE('',#2681,#2682);
#2681 = CARTESIAN_POINT('',(0.,0.));
#2682 = VECTOR('',#2683,1.);
#2683 = DIRECTION('',(1.,0.));
#2684 = ( GEOMETRIC_REPRESENTATION_CONTEXT(2) 
PARAMETRIC_REPRESENTATION_CONTEXT() REPRESENTATION_CONTEXT('2D SPACE',''
  ) );
#2685 = ORIENTED_EDGE('',*,*,#2686,.T.);
#2686 = EDGE_CURVE('',#2652,#2687,#2689,.T.);
#2687 = VERTEX_POINT('',#2688);
#2688 = CARTESIAN_POINT('',(-525.9067020093,90.,5.275801769345E+03));
#2689 = SURFACE_CURVE('',#2690,(#2694,#2701),.PCURVE_S1.);
#2690 = LINE('',#2691,#2692);
#2691 = CARTESIAN_POINT('',(-525.9067020093,-90.,5.275801769345E+03));
#2692 = VECTOR('',#2693,1.);
#2693 = DIRECTION('',(-0.,1.,0.));
#2694 = PCURVE('',#2662,#2695);
#2695 = DEFINITIONAL_REPRESENTATION('',(#2696),#2700);
#2696 = LINE('',#2697,#2698);
#2697 = CARTESIAN_POINT('',(0.,0.));
#2698 = VECTOR('',#2699,1.);
#2699 = DIRECTION('',(0.,-1.));
#2700 = ( GEOMETRIC_REPRESENTATION_CONTEXT(2) 
PARAMETRIC_REPRESENTATION_CONTEXT() REPRESENTATION_CONTEXT('2D SPACE',''
  ) );
#2701 = PCURVE('',#2702,#2707);
#2702 = PLANE('',#2703);
#2703 = AXIS2_PLACEMENT_3D('',#2704,#2705,#2706);
#2704 = CARTESIAN_POINT('',(-525.9067020093,-90.,5.275801769345E+03));
#2705 = DIRECTION('',(-0.573576436351,0.,0.819152044289));
#2706 = DIRECTION('',(0.819152044289,0.,0.573576436351));
#2707 = DEFINITIONAL_REPRESENTATION('',(#2708),#2712);
#2708 = LINE('',#2709,#2710);
#2709 = CARTESIAN_POINT('',(0.,0.));
#2710 = VECTOR('',#2711,1.);
#2711 = DIRECTION('',(0.,1.));
#2712 = ( GEOMETRIC_REPRESENTATION_CONTEXT(2) 
PARAMETRIC_REPRESENTATION_CONTEXT() REPRESENTATION_CONTEXT('2D SPACE',''
  ) );
#2713 = ORIENTED_EDGE('',*,*,#2714,.T.);
#2714 = EDGE_CURVE('',#2687,#2715,#2717,.T.);
#2715 = VERTEX_POINT('',#2716);
#2716 = CARTESIAN_POINT('',(-528.7745841911,90.,5.279897529566E+03));
#2717 = SURFACE_CURVE('',#2718,(#2722,#2729),.PCURVE_S1.);
#2718 = LINE('',#2719,#2720);
#2719 = CARTESIAN_POINT('',(-525.9067020093,90.,5.275801769345E+03));
#2720 = VECTOR('',#2721,1.);
#2721 = DIRECTION('',(-0.573576436351,0.,0.819152044289));
#2722 = PCURVE('',#2662,#2723);
#2723 = DEFINITIONAL_REPRESENTATION('',(#2724),#2728);
#2724 = LINE('',#2725,#2726);
#2725 = CARTESIAN_POINT('',(0.,-180.));
#2726 = VECTOR('',#2727,1.);
#2727 = DIRECTION('',(1.,0.));
#2728 = ( GEOMETRIC_REPRESENTATION_CONTEXT(2) 
PARAMETRIC_REPRESENTATION_CONTEXT() REPRESENTATION_CONTEXT('2D SPACE',''
  ) );
#2729 = PCURVE('',#2730,#2735);
#2730 = PLANE('',#2731);
#2731 = AXIS2_PLACEMENT_3D('',#2732,#2733,#2734);
#2732 = CARTESIAN_POINT('',(-525.9067020093,90.,5.275801769345E+03));
#2733 = DIRECTION('',(-0.,1.,0.));
#2734 = DIRECTION('',(-0.573576436351,0.,0.819152044289));
#2735 = DEFINITIONAL_REPRESENTATION('',(#2736),#2740);
#2736 = LINE('',#2737,#2738);
#2737 = CARTESIAN_POINT('',(0.,0.));
#2738 = VECTOR('',#2739,1.);
#2739 = DIRECTION('',(1.,0.));
#2740 = ( GEOMETRIC_REPRESENTATION_CONTEXT(2) 
PARAMETRIC_REPRESENTATION_CONTEXT() REPRESENTATION_CONTEXT('2D SPACE',''
  ) );
#2741 = ORIENTED_EDGE('',*,*,#2742,.F.);
#2742 = EDGE_CURVE('',#2654,#2715,#2743,.T.);
#2743 = SURFACE_CURVE('',#2744,(#2748,#2755),.PCURVE_S1.);
#2744 = LINE('',#2745,#2746);
#2745 = CARTESIAN_POINT('',(-528.7745841911,-90.,5.279897529566E+03));
#2746 = VECTOR('',#2747,1.);
#2747 = DIRECTION('',(-0.,1.,0.));
#2748 = PCURVE('',#2662,#2749);
#2749 = DEFINITIONAL_REPRESENTATION('',(#2750),#2754);
#2750 = LINE('',#2751,#2752);
#2751 = CARTESIAN_POINT('',(5.,0.));
#2752 = VECTOR('',#2753,1.);
#2753 = DIRECTION('',(0.,-1.));
#2754 = ( GEOMETRIC_REPRESENTATION_CONTEXT(2) 
PARAMETRIC_REPRESENTATION_CONTEXT() REPRESENTATION_CONTEXT('2D SPACE',''
  ) );
#2755 = PCURVE('',#2756,#2761);
#2756 = PLANE('',#2757);
#2757 = AXIS2_PLACEMENT_3D('',#2758,#2759,#2760);
#2758 = CARTESIAN_POINT('',(-528.7745841911,-90.,5.279897529566E+03));
#2759 = DIRECTION('',(-0.573576436351,0.,0.819152044289));
#2760 = DIRECTION('',(0.819152044289,0.,0.573576436351));
#2761 = DEFINITIONAL_REPRESENTATION('',(#2762),#2766);
#2762 = LINE('',#2763,#2764);
#2763 = CARTESIAN_POINT('',(0.,0.));
#2764 = VECTOR('',#2765,1.);
#2765 = DIRECTION('',(0.,1.));
#2766 = ( GEOMETRIC_REPRESENTATION_CONTEXT(2) 
PARAMETRIC_REPRESENTATION_CONTEXT() REPRESENTATION_CONTEXT('2D SPACE',''
  ) );
#2767 = ADVANCED_FACE('',(#2768),#2782,.T.);
#2768 = FACE_BOUND('',#2769,.T.);
#2769 = EDGE_LOOP('',(#2770,#2800,#2823,#2846));
#2770 = ORIENTED_EDGE('',*,*,#2771,.F.);
#2771 = EDGE_CURVE('',#2772,#2774,#2776,.T.);
#2772 = VERTEX_POINT('',#2773);
#2773 = CARTESIAN_POINT('',(-411.2254158088,-90.,5.356102470434E+03));
#2774 = VERTEX_POINT('',#2775);
#2775 = CARTESIAN_POINT('',(-414.0932979906,-90.,5.360198230655E+03));
#2776 = SURFACE_CURVE('',#2777,(#2781,#2793),.PCURVE_S1.);
#2777 = LINE('',#2778,#2779);
#2778 = CARTESIAN_POINT('',(-411.2254158088,-90.,5.356102470434E+03));
#2779 = VECTOR('',#2780,1.);
#2780 = DIRECTION('',(-0.573576436351,0.,0.819152044289));
#2781 = PCURVE('',#2782,#2787);
#2782 = PLANE('',#2783);
#2783 = AXIS2_PLACEMENT_3D('',#2784,#2785,#2786);
#2784 = CARTESIAN_POINT('',(-411.2254158088,-90.,5.356102470434E+03));
#2785 = DIRECTION('',(0.819152044289,0.,0.573576436351));
#2786 = DIRECTION('',(-0.573576436351,0.,0.819152044289));
#2787 = DEFINITIONAL_REPRESENTATION('',(#2788),#2792);
#2788 = LINE('',#2789,#2790);
#2789 = CARTESIAN_POINT('',(0.,0.));
#2790 = VECTOR('',#2791,1.);
#2791 = DIRECTION('',(1.,0.));
#2792 = ( GEOMETRIC_REPRESENTATION_CONTEXT(2) 
PARAMETRIC_REPRESENTATION_CONTEXT() REPRESENTATION_CONTEXT('2D SPACE',''
  ) );
#2793 = PCURVE('',#2674,#2794);
#2794 = DEFINITIONAL_REPRESENTATION('',(#2795),#2799);
#2795 = LINE('',#2796,#2797);
#2796 = CARTESIAN_POINT('',(0.,140.));
#2797 = VECTOR('',#2798,1.);
#2798 = DIRECTION('',(1.,0.));
#2799 = ( GEOMETRIC_REPRESENTATION_CONTEXT(2) 
PARAMETRIC_REPRESENTATION_CONTEXT() REPRESENTATION_CONTEXT('2D SPACE',''
  ) );
#2800 = ORIENTED_EDGE('',*,*,#2801,.T.);
#2801 = EDGE_CURVE('',#2772,#2802,#2804,.T.);
#2802 = VERTEX_POINT('',#2803);
#2803 = CARTESIAN_POINT('',(-411.2254158088,90.,5.356102470434E+03));
#2804 = SURFACE_CURVE('',#2805,(#2809,#2816),.PCURVE_S1.);
#2805 = LINE('',#2806,#2807);
#2806 = CARTESIAN_POINT('',(-411.2254158088,-90.,5.356102470434E+03));
#2807 = VECTOR('',#2808,1.);
#2808 = DIRECTION('',(-0.,1.,0.));
#2809 = PCURVE('',#2782,#2810);
#2810 = DEFINITIONAL_REPRESENTATION('',(#2811),#2815);
#2811 = LINE('',#2812,#2813);
#2812 = CARTESIAN_POINT('',(0.,0.));
#2813 = VECTOR('',#2814,1.);
#2814 = DIRECTION('',(0.,-1.));
#2815 = ( GEOMETRIC_REPRESENTATION_CONTEXT(2) 
PARAMETRIC_REPRESENTATION_CONTEXT() REPRESENTATION_CONTEXT('2D SPACE',''
  ) );
#2816 = PCURVE('',#2702,#2817);
#2817 = DEFINITIONAL_REPRESENTATION('',(#2818),#2822);
#2818 = LINE('',#2819,#2820);
#2819 = CARTESIAN_POINT('',(140.,0.));
#2820 = VECTOR('',#2821,1.);
#2821 = DIRECTION('',(0.,1.));
#2822 = ( GEOMETRIC_REPRESENTATION_CONTEXT(2) 
PARAMETRIC_REPRESENTATION_CONTEXT() REPRESENTATION_CONTEXT('2D SPACE',''
  ) );
#2823 = ORIENTED_EDGE('',*,*,#2824,.T.);
#2824 = EDGE_CURVE('',#2802,#2825,#2827,.T.);
#2825 = VERTEX_POINT('',#2826);
#2826 = CARTESIAN_POINT('',(-414.0932979906,90.,5.360198230655E+03));
#2827 = SURFACE_CURVE('',#2828,(#2832,#2839),.PCURVE_S1.);
#2828 = LINE('',#2829,#2830);
#2829 = CARTESIAN_POINT('',(-411.2254158088,90.,5.356102470434E+03));
#2830 = VECTOR('',#2831,1.);
#2831 = DIRECTION('',(-0.573576436351,0.,0.819152044289));
#2832 = PCURVE('',#2782,#2833);
#2833 = DEFINITIONAL_REPRESENTATION('',(#2834),#2838);
#2834 = LINE('',#2835,#2836);
#2835 = CARTESIAN_POINT('',(0.,-180.));
#2836 = VECTOR('',#2837,1.);
#2837 = DIRECTION('',(1.,0.));
#2838 = ( GEOMETRIC_REPRESENTATION_CONTEXT(2) 
PARAMETRIC_REPRESENTATION_CONTEXT() REPRESENTATION_CONTEXT('2D SPACE',''
  ) );
#2839 = PCURVE('',#2730,#2840);
#2840 = DEFINITIONAL_REPRESENTATION('',(#2841),#2845);
#2841 = LINE('',#2842,#2843);
#2842 = CARTESIAN_POINT('',(0.,140.));
#2843 = VECTOR('',#2844,1.);
#2844 = DIRECTION('',(1.,0.));
#2845 = ( GEOMETRIC_REPRESENTATION_CONTEXT(2) 
PARAMETRIC_REPRESENTATION_CONTEXT() REPRESENTATION_CONTEXT('2D SPACE',''
  ) );
#2846 = ORIENTED_EDGE('',*,*,#2847,.F.);
#2847 = EDGE_CURVE('',#2774,#2825,#2848,.T.);
#2848 = SURFACE_CURVE('',#2849,(#2853,#2860),.PCURVE_S1.);
#2849 = LINE('',#2850,#2851);
#2850 = CARTESIAN_POINT('',(-414.0932979906,-90.,5.360198230655E+03));
#2851 = VECTOR('',#2852,1.);
#2852 = DIRECTION('',(-0.,1.,0.));
#2853 = PCURVE('',#2782,#2854);
#2854 = DEFINITIONAL_REPRESENTATION('',(#2855),#2859);
#2855 = LINE('',#2856,#2857);
#2856 = CARTESIAN_POINT('',(5.,0.));
#2857 = VECTOR('',#2858,1.);
#2858 = DIRECTION('',(0.,-1.));
#2859 = ( GEOMETRIC_REPRESENTATION_CONTEXT(2) 
PARAMETRIC_REPRESENTATION_CONTEXT() REPRESENTATION_CONTEXT('2D SPACE',''
  ) );
#2860 = PCURVE('',#2756,#2861);
#2861 = DEFINITIONAL_REPRESENTATION('',(#2862),#2866);
#2862 = LINE('',#2863,#2864);
#2863 = CARTESIAN_POINT('',(140.,0.));
#2864 = VECTOR('',#2865,1.);
#2865 = DIRECTION('',(0.,1.));
#2866 = ( GEOMETRIC_REPRESENTATION_CONTEXT(2) 
PARAMETRIC_REPRESENTATION_CONTEXT() REPRESENTATION_CONTEXT('2D SPACE',''
  ) );
#2867 = ADVANCED_FACE('',(#2868),#2674,.F.);
#2868 = FACE_BOUND('',#2869,.F.);
#2869 = EDGE_LOOP('',(#2870,#2891,#2892,#2913));
#2870 = ORIENTED_EDGE('',*,*,#2871,.F.);
#2871 = EDGE_CURVE('',#2652,#2772,#2872,.T.);
#2872 = SURFACE_CURVE('',#2873,(#2877,#2884),.PCURVE_S1.);
#2873 = LINE('',#2874,#2875);
#2874 = CARTESIAN_POINT('',(-525.9067020093,-90.,5.275801769345E+03));
#2875 = VECTOR('',#2876,1.);
#2876 = DIRECTION('',(0.819152044289,0.,0.573576436351));
#2877 = PCURVE('',#2674,#2878);
#2878 = DEFINITIONAL_REPRESENTATION('',(#2879),#2883);
#2879 = LINE('',#2880,#2881);
#2880 = CARTESIAN_POINT('',(0.,0.));
#2881 = VECTOR('',#2882,1.);
#2882 = DIRECTION('',(0.,1.));
#2883 = ( GEOMETRIC_REPRESENTATION_CONTEXT(2) 
PARAMETRIC_REPRESENTATION_CONTEXT() REPRESENTATION_CONTEXT('2D SPACE',''
  ) );
#2884 = PCURVE('',#2702,#2885);
#2885 = DEFINITIONAL_REPRESENTATION('',(#2886),#2890);
#2886 = LINE('',#2887,#2888);
#2887 = CARTESIAN_POINT('',(0.,0.));
#2888 = VECTOR('',#2889,1.);
#2889 = DIRECTION('',(1.,0.));
#2890 = ( GEOMETRIC_REPRESENTATION_CONTEXT(2) 
PARAMETRIC_REPRESENTATION_CONTEXT() REPRESENTATION_CONTEXT('2D SPACE',''
  ) );
#2891 = ORIENTED_EDGE('',*,*,#2651,.T.);
#2892 = ORIENTED_EDGE('',*,*,#2893,.T.);
#2893 = EDGE_CURVE('',#2654,#2774,#2894,.T.);
#2894 = SURFACE_CURVE('',#2895,(#2899,#2906),.PCURVE_S1.);
#2895 = LINE('',#2896,#2897);
#2896 = CARTESIAN_POINT('',(-528.7745841911,-90.,5.279897529566E+03));
#2897 = VECTOR('',#2898,1.);
#2898 = DIRECTION('',(0.819152044289,0.,0.573576436351));
#2899 = PCURVE('',#2674,#2900);
#2900 = DEFINITIONAL_REPRESENTATION('',(#2901),#2905);
#2901 = LINE('',#2902,#2903);
#2902 = CARTESIAN_POINT('',(5.,0.));
#2903 = VECTOR('',#2904,1.);
#2904 = DIRECTION('',(0.,1.));
#2905 = ( GEOMETRIC_REPRESENTATION_CONTEXT(2) 
PARAMETRIC_REPRESENTATION_CONTEXT() REPRESENTATION_CONTEXT('2D SPACE',''
  ) );
#2906 = PCURVE('',#2756,#2907);
#2907 = DEFINITIONAL_REPRESENTATION('',(#2908),#2912);
#2908 = LINE('',#2909,#2910);
#2909 = CARTESIAN_POINT('',(0.,0.));
#2910 = VECTOR('',#2911,1.);
#2911 = DIRECTION('',(1.,0.));
#2912 = ( GEOMETRIC_REPRESENTATION_CONTEXT(2) 
PARAMETRIC_REPRESENTATION_CONTEXT() REPRESENTATION_CONTEXT('2D SPACE',''
  ) );
#2913 = ORIENTED_EDGE('',*,*,#2771,.F.);
#2914 = ADVANCED_FACE('',(#2915),#2730,.T.);
#2915 = FACE_BOUND('',#2916,.T.);
#2916 = EDGE_LOOP('',(#2917,#2938,#2939,#2960));
#2917 = ORIENTED_EDGE('',*,*,#2918,.F.);
#2918 = EDGE_CURVE('',#2687,#2802,#2919,.T.);
#2919 = SURFACE_CURVE('',#2920,(#2924,#2931),.PCURVE_S1.);
#2920 = LINE('',#2921,#2922);
#2921 = CARTESIAN_POINT('',(-525.9067020093,90.,5.275801769345E+03));
#2922 = VECTOR('',#2923,1.);
#2923 = DIRECTION('',(0.819152044289,0.,0.573576436351));
#2924 = PCURVE('',#2730,#2925);
#2925 = DEFINITIONAL_REPRESENTATION('',(#2926),#2930);
#2926 = LINE('',#2927,#2928);
#2927 = CARTESIAN_POINT('',(0.,0.));
#2928 = VECTOR('',#2929,1.);
#2929 = DIRECTION('',(0.,1.));
#2930 = ( GEOMETRIC_REPRESENTATION_CONTEXT(2) 
PARAMETRIC_REPRESENTATION_CONTEXT() REPRESENTATION_CONTEXT('2D SPACE',''
  ) );
#2931 = PCURVE('',#2702,#2932);
#2932 = DEFINITIONAL_REPRESENTATION('',(#2933),#2937);
#2933 = LINE('',#2934,#2935);
#2934 = CARTESIAN_POINT('',(0.,180.));
#2935 = VECTOR('',#2936,1.);
#2936 = DIRECTION('',(1.,0.));
#2937 = ( GEOMETRIC_REPRESENTATION_CONTEXT(2) 
PARAMETRIC_REPRESENTATION_CONTEXT() REPRESENTATION_CONTEXT('2D SPACE',''
  ) );
#2938 = ORIENTED_EDGE('',*,*,#2714,.T.);
#2939 = ORIENTED_EDGE('',*,*,#2940,.T.);
#2940 = EDGE_CURVE('',#2715,#2825,#2941,.T.);
#2941 = SURFACE_CURVE('',#2942,(#2946,#2953),.PCURVE_S1.);
#2942 = LINE('',#2943,#2944);
#2943 = CARTESIAN_POINT('',(-528.7745841911,90.,5.279897529566E+03));
#2944 = VECTOR('',#2945,1.);
#2945 = DIRECTION('',(0.819152044289,0.,0.573576436351));
#2946 = PCURVE('',#2730,#2947);
#2947 = DEFINITIONAL_REPRESENTATION('',(#2948),#2952);
#2948 = LINE('',#2949,#2950);
#2949 = CARTESIAN_POINT('',(5.,0.));
#2950 = VECTOR('',#2951,1.);
#2951 = DIRECTION('',(0.,1.));
#2952 = ( GEOMETRIC_REPRESENTATION_CONTEXT(2) 
PARAMETRIC_REPRESENTATION_CONTEXT() REPRESENTATION_CONTEXT('2D SPACE',''
  ) );
#2953 = PCURVE('',#2756,#2954);
#2954 = DEFINITIONAL_REPRESENTATION('',(#2955),#2959);
#2955 = LINE('',#2956,#2957);
#2956 = CARTESIAN_POINT('',(0.,180.));
#2957 = VECTOR('',#2958,1.);
#2958 = DIRECTION('',(1.,0.));
#2959 = ( GEOMETRIC_REPRESENTATION_CONTEXT(2) 
PARAMETRIC_REPRESENTATION_CONTEXT() REPRESENTATION_CONTEXT('2D SPACE',''
  ) );
#2960 = ORIENTED_EDGE('',*,*,#2824,.F.);
#2961 = ADVANCED_FACE('',(#2962),#2702,.F.);
#2962 = FACE_BOUND('',#2963,.F.);
#2963 = EDGE_LOOP('',(#2964,#2965,#2966,#2967));
#2964 = ORIENTED_EDGE('',*,*,#2686,.F.);
#2965 = ORIENTED_EDGE('',*,*,#2871,.T.);
#2966 = ORIENTED_EDGE('',*,*,#2801,.T.);
#2967 = ORIENTED_EDGE('',*,*,#2918,.F.);
#2968 = ADVANCED_FACE('',(#2969),#2756,.T.);
#2969 = FACE_BOUND('',#2970,.T.);
#2970 = EDGE_LOOP('',(#2971,#2972,#2973,#2974));
#2971 = ORIENTED_EDGE('',*,*,#2742,.F.);
#2972 = ORIENTED_EDGE('',*,*,#2893,.T.);
#2973 = ORIENTED_EDGE('',*,*,#2847,.T.);
#2974 = ORIENTED_EDGE('',*,*,#2940,.F.);
#2975 = ( GEOMETRIC_REPRESENTATION_CONTEXT(3) 
GLOBAL_UNCERTAINTY_ASSIGNED_CONTEXT((#2979)) 
GLOBAL_UNIT_ASSIGNED_CONTEXT((#2976,#2977,#2978)) REPRESENTATION_CONTEXT
('Context #1','3D Context with UNIT and UNCERTAINTY') );
#2976 = ( LENGTH_UNIT() NAMED_UNIT(*) SI_UNIT(.MILLI.,.METRE.) );
#2977 = ( NAMED_UNIT(*) PLANE_ANGLE_UNIT() SI_UNIT($,.RADIAN.) );
#2978 = ( NAMED_UNIT(*) SI_UNIT($,.STERADIAN.) SOLID_ANGLE_UNIT() );
#2979 = UNCERTAINTY_MEASURE_WITH_UNIT(LENGTH_MEASURE(1.E-07),#2976,
  'distance_accuracy_value','confusion accuracy');
#2980 = CONTEXT_DEPENDENT_SHAPE_REPRESENTATION(#2981,#2983);
#2981 = ( REPRESENTATION_RELATIONSHIP('','',#2276,#10) 
REPRESENTATION_RELATIONSHIP_WITH_TRANSFORMATION(#2982) 
SHAPE_REPRESENTATION_RELATIONSHIP() );
#2982 = ITEM_DEFINED_TRANSFORMATION('','',#11,#31);
#2983 = PRODUCT_DEFINITION_SHAPE('Placement','Placement of an item',
  #2984);
#2984 = NEXT_ASSEMBLY_USAGE_OCCURRENCE('5','=>[0:1:1:6]','',#5,#2271,$);
#2985 = PRODUCT_RELATED_PRODUCT_CATEGORY('part',$,(#2273));
#2986 = SHAPE_DEFINITION_REPRESENTATION(#2987,#2993);
#2987 = PRODUCT_DEFINITION_SHAPE('','',#2988);
#2988 = PRODUCT_DEFINITION('design','',#2989,#2992);
#2989 = PRODUCT_DEFINITION_FORMATION('','',#2990);
#2990 = PRODUCT('COMPOUND','COMPOUND','',(#2991));
#2991 = PRODUCT_CONTEXT('',#2,'mechanical');
#2992 = PRODUCT_DEFINITION_CONTEXT('part definition',#2,'design');
#2993 = SHAPE_REPRESENTATION('',(#11,#2994,#4016,#4198),#4380);
#2994 = MANIFOLD_SOLID_BREP('',#2995);
#2995 = CLOSED_SHELL('',(#2996,#3116,#3192,#3549,#3635,#3710,#3742,#3752
    ,#3838,#3913,#3945,#3955,#3982,#4009));
#2996 = ADVANCED_FACE('',(#2997),#3011,.F.);
#2997 = FACE_BOUND('',#2998,.F.);
#2998 = EDGE_LOOP('',(#2999,#3034,#3062,#3090));
#2999 = ORIENTED_EDGE('',*,*,#3000,.F.);
#3000 = EDGE_CURVE('',#3001,#3003,#3005,.T.);
#3001 = VERTEX_POINT('',#3002);
#3002 = CARTESIAN_POINT('',(-510.15,-70.,3.72E+03));
#3003 = VERTEX_POINT('',#3004);
#3004 = CARTESIAN_POINT('',(-510.15,-70.,3.98E+03));
#3005 = SURFACE_CURVE('',#3006,(#3010,#3022),.PCURVE_S1.);
#3006 = LINE('',#3007,#3008);
#3007 = CARTESIAN_POINT('',(-510.15,-70.,3.72E+03));
#3008 = VECTOR('',#3009,1.);
#3009 = DIRECTION('',(0.,0.,1.));
#3010 = PCURVE('',#3011,#3016);
#3011 = PLANE('',#3012);
#3012 = AXIS2_PLACEMENT_3D('',#3013,#3014,#3015);
#3013 = CARTESIAN_POINT('',(-510.15,-70.,3.72E+03));
#3014 = DIRECTION('',(1.,0.,-0.));
#3015 = DIRECTION('',(0.,0.,1.));
#3016 = DEFINITIONAL_REPRESENTATION('',(#3017),#3021);
#3017 = LINE('',#3018,#3019);
#3018 = CARTESIAN_POINT('',(0.,0.));
#3019 = VECTOR('',#3020,1.);
#3020 = DIRECTION('',(1.,0.));
#3021 = ( GEOMETRIC_REPRESENTATION_CONTEXT(2) 
PARAMETRIC_REPRESENTATION_CONTEXT() REPRESENTATION_CONTEXT('2D SPACE',''
  ) );
#3022 = PCURVE('',#3023,#3028);
#3023 = PLANE('',#3024);
#3024 = AXIS2_PLACEMENT_3D('',#3025,#3026,#3027);
#3025 = CARTESIAN_POINT('',(-510.15,-70.,3.72E+03));
#3026 = DIRECTION('',(-0.,1.,0.));
#3027 = DIRECTION('',(0.,0.,1.));
#3028 = DEFINITIONAL_REPRESENTATION('',(#3029),#3033);
#3029 = LINE('',#3030,#3031);
#3030 = CARTESIAN_POINT('',(0.,0.));
#3031 = VECTOR('',#3032,1.);
#3032 = DIRECTION('',(1.,0.));
#3033 = ( GEOMETRIC_REPRESENTATION_CONTEXT(2) 
PARAMETRIC_REPRESENTATION_CONTEXT() REPRESENTATION_CONTEXT('2D SPACE',''
  ) );
#3034 = ORIENTED_EDGE('',*,*,#3035,.T.);
#3035 = EDGE_CURVE('',#3001,#3036,#3038,.T.);
#3036 = VERTEX_POINT('',#3037);
#3037 = CARTESIAN_POINT('',(-510.15,70.,3.72E+03));
#3038 = SURFACE_CURVE('',#3039,(#3043,#3050),.PCURVE_S1.);
#3039 = LINE('',#3040,#3041);
#3040 = CARTESIAN_POINT('',(-510.15,-70.,3.72E+03));
#3041 = VECTOR('',#3042,1.);
#3042 = DIRECTION('',(-0.,1.,0.));
#3043 = PCURVE('',#3011,#3044);
#3044 = DEFINITIONAL_REPRESENTATION('',(#3045),#3049);
#3045 = LINE('',#3046,#3047);
#3046 = CARTESIAN_POINT('',(0.,0.));
#3047 = VECTOR('',#3048,1.);
#3048 = DIRECTION('',(0.,-1.));
#3049 = ( GEOMETRIC_REPRESENTATION_CONTEXT(2) 
PARAMETRIC_REPRESENTATION_CONTEXT() REPRESENTATION_CONTEXT('2D SPACE',''
  ) );
#3050 = PCURVE('',#3051,#3056);
#3051 = PLANE('',#3052);
#3052 = AXIS2_PLACEMENT_3D('',#3053,#3054,#3055);
#3053 = CARTESIAN_POINT('',(-510.15,-70.,3.72E+03));
#3054 = DIRECTION('',(0.,0.,1.));
#3055 = DIRECTION('',(1.,0.,-0.));
#3056 = DEFINITIONAL_REPRESENTATION('',(#3057),#3061);
#3057 = LINE('',#3058,#3059);
#3058 = CARTESIAN_POINT('',(0.,0.));
#3059 = VECTOR('',#3060,1.);
#3060 = DIRECTION('',(0.,1.));
#3061 = ( GEOMETRIC_REPRESENTATION_CONTEXT(2) 
PARAMETRIC_REPRESENTATION_CONTEXT() REPRESENTATION_CONTEXT('2D SPACE',''
  ) );
#3062 = ORIENTED_EDGE('',*,*,#3063,.T.);
#3063 = EDGE_CURVE('',#3036,#3064,#3066,.T.);
#3064 = VERTEX_POINT('',#3065);
#3065 = CARTESIAN_POINT('',(-510.15,70.,3.98E+03));
#3066 = SURFACE_CURVE('',#3067,(#3071,#3078),.PCURVE_S1.);
#3067 = LINE('',#3068,#3069);
#3068 = CARTESIAN_POINT('',(-510.15,70.,3.72E+03));
#3069 = VECTOR('',#3070,1.);
#3070 = DIRECTION('',(0.,0.,1.));
#3071 = PCURVE('',#3011,#3072);
#3072 = DEFINITIONAL_REPRESENTATION('',(#3073),#3077);
#3073 = LINE('',#3074,#3075);
#3074 = CARTESIAN_POINT('',(0.,-140.));
#3075 = VECTOR('',#3076,1.);
#3076 = DIRECTION('',(1.,0.));
#3077 = ( GEOMETRIC_REPRESENTATION_CONTEXT(2) 
PARAMETRIC_REPRESENTATION_CONTEXT() REPRESENTATION_CONTEXT('2D SPACE',''
  ) );
#3078 = PCURVE('',#3079,#3084);
#3079 = PLANE('',#3080);
#3080 = AXIS2_PLACEMENT_3D('',#3081,#3082,#3083);
#3081 = CARTESIAN_POINT('',(-510.15,70.,3.72E+03));
#3082 = DIRECTION('',(-0.,1.,0.));
#3083 = DIRECTION('',(0.,0.,1.));
#3084 = DEFINITIONAL_REPRESENTATION('',(#3085),#3089);
#3085 = LINE('',#3086,#3087);
#3086 = CARTESIAN_POINT('',(0.,0.));
#3087 = VECTOR('',#3088,1.);
#3088 = DIRECTION('',(1.,0.));
#3089 = ( GEOMETRIC_REPRESENTATION_CONTEXT(2) 
PARAMETRIC_REPRESENTATION_CONTEXT() REPRESENTATION_CONTEXT('2D SPACE',''
  ) );
#3090 = ORIENTED_EDGE('',*,*,#3091,.F.);
#3091 = EDGE_CURVE('',#3003,#3064,#3092,.T.);
#3092 = SURFACE_CURVE('',#3093,(#3097,#3104),.PCURVE_S1.);
#3093 = LINE('',#3094,#3095);
#3094 = CARTESIAN_POINT('',(-510.15,-70.,3.98E+03));
#3095 = VECTOR('',#3096,1.);
#3096 = DIRECTION('',(-0.,1.,0.));
#3097 = PCURVE('',#3011,#3098);
#3098 = DEFINITIONAL_REPRESENTATION('',(#3099),#3103);
#3099 = LINE('',#3100,#3101);
#3100 = CARTESIAN_POINT('',(260.,0.));
#3101 = VECTOR('',#3102,1.);
#3102 = DIRECTION('',(0.,-1.));
#3103 = ( GEOMETRIC_REPRESENTATION_CONTEXT(2) 
PARAMETRIC_REPRESENTATION_CONTEXT() REPRESENTATION_CONTEXT('2D SPACE',''
  ) );
#3104 = PCURVE('',#3105,#3110);
#3105 = PLANE('',#3106);
#3106 = AXIS2_PLACEMENT_3D('',#3107,#3108,#3109);
#3107 = CARTESIAN_POINT('',(-510.15,-70.,3.98E+03));
#3108 = DIRECTION('',(0.,0.,1.));
#3109 = DIRECTION('',(1.,0.,-0.));
#3110 = DEFINITIONAL_REPRESENTATION('',(#3111),#3115);
#3111 = LINE('',#3112,#3113);
#3112 = CARTESIAN_POINT('',(0.,0.));
#3113 = VECTOR('',#3114,1.);
#3114 = DIRECTION('',(0.,1.));
#3115 = ( GEOMETRIC_REPRESENTATION_CONTEXT(2) 
PARAMETRIC_REPRESENTATION_CONTEXT() REPRESENTATION_CONTEXT('2D SPACE',''
  ) );
#3116 = ADVANCED_FACE('',(#3117),#3051,.F.);
#3117 = FACE_BOUND('',#3118,.F.);
#3118 = EDGE_LOOP('',(#3119,#3120,#3143,#3171));
#3119 = ORIENTED_EDGE('',*,*,#3035,.F.);
#3120 = ORIENTED_EDGE('',*,*,#3121,.T.);
#3121 = EDGE_CURVE('',#3001,#3122,#3124,.T.);
#3122 = VERTEX_POINT('',#3123);
#3123 = CARTESIAN_POINT('',(-507.15,-70.,3.72E+03));
#3124 = SURFACE_CURVE('',#3125,(#3129,#3136),.PCURVE_S1.);
#3125 = LINE('',#3126,#3127);
#3126 = CARTESIAN_POINT('',(-510.15,-70.,3.72E+03));
#3127 = VECTOR('',#3128,1.);
#3128 = DIRECTION('',(1.,0.,-0.));
#3129 = PCURVE('',#3051,#3130);
#3130 = DEFINITIONAL_REPRESENTATION('',(#3131),#3135);
#3131 = LINE('',#3132,#3133);
#3132 = CARTESIAN_POINT('',(0.,0.));
#3133 = VECTOR('',#3134,1.);
#3134 = DIRECTION('',(1.,0.));
#3135 = ( GEOMETRIC_REPRESENTATION_CONTEXT(2) 
PARAMETRIC_REPRESENTATION_CONTEXT() REPRESENTATION_CONTEXT('2D SPACE',''
  ) );
#3136 = PCURVE('',#3023,#3137);
#3137 = DEFINITIONAL_REPRESENTATION('',(#3138),#3142);
#3138 = LINE('',#3139,#3140);
#3139 = CARTESIAN_POINT('',(0.,0.));
#3140 = VECTOR('',#3141,1.);
#3141 = DIRECTION('',(0.,1.));
#3142 = ( GEOMETRIC_REPRESENTATION_CONTEXT(2) 
PARAMETRIC_REPRESENTATION_CONTEXT() REPRESENTATION_CONTEXT('2D SPACE',''
  ) );
#3143 = ORIENTED_EDGE('',*,*,#3144,.T.);
#3144 = EDGE_CURVE('',#3122,#3145,#3147,.T.);
#3145 = VERTEX_POINT('',#3146);
#3146 = CARTESIAN_POINT('',(-507.15,70.,3.72E+03));
#3147 = SURFACE_CURVE('',#3148,(#3152,#3159),.PCURVE_S1.);
#3148 = LINE('',#3149,#3150);
#3149 = CARTESIAN_POINT('',(-507.15,-70.,3.72E+03));
#3150 = VECTOR('',#3151,1.);
#3151 = DIRECTION('',(-0.,1.,0.));
#3152 = PCURVE('',#3051,#3153);
#3153 = DEFINITIONAL_REPRESENTATION('',(#3154),#3158);
#3154 = LINE('',#3155,#3156);
#3155 = CARTESIAN_POINT('',(3.,0.));
#3156 = VECTOR('',#3157,1.);
#3157 = DIRECTION('',(0.,1.));
#3158 = ( GEOMETRIC_REPRESENTATION_CONTEXT(2) 
PARAMETRIC_REPRESENTATION_CONTEXT() REPRESENTATION_CONTEXT('2D SPACE',''
  ) );
#3159 = PCURVE('',#3160,#3165);
#3160 = PLANE('',#3161);
#3161 = AXIS2_PLACEMENT_3D('',#3162,#3163,#3164);
#3162 = CARTESIAN_POINT('',(-507.15,-70.,3.72E+03));
#3163 = DIRECTION('',(1.,0.,-0.));
#3164 = DIRECTION('',(0.,0.,1.));
#3165 = DEFINITIONAL_REPRESENTATION('',(#3166),#3170);
#3166 = LINE('',#3167,#3168);
#3167 = CARTESIAN_POINT('',(0.,0.));
#3168 = VECTOR('',#3169,1.);
#3169 = DIRECTION('',(0.,-1.));
#3170 = ( GEOMETRIC_REPRESENTATION_CONTEXT(2) 
PARAMETRIC_REPRESENTATION_CONTEXT() REPRESENTATION_CONTEXT('2D SPACE',''
  ) );
#3171 = ORIENTED_EDGE('',*,*,#3172,.F.);
#3172 = EDGE_CURVE('',#3036,#3145,#3173,.T.);
#3173 = SURFACE_CURVE('',#3174,(#3178,#3185),.PCURVE_S1.);
#3174 = LINE('',#3175,#3176);
#3175 = CARTESIAN_POINT('',(-510.15,70.,3.72E+03));
#3176 = VECTOR('',#3177,1.);
#3177 = DIRECTION('',(1.,0.,-0.));
#3178 = PCURVE('',#3051,#3179);
#3179 = DEFINITIONAL_REPRESENTATION('',(#3180),#3184);
#3180 = LINE('',#3181,#3182);
#3181 = CARTESIAN_POINT('',(0.,140.));
#3182 = VECTOR('',#3183,1.);
#3183 = DIRECTION('',(1.,0.));
#3184 = ( GEOMETRIC_REPRESENTATION_CONTEXT(2) 
PARAMETRIC_REPRESENTATION_CONTEXT() REPRESENTATION_CONTEXT('2D SPACE',''
  ) );
#3185 = PCURVE('',#3079,#3186);
#3186 = DEFINITIONAL_REPRESENTATION('',(#3187),#3191);
#3187 = LINE('',#3188,#3189);
#3188 = CARTESIAN_POINT('',(0.,0.));
#3189 = VECTOR('',#3190,1.);
#3190 = DIRECTION('',(0.,1.));
#3191 = ( GEOMETRIC_REPRESENTATION_CONTEXT(2) 
PARAMETRIC_REPRESENTATION_CONTEXT() REPRESENTATION_CONTEXT('2D SPACE',''
  ) );
#3192 = ADVANCED_FACE('',(#3193,#3263,#3406),#3160,.T.);
#3193 = FACE_BOUND('',#3194,.T.);
#3194 = EDGE_LOOP('',(#3195,#3218,#3219,#3242));
#3195 = ORIENTED_EDGE('',*,*,#3196,.F.);
#3196 = EDGE_CURVE('',#3122,#3197,#3199,.T.);
#3197 = VERTEX_POINT('',#3198);
#3198 = CARTESIAN_POINT('',(-507.15,-70.,3.98E+03));
#3199 = SURFACE_CURVE('',#3200,(#3204,#3211),.PCURVE_S1.);
#3200 = LINE('',#3201,#3202);
#3201 = CARTESIAN_POINT('',(-507.15,-70.,3.72E+03));
#3202 = VECTOR('',#3203,1.);
#3203 = DIRECTION('',(0.,0.,1.));
#3204 = PCURVE('',#3160,#3205);
#3205 = DEFINITIONAL_REPRESENTATION('',(#3206),#3210);
#3206 = LINE('',#3207,#3208);
#3207 = CARTESIAN_POINT('',(0.,0.));
#3208 = VECTOR('',#3209,1.);
#3209 = DIRECTION('',(1.,0.));
#3210 = ( GEOMETRIC_REPRESENTATION_CONTEXT(2) 
PARAMETRIC_REPRESENTATION_CONTEXT() REPRESENTATION_CONTEXT('2D SPACE',''
  ) );
#3211 = PCURVE('',#3023,#3212);
#3212 = DEFINITIONAL_REPRESENTATION('',(#3213),#3217);
#3213 = LINE('',#3214,#3215);
#3214 = CARTESIAN_POINT('',(0.,3.));
#3215 = VECTOR('',#3216,1.);
#3216 = DIRECTION('',(1.,0.));
#3217 = ( GEOMETRIC_REPRESENTATION_CONTEXT(2) 
PARAMETRIC_REPRESENTATION_CONTEXT() REPRESENTATION_CONTEXT('2D SPACE',''
  ) );
#3218 = ORIENTED_EDGE('',*,*,#3144,.T.);
#3219 = ORIENTED_EDGE('',*,*,#3220,.T.);
#3220 = EDGE_CURVE('',#3145,#3221,#3223,.T.);
#3221 = VERTEX_POINT('',#3222);
#3222 = CARTESIAN_POINT('',(-507.15,70.,3.98E+03));
#3223 = SURFACE_CURVE('',#3224,(#3228,#3235),.PCURVE_S1.);
#3224 = LINE('',#3225,#3226);
#3225 = CARTESIAN_POINT('',(-507.15,70.,3.72E+03));
#3226 = VECTOR('',#3227,1.);
#3227 = DIRECTION('',(0.,0.,1.));
#3228 = PCURVE('',#3160,#3229);
#3229 = DEFINITIONAL_REPRESENTATION('',(#3230),#3234);
#3230 = LINE('',#3231,#3232);
#3231 = CARTESIAN_POINT('',(0.,-140.));
#3232 = VECTOR('',#3233,1.);
#3233 = DIRECTION('',(1.,0.));
#3234 = ( GEOMETRIC_REPRESENTATION_CONTEXT(2) 
PARAMETRIC_REPRESENTATION_CONTEXT() REPRESENTATION_CONTEXT('2D SPACE',''
  ) );
#3235 = PCURVE('',#3079,#3236);
#3236 = DEFINITIONAL_REPRESENTATION('',(#3237),#3241);
#3237 = LINE('',#3238,#3239);
#3238 = CARTESIAN_POINT('',(0.,3.));
#3239 = VECTOR('',#3240,1.);
#3240 = DIRECTION('',(1.,0.));
#3241 = ( GEOMETRIC_REPRESENTATION_CONTEXT(2) 
PARAMETRIC_REPRESENTATION_CONTEXT() REPRESENTATION_CONTEXT('2D SPACE',''
  ) );
#3242 = ORIENTED_EDGE('',*,*,#3243,.F.);
#3243 = EDGE_CURVE('',#3197,#3221,#3244,.T.);
#3244 = SURFACE_CURVE('',#3245,(#3249,#3256),.PCURVE_S1.);
#3245 = LINE('',#3246,#3247);
#3246 = CARTESIAN_POINT('',(-507.15,-70.,3.98E+03));
#3247 = VECTOR('',#3248,1.);
#3248 = DIRECTION('',(-0.,1.,0.));
#3249 = PCURVE('',#3160,#3250);
#3250 = DEFINITIONAL_REPRESENTATION('',(#3251),#3255);
#3251 = LINE('',#3252,#3253);
#3252 = CARTESIAN_POINT('',(260.,0.));
#3253 = VECTOR('',#3254,1.);
#3254 = DIRECTION('',(0.,-1.));
#3255 = ( GEOMETRIC_REPRESENTATION_CONTEXT(2) 
PARAMETRIC_REPRESENTATION_CONTEXT() REPRESENTATION_CONTEXT('2D SPACE',''
  ) );
#3256 = PCURVE('',#3105,#3257);
#3257 = DEFINITIONAL_REPRESENTATION('',(#3258),#3262);
#3258 = LINE('',#3259,#3260);
#3259 = CARTESIAN_POINT('',(3.,0.));
#3260 = VECTOR('',#3261,1.);
#3261 = DIRECTION('',(0.,1.));
#3262 = ( GEOMETRIC_REPRESENTATION_CONTEXT(2) 
PARAMETRIC_REPRESENTATION_CONTEXT() REPRESENTATION_CONTEXT('2D SPACE',''
  ) );
#3263 = FACE_BOUND('',#3264,.T.);
#3264 = EDGE_LOOP('',(#3265,#3293,#3319,#3345,#3366,#3387));
#3265 = ORIENTED_EDGE('',*,*,#3266,.T.);
#3266 = EDGE_CURVE('',#3267,#3269,#3271,.T.);
#3267 = VERTEX_POINT('',#3268);
#3268 = CARTESIAN_POINT('',(-507.15,1.812371257525E-09,3.754E+03));
#3269 = VERTEX_POINT('',#3270);
#3270 = CARTESIAN_POINT('',(-507.15,-13.17952958189,3.754E+03));
#3271 = SURFACE_CURVE('',#3272,(#3276,#3282),.PCURVE_S1.);
#3272 = LINE('',#3273,#3274);
#3273 = CARTESIAN_POINT('',(-507.15,-35.,3.754E+03));
#3274 = VECTOR('',#3275,1.);
#3275 = DIRECTION('',(0.,-1.,0.));
#3276 = PCURVE('',#3160,#3277);
#3277 = DEFINITIONAL_REPRESENTATION('',(#3278),#3281);
#3278 = B_SPLINE_CURVE_WITH_KNOTS('',1,(#3279,#3280),.UNSPECIFIED.,.F.,
  .F.,(2,2),(-93.65,23.65),.PIECEWISE_BEZIER_KNOTS.);
#3279 = CARTESIAN_POINT('',(34.,-128.65));
#3280 = CARTESIAN_POINT('',(34.,-11.35));
#3281 = ( GEOMETRIC_REPRESENTATION_CONTEXT(2) 
PARAMETRIC_REPRESENTATION_CONTEXT() REPRESENTATION_CONTEXT('2D SPACE',''
  ) );
#3282 = PCURVE('',#3283,#3288);
#3283 = PLANE('',#3284);
#3284 = AXIS2_PLACEMENT_3D('',#3285,#3286,#3287);
#3285 = CARTESIAN_POINT('',(-450.,0.,3.754E+03));
#3286 = DIRECTION('',(0.,0.,1.));
#3287 = DIRECTION('',(1.,0.,-0.));
#3288 = DEFINITIONAL_REPRESENTATION('',(#3289),#3292);
#3289 = B_SPLINE_CURVE_WITH_KNOTS('',1,(#3290,#3291),.UNSPECIFIED.,.F.,
  .F.,(2,2),(-93.65,23.65),.PIECEWISE_BEZIER_KNOTS.);
#3290 = CARTESIAN_POINT('',(-57.15,58.65));
#3291 = CARTESIAN_POINT('',(-57.15,-58.65));
#3292 = ( GEOMETRIC_REPRESENTATION_CONTEXT(2) 
PARAMETRIC_REPRESENTATION_CONTEXT() REPRESENTATION_CONTEXT('2D SPACE',''
  ) );
#3293 = ORIENTED_EDGE('',*,*,#3294,.T.);
#3294 = EDGE_CURVE('',#3269,#3295,#3297,.T.);
#3295 = VERTEX_POINT('',#3296);
#3296 = CARTESIAN_POINT('',(-507.15,-13.17952958189,3.766E+03));
#3297 = SURFACE_CURVE('',#3298,(#3302,#3308),.PCURVE_S1.);
#3298 = LINE('',#3299,#3300);
#3299 = CARTESIAN_POINT('',(-507.15,-13.17952958189,3.754E+03));
#3300 = VECTOR('',#3301,1.);
#3301 = DIRECTION('',(0.,0.,1.));
#3302 = PCURVE('',#3160,#3303);
#3303 = DEFINITIONAL_REPRESENTATION('',(#3304),#3307);
#3304 = B_SPLINE_CURVE_WITH_KNOTS('',1,(#3305,#3306),.UNSPECIFIED.,.F.,
  .F.,(2,2),(-2.40000008489E-06,12.0000024),.PIECEWISE_BEZIER_KNOTS.);
#3305 = CARTESIAN_POINT('',(33.9999976,-56.8204704181));
#3306 = CARTESIAN_POINT('',(46.0000024,-56.8204704181));
#3307 = ( GEOMETRIC_REPRESENTATION_CONTEXT(2) 
PARAMETRIC_REPRESENTATION_CONTEXT() REPRESENTATION_CONTEXT('2D SPACE',''
  ) );
#3308 = PCURVE('',#3309,#3314);
#3309 = CYLINDRICAL_SURFACE('',#3310,58.65);
#3310 = AXIS2_PLACEMENT_3D('',#3311,#3312,#3313);
#3311 = CARTESIAN_POINT('',(-450.,0.,3.754E+03));
#3312 = DIRECTION('',(0.,0.,1.));
#3313 = DIRECTION('',(1.,0.,-0.));
#3314 = DEFINITIONAL_REPRESENTATION('',(#3315),#3318);
#3315 = B_SPLINE_CURVE_WITH_KNOTS('',1,(#3316,#3317),.UNSPECIFIED.,.F.,
  .F.,(2,2),(0.,12.),.PIECEWISE_BEZIER_KNOTS.);
#3316 = CARTESIAN_POINT('',(3.368243109148,0.));
#3317 = CARTESIAN_POINT('',(3.368243109148,12.));
#3318 = ( GEOMETRIC_REPRESENTATION_CONTEXT(2) 
PARAMETRIC_REPRESENTATION_CONTEXT() REPRESENTATION_CONTEXT('2D SPACE',''
  ) );
#3319 = ORIENTED_EDGE('',*,*,#3320,.F.);
#3320 = EDGE_CURVE('',#3321,#3295,#3323,.T.);
#3321 = VERTEX_POINT('',#3322);
#3322 = CARTESIAN_POINT('',(-507.15,1.812371257525E-09,3.766E+03));
#3323 = SURFACE_CURVE('',#3324,(#3328,#3334),.PCURVE_S1.);
#3324 = LINE('',#3325,#3326);
#3325 = CARTESIAN_POINT('',(-507.15,-35.,3.766E+03));
#3326 = VECTOR('',#3327,1.);
#3327 = DIRECTION('',(0.,-1.,0.));
#3328 = PCURVE('',#3160,#3329);
#3329 = DEFINITIONAL_REPRESENTATION('',(#3330),#3333);
#3330 = B_SPLINE_CURVE_WITH_KNOTS('',1,(#3331,#3332),.UNSPECIFIED.,.F.,
  .F.,(2,2),(-93.65,23.65),.PIECEWISE_BEZIER_KNOTS.);
#3331 = CARTESIAN_POINT('',(46.,-128.65));
#3332 = CARTESIAN_POINT('',(46.,-11.35));
#3333 = ( GEOMETRIC_REPRESENTATION_CONTEXT(2) 
PARAMETRIC_REPRESENTATION_CONTEXT() REPRESENTATION_CONTEXT('2D SPACE',''
  ) );
#3334 = PCURVE('',#3335,#3340);
#3335 = PLANE('',#3336);
#3336 = AXIS2_PLACEMENT_3D('',#3337,#3338,#3339);
#3337 = CARTESIAN_POINT('',(-450.,0.,3.766E+03));
#3338 = DIRECTION('',(0.,0.,1.));
#3339 = DIRECTION('',(1.,0.,-0.));
#3340 = DEFINITIONAL_REPRESENTATION('',(#3341),#3344);
#3341 = B_SPLINE_CURVE_WITH_KNOTS('',1,(#3342,#3343),.UNSPECIFIED.,.F.,
  .F.,(2,2),(-93.65,23.65),.PIECEWISE_BEZIER_KNOTS.);
#3342 = CARTESIAN_POINT('',(-57.15,58.65));
#3343 = CARTESIAN_POINT('',(-57.15,-58.65));
#3344 = ( GEOMETRIC_REPRESENTATION_CONTEXT(2) 
PARAMETRIC_REPRESENTATION_CONTEXT() REPRESENTATION_CONTEXT('2D SPACE',''
  ) );
#3345 = ORIENTED_EDGE('',*,*,#3346,.F.);
#3346 = EDGE_CURVE('',#3347,#3321,#3349,.T.);
#3347 = VERTEX_POINT('',#3348);
#3348 = CARTESIAN_POINT('',(-507.15,13.179529581893,3.766E+03));
#3349 = SURFACE_CURVE('',#3350,(#3354,#3360),.PCURVE_S1.);
#3350 = LINE('',#3351,#3352);
#3351 = CARTESIAN_POINT('',(-507.15,-35.,3.766E+03));
#3352 = VECTOR('',#3353,1.);
#3353 = DIRECTION('',(0.,-1.,0.));
#3354 = PCURVE('',#3160,#3355);
#3355 = DEFINITIONAL_REPRESENTATION('',(#3356),#3359);
#3356 = B_SPLINE_CURVE_WITH_KNOTS('',1,(#3357,#3358),.UNSPECIFIED.,.F.,
  .F.,(2,2),(-93.65,23.65),.PIECEWISE_BEZIER_KNOTS.);
#3357 = CARTESIAN_POINT('',(46.,-128.65));
#3358 = CARTESIAN_POINT('',(46.,-11.35));
#3359 = ( GEOMETRIC_REPRESENTATION_CONTEXT(2) 
PARAMETRIC_REPRESENTATION_CONTEXT() REPRESENTATION_CONTEXT('2D SPACE',''
  ) );
#3360 = PCURVE('',#3335,#3361);
#3361 = DEFINITIONAL_REPRESENTATION('',(#3362),#3365);
#3362 = B_SPLINE_CURVE_WITH_KNOTS('',1,(#3363,#3364),.UNSPECIFIED.,.F.,
  .F.,(2,2),(-93.65,23.65),.PIECEWISE_BEZIER_KNOTS.);
#3363 = CARTESIAN_POINT('',(-57.15,58.65));
#3364 = CARTESIAN_POINT('',(-57.15,-58.65));
#3365 = ( GEOMETRIC_REPRESENTATION_CONTEXT(2) 
PARAMETRIC_REPRESENTATION_CONTEXT() REPRESENTATION_CONTEXT('2D SPACE',''
  ) );
#3366 = ORIENTED_EDGE('',*,*,#3367,.F.);
#3367 = EDGE_CURVE('',#3368,#3347,#3370,.T.);
#3368 = VERTEX_POINT('',#3369);
#3369 = CARTESIAN_POINT('',(-507.15,13.179529581893,3.754E+03));
#3370 = SURFACE_CURVE('',#3371,(#3375,#3381),.PCURVE_S1.);
#3371 = LINE('',#3372,#3373);
#3372 = CARTESIAN_POINT('',(-507.15,13.179529581893,3.754E+03));
#3373 = VECTOR('',#3374,1.);
#3374 = DIRECTION('',(0.,0.,1.));
#3375 = PCURVE('',#3160,#3376);
#3376 = DEFINITIONAL_REPRESENTATION('',(#3377),#3380);
#3377 = B_SPLINE_CURVE_WITH_KNOTS('',1,(#3378,#3379),.UNSPECIFIED.,.F.,
  .F.,(2,2),(-2.40000008489E-06,12.0000024),.PIECEWISE_BEZIER_KNOTS.);
#3378 = CARTESIAN_POINT('',(33.9999976,-83.17952958189));
#3379 = CARTESIAN_POINT('',(46.0000024,-83.17952958189));
#3380 = ( GEOMETRIC_REPRESENTATION_CONTEXT(2) 
PARAMETRIC_REPRESENTATION_CONTEXT() REPRESENTATION_CONTEXT('2D SPACE',''
  ) );
#3381 = PCURVE('',#3309,#3382);
#3382 = DEFINITIONAL_REPRESENTATION('',(#3383),#3386);
#3383 = B_SPLINE_CURVE_WITH_KNOTS('',1,(#3384,#3385),.UNSPECIFIED.,.F.,
  .F.,(2,2),(0.,12.),.PIECEWISE_BEZIER_KNOTS.);
#3384 = CARTESIAN_POINT('',(9.198127505211,0.));
#3385 = CARTESIAN_POINT('',(9.198127505211,12.));
#3386 = ( GEOMETRIC_REPRESENTATION_CONTEXT(2) 
PARAMETRIC_REPRESENTATION_CONTEXT() REPRESENTATION_CONTEXT('2D SPACE',''
  ) );
#3387 = ORIENTED_EDGE('',*,*,#3388,.T.);
#3388 = EDGE_CURVE('',#3368,#3267,#3389,.T.);
#3389 = SURFACE_CURVE('',#3390,(#3394,#3400),.PCURVE_S1.);
#3390 = LINE('',#3391,#3392);
#3391 = CARTESIAN_POINT('',(-507.15,-35.,3.754E+03));
#3392 = VECTOR('',#3393,1.);
#3393 = DIRECTION('',(0.,-1.,0.));
#3394 = PCURVE('',#3160,#3395);
#3395 = DEFINITIONAL_REPRESENTATION('',(#3396),#3399);
#3396 = B_SPLINE_CURVE_WITH_KNOTS('',1,(#3397,#3398),.UNSPECIFIED.,.F.,
  .F.,(2,2),(-93.65,23.65),.PIECEWISE_BEZIER_KNOTS.);
#3397 = CARTESIAN_POINT('',(34.,-128.65));
#3398 = CARTESIAN_POINT('',(34.,-11.35));
#3399 = ( GEOMETRIC_REPRESENTATION_CONTEXT(2) 
PARAMETRIC_REPRESENTATION_CONTEXT() REPRESENTATION_CONTEXT('2D SPACE',''
  ) );
#3400 = PCURVE('',#3283,#3401);
#3401 = DEFINITIONAL_REPRESENTATION('',(#3402),#3405);
#3402 = B_SPLINE_CURVE_WITH_KNOTS('',1,(#3403,#3404),.UNSPECIFIED.,.F.,
  .F.,(2,2),(-93.65,23.65),.PIECEWISE_BEZIER_KNOTS.);
#3403 = CARTESIAN_POINT('',(-57.15,58.65));
#3404 = CARTESIAN_POINT('',(-57.15,-58.65));
#3405 = ( GEOMETRIC_REPRESENTATION_CONTEXT(2) 
PARAMETRIC_REPRESENTATION_CONTEXT() REPRESENTATION_CONTEXT('2D SPACE',''
  ) );
#3406 = FACE_BOUND('',#3407,.T.);
#3407 = EDGE_LOOP('',(#3408,#3436,#3462,#3488,#3509,#3530));
#3408 = ORIENTED_EDGE('',*,*,#3409,.T.);
#3409 = EDGE_CURVE('',#3410,#3412,#3414,.T.);
#3410 = VERTEX_POINT('',#3411);
#3411 = CARTESIAN_POINT('',(-507.15,1.812371257525E-09,3.934E+03));
#3412 = VERTEX_POINT('',#3413);
#3413 = CARTESIAN_POINT('',(-507.15,-13.17952958189,3.934E+03));
#3414 = SURFACE_CURVE('',#3415,(#3419,#3425),.PCURVE_S1.);
#3415 = LINE('',#3416,#3417);
#3416 = CARTESIAN_POINT('',(-507.15,-35.,3.934E+03));
#3417 = VECTOR('',#3418,1.);
#3418 = DIRECTION('',(0.,-1.,0.));
#3419 = PCURVE('',#3160,#3420);
#3420 = DEFINITIONAL_REPRESENTATION('',(#3421),#3424);
#3421 = B_SPLINE_CURVE_WITH_KNOTS('',1,(#3422,#3423),.UNSPECIFIED.,.F.,
  .F.,(2,2),(-93.65,23.65),.PIECEWISE_BEZIER_KNOTS.);
#3422 = CARTESIAN_POINT('',(214.,-128.65));
#3423 = CARTESIAN_POINT('',(214.,-11.35));
#3424 = ( GEOMETRIC_REPRESENTATION_CONTEXT(2) 
PARAMETRIC_REPRESENTATION_CONTEXT() REPRESENTATION_CONTEXT('2D SPACE',''
  ) );
#3425 = PCURVE('',#3426,#3431);
#3426 = PLANE('',#3427);
#3427 = AXIS2_PLACEMENT_3D('',#3428,#3429,#3430);
#3428 = CARTESIAN_POINT('',(-450.,0.,3.934E+03));
#3429 = DIRECTION('',(0.,0.,1.));
#3430 = DIRECTION('',(1.,0.,-0.));
#3431 = DEFINITIONAL_REPRESENTATION('',(#3432),#3435);
#3432 = B_SPLINE_CURVE_WITH_KNOTS('',1,(#3433,#3434),.UNSPECIFIED.,.F.,
  .F.,(2,2),(-93.65,23.65),.PIECEWISE_BEZIER_KNOTS.);
#3433 = CARTESIAN_POINT('',(-57.15,58.65));
#3434 = CARTESIAN_POINT('',(-57.15,-58.65));
#3435 = ( GEOMETRIC_REPRESENTATION_CONTEXT(2) 
PARAMETRIC_REPRESENTATION_CONTEXT() REPRESENTATION_CONTEXT('2D SPACE',''
  ) );
#3436 = ORIENTED_EDGE('',*,*,#3437,.T.);
#3437 = EDGE_CURVE('',#3412,#3438,#3440,.T.);
#3438 = VERTEX_POINT('',#3439);
#3439 = CARTESIAN_POINT('',(-507.15,-13.17952958189,3.946E+03));
#3440 = SURFACE_CURVE('',#3441,(#3445,#3451),.PCURVE_S1.);
#3441 = LINE('',#3442,#3443);
#3442 = CARTESIAN_POINT('',(-507.15,-13.17952958189,3.934E+03));
#3443 = VECTOR('',#3444,1.);
#3444 = DIRECTION('',(0.,0.,1.));
#3445 = PCURVE('',#3160,#3446);
#3446 = DEFINITIONAL_REPRESENTATION('',(#3447),#3450);
#3447 = B_SPLINE_CURVE_WITH_KNOTS('',1,(#3448,#3449),.UNSPECIFIED.,.F.,
  .F.,(2,2),(-2.40000008489E-06,12.0000024),.PIECEWISE_BEZIER_KNOTS.);
#3448 = CARTESIAN_POINT('',(213.9999976,-56.8204704181));
#3449 = CARTESIAN_POINT('',(226.0000024,-56.8204704181));
#3450 = ( GEOMETRIC_REPRESENTATION_CONTEXT(2) 
PARAMETRIC_REPRESENTATION_CONTEXT() REPRESENTATION_CONTEXT('2D SPACE',''
  ) );
#3451 = PCURVE('',#3452,#3457);
#3452 = CYLINDRICAL_SURFACE('',#3453,58.65);
#3453 = AXIS2_PLACEMENT_3D('',#3454,#3455,#3456);
#3454 = CARTESIAN_POINT('',(-450.,0.,3.934E+03));
#3455 = DIRECTION('',(0.,0.,1.));
#3456 = DIRECTION('',(1.,0.,-0.));
#3457 = DEFINITIONAL_REPRESENTATION('',(#3458),#3461);
#3458 = B_SPLINE_CURVE_WITH_KNOTS('',1,(#3459,#3460),.UNSPECIFIED.,.F.,
  .F.,(2,2),(0.,12.),.PIECEWISE_BEZIER_KNOTS.);
#3459 = CARTESIAN_POINT('',(3.368243109148,0.));
#3460 = CARTESIAN_POINT('',(3.368243109148,12.));
#3461 = ( GEOMETRIC_REPRESENTATION_CONTEXT(2) 
PARAMETRIC_REPRESENTATION_CONTEXT() REPRESENTATION_CONTEXT('2D SPACE',''
  ) );
#3462 = ORIENTED_EDGE('',*,*,#3463,.F.);
#3463 = EDGE_CURVE('',#3464,#3438,#3466,.T.);
#3464 = VERTEX_POINT('',#3465);
#3465 = CARTESIAN_POINT('',(-507.15,1.812371257525E-09,3.946E+03));
#3466 = SURFACE_CURVE('',#3467,(#3471,#3477),.PCURVE_S1.);
#3467 = LINE('',#3468,#3469);
#3468 = CARTESIAN_POINT('',(-507.15,-35.,3.946E+03));
#3469 = VECTOR('',#3470,1.);
#3470 = DIRECTION('',(0.,-1.,0.));
#3471 = PCURVE('',#3160,#3472);
#3472 = DEFINITIONAL_REPRESENTATION('',(#3473),#3476);
#3473 = B_SPLINE_CURVE_WITH_KNOTS('',1,(#3474,#3475),.UNSPECIFIED.,.F.,
  .F.,(2,2),(-93.65,23.65),.PIECEWISE_BEZIER_KNOTS.);
#3474 = CARTESIAN_POINT('',(226.,-128.65));
#3475 = CARTESIAN_POINT('',(226.,-11.35));
#3476 = ( GEOMETRIC_REPRESENTATION_CONTEXT(2) 
PARAMETRIC_REPRESENTATION_CONTEXT() REPRESENTATION_CONTEXT('2D SPACE',''
  ) );
#3477 = PCURVE('',#3478,#3483);
#3478 = PLANE('',#3479);
#3479 = AXIS2_PLACEMENT_3D('',#3480,#3481,#3482);
#3480 = CARTESIAN_POINT('',(-450.,0.,3.946E+03));
#3481 = DIRECTION('',(0.,0.,1.));
#3482 = DIRECTION('',(1.,0.,-0.));
#3483 = DEFINITIONAL_REPRESENTATION('',(#3484),#3487);
#3484 = B_SPLINE_CURVE_WITH_KNOTS('',1,(#3485,#3486),.UNSPECIFIED.,.F.,
  .F.,(2,2),(-93.65,23.65),.PIECEWISE_BEZIER_KNOTS.);
#3485 = CARTESIAN_POINT('',(-57.15,58.65));
#3486 = CARTESIAN_POINT('',(-57.15,-58.65));
#3487 = ( GEOMETRIC_REPRESENTATION_CONTEXT(2) 
PARAMETRIC_REPRESENTATION_CONTEXT() REPRESENTATION_CONTEXT('2D SPACE',''
  ) );
#3488 = ORIENTED_EDGE('',*,*,#3489,.F.);
#3489 = EDGE_CURVE('',#3490,#3464,#3492,.T.);
#3490 = VERTEX_POINT('',#3491);
#3491 = CARTESIAN_POINT('',(-507.15,13.179529581893,3.946E+03));
#3492 = SURFACE_CURVE('',#3493,(#3497,#3503),.PCURVE_S1.);
#3493 = LINE('',#3494,#3495);
#3494 = CARTESIAN_POINT('',(-507.15,-35.,3.946E+03));
#3495 = VECTOR('',#3496,1.);
#3496 = DIRECTION('',(0.,-1.,0.));
#3497 = PCURVE('',#3160,#3498);
#3498 = DEFINITIONAL_REPRESENTATION('',(#3499),#3502);
#3499 = B_SPLINE_CURVE_WITH_KNOTS('',1,(#3500,#3501),.UNSPECIFIED.,.F.,
  .F.,(2,2),(-93.65,23.65),.PIECEWISE_BEZIER_KNOTS.);
#3500 = CARTESIAN_POINT('',(226.,-128.65));
#3501 = CARTESIAN_POINT('',(226.,-11.35));
#3502 = ( GEOMETRIC_REPRESENTATION_CONTEXT(2) 
PARAMETRIC_REPRESENTATION_CONTEXT() REPRESENTATION_CONTEXT('2D SPACE',''
  ) );
#3503 = PCURVE('',#3478,#3504);
#3504 = DEFINITIONAL_REPRESENTATION('',(#3505),#3508);
#3505 = B_SPLINE_CURVE_WITH_KNOTS('',1,(#3506,#3507),.UNSPECIFIED.,.F.,
  .F.,(2,2),(-93.65,23.65),.PIECEWISE_BEZIER_KNOTS.);
#3506 = CARTESIAN_POINT('',(-57.15,58.65));
#3507 = CARTESIAN_POINT('',(-57.15,-58.65));
#3508 = ( GEOMETRIC_REPRESENTATION_CONTEXT(2) 
PARAMETRIC_REPRESENTATION_CONTEXT() REPRESENTATION_CONTEXT('2D SPACE',''
  ) );
#3509 = ORIENTED_EDGE('',*,*,#3510,.F.);
#3510 = EDGE_CURVE('',#3511,#3490,#3513,.T.);
#3511 = VERTEX_POINT('',#3512);
#3512 = CARTESIAN_POINT('',(-507.15,13.179529581893,3.934E+03));
#3513 = SURFACE_CURVE('',#3514,(#3518,#3524),.PCURVE_S1.);
#3514 = LINE('',#3515,#3516);
#3515 = CARTESIAN_POINT('',(-507.15,13.179529581893,3.934E+03));
#3516 = VECTOR('',#3517,1.);
#3517 = DIRECTION('',(0.,0.,1.));
#3518 = PCURVE('',#3160,#3519);
#3519 = DEFINITIONAL_REPRESENTATION('',(#3520),#3523);
#3520 = B_SPLINE_CURVE_WITH_KNOTS('',1,(#3521,#3522),.UNSPECIFIED.,.F.,
  .F.,(2,2),(-2.40000008489E-06,12.0000024),.PIECEWISE_BEZIER_KNOTS.);
#3521 = CARTESIAN_POINT('',(213.9999976,-83.17952958189));
#3522 = CARTESIAN_POINT('',(226.0000024,-83.17952958189));
#3523 = ( GEOMETRIC_REPRESENTATION_CONTEXT(2) 
PARAMETRIC_REPRESENTATION_CONTEXT() REPRESENTATION_CONTEXT('2D SPACE',''
  ) );
#3524 = PCURVE('',#3452,#3525);
#3525 = DEFINITIONAL_REPRESENTATION('',(#3526),#3529);
#3526 = B_SPLINE_CURVE_WITH_KNOTS('',1,(#3527,#3528),.UNSPECIFIED.,.F.,
  .F.,(2,2),(0.,12.),.PIECEWISE_BEZIER_KNOTS.);
#3527 = CARTESIAN_POINT('',(9.198127505211,0.));
#3528 = CARTESIAN_POINT('',(9.198127505211,12.));
#3529 = ( GEOMETRIC_REPRESENTATION_CONTEXT(2) 
PARAMETRIC_REPRESENTATION_CONTEXT() REPRESENTATION_CONTEXT('2D SPACE',''
  ) );
#3530 = ORIENTED_EDGE('',*,*,#3531,.T.);
#3531 = EDGE_CURVE('',#3511,#3410,#3532,.T.);
#3532 = SURFACE_CURVE('',#3533,(#3537,#3543),.PCURVE_S1.);
#3533 = LINE('',#3534,#3535);
#3534 = CARTESIAN_POINT('',(-507.15,-35.,3.934E+03));
#3535 = VECTOR('',#3536,1.);
#3536 = DIRECTION('',(0.,-1.,0.));
#3537 = PCURVE('',#3160,#3538);
#3538 = DEFINITIONAL_REPRESENTATION('',(#3539),#3542);
#3539 = B_SPLINE_CURVE_WITH_KNOTS('',1,(#3540,#3541),.UNSPECIFIED.,.F.,
  .F.,(2,2),(-93.65,23.65),.PIECEWISE_BEZIER_KNOTS.);
#3540 = CARTESIAN_POINT('',(214.,-128.65));
#3541 = CARTESIAN_POINT('',(214.,-11.35));
#3542 = ( GEOMETRIC_REPRESENTATION_CONTEXT(2) 
PARAMETRIC_REPRESENTATION_CONTEXT() REPRESENTATION_CONTEXT('2D SPACE',''
  ) );
#3543 = PCURVE('',#3426,#3544);
#3544 = DEFINITIONAL_REPRESENTATION('',(#3545),#3548);
#3545 = B_SPLINE_CURVE_WITH_KNOTS('',1,(#3546,#3547),.UNSPECIFIED.,.F.,
  .F.,(2,2),(-93.65,23.65),.PIECEWISE_BEZIER_KNOTS.);
#3546 = CARTESIAN_POINT('',(-57.15,58.65));
#3547 = CARTESIAN_POINT('',(-57.15,-58.65));
#3548 = ( GEOMETRIC_REPRESENTATION_CONTEXT(2) 
PARAMETRIC_REPRESENTATION_CONTEXT() REPRESENTATION_CONTEXT('2D SPACE',''
  ) );
#3549 = ADVANCED_FACE('',(#3550,#3580),#3478,.T.);
#3550 = FACE_BOUND('',#3551,.T.);
#3551 = EDGE_LOOP('',(#3552,#3553,#3579));
#3552 = ORIENTED_EDGE('',*,*,#3463,.T.);
#3553 = ORIENTED_EDGE('',*,*,#3554,.F.);
#3554 = EDGE_CURVE('',#3490,#3438,#3555,.T.);
#3555 = SURFACE_CURVE('',#3556,(#3561,#3572),.PCURVE_S1.);
#3556 = CIRCLE('',#3557,58.65);
#3557 = AXIS2_PLACEMENT_3D('',#3558,#3559,#3560);
#3558 = CARTESIAN_POINT('',(-450.,0.,3.946E+03));
#3559 = DIRECTION('',(0.,0.,-1.));
#3560 = DIRECTION('',(-0.97442455243,0.224714911882,0.));
#3561 = PCURVE('',#3478,#3562);
#3562 = DEFINITIONAL_REPRESENTATION('',(#3563),#3571);
#3563 = ( BOUNDED_CURVE() B_SPLINE_CURVE(2,(#3564,#3565,#3566,#3567,
#3568,#3569,#3570),.UNSPECIFIED.,.T.,.F.) B_SPLINE_CURVE_WITH_KNOTS((1,2
    ,2,2,2,1),(-2.094395102393,0.,2.094395102393,4.188790204786,
6.28318530718,8.377580409573),.UNSPECIFIED.) CURVE() 
GEOMETRIC_REPRESENTATION_ITEM() RATIONAL_B_SPLINE_CURVE((1.,0.5,1.,0.5,
1.,0.5,1.)) REPRESENTATION_ITEM('') );
#3564 = CARTESIAN_POINT('',(-57.15,13.179529581893));
#3565 = CARTESIAN_POINT('',(-34.3223851443,112.16623323445));
#3566 = CARTESIAN_POINT('',(39.988807427848,42.903587035334));
#3567 = CARTESIAN_POINT('',(114.3,-26.35905916378));
#3568 = CARTESIAN_POINT('',(17.161192572152,-56.08311661722));
#3569 = CARTESIAN_POINT('',(-79.97761485569,-85.80717407066));
#3570 = CARTESIAN_POINT('',(-57.15,13.179529581893));
#3571 = ( GEOMETRIC_REPRESENTATION_CONTEXT(2) 
PARAMETRIC_REPRESENTATION_CONTEXT() REPRESENTATION_CONTEXT('2D SPACE',''
  ) );
#3572 = PCURVE('',#3452,#3573);
#3573 = DEFINITIONAL_REPRESENTATION('',(#3574),#3578);
#3574 = LINE('',#3575,#3576);
#3575 = CARTESIAN_POINT('',(9.198127505211,12.));
#3576 = VECTOR('',#3577,1.);
#3577 = DIRECTION('',(-1.,-0.));
#3578 = ( GEOMETRIC_REPRESENTATION_CONTEXT(2) 
PARAMETRIC_REPRESENTATION_CONTEXT() REPRESENTATION_CONTEXT('2D SPACE',''
  ) );
#3579 = ORIENTED_EDGE('',*,*,#3489,.T.);
#3580 = FACE_BOUND('',#3581,.T.);
#3581 = EDGE_LOOP('',(#3582,#3613));
#3582 = ORIENTED_EDGE('',*,*,#3583,.F.);
#3583 = EDGE_CURVE('',#3584,#3586,#3588,.T.);
#3584 = VERTEX_POINT('',#3585);
#3585 = CARTESIAN_POINT('',(-507.15,1.812371257525E-09,3.946E+03));
#3586 = VERTEX_POINT('',#3587);
#3587 = CARTESIAN_POINT('',(-392.85,-1.399771291425E-14,3.946E+03));
#3588 = SURFACE_CURVE('',#3589,(#3594,#3601),.PCURVE_S1.);
#3589 = CIRCLE('',#3590,57.15);
#3590 = AXIS2_PLACEMENT_3D('',#3591,#3592,#3593);
#3591 = CARTESIAN_POINT('',(-450.,0.,3.946E+03));
#3592 = DIRECTION('',(0.,0.,1.));
#3593 = DIRECTION('',(1.,0.,-0.));
#3594 = PCURVE('',#3478,#3595);
#3595 = DEFINITIONAL_REPRESENTATION('',(#3596),#3600);
#3596 = CIRCLE('',#3597,57.15);
#3597 = AXIS2_PLACEMENT_2D('',#3598,#3599);
#3598 = CARTESIAN_POINT('',(0.,0.));
#3599 = DIRECTION('',(1.,0.));
#3600 = ( GEOMETRIC_REPRESENTATION_CONTEXT(2) 
PARAMETRIC_REPRESENTATION_CONTEXT() REPRESENTATION_CONTEXT('2D SPACE',''
  ) );
#3601 = PCURVE('',#3602,#3607);
#3602 = CYLINDRICAL_SURFACE('',#3603,57.15);
#3603 = AXIS2_PLACEMENT_3D('',#3604,#3605,#3606);
#3604 = CARTESIAN_POINT('',(-450.,0.,3.933E+03));
#3605 = DIRECTION('',(0.,0.,1.));
#3606 = DIRECTION('',(1.,0.,-0.));
#3607 = DEFINITIONAL_REPRESENTATION('',(#3608),#3612);
#3608 = LINE('',#3609,#3610);
#3609 = CARTESIAN_POINT('',(0.,13.));
#3610 = VECTOR('',#3611,1.);
#3611 = DIRECTION('',(1.,0.));
#3612 = ( GEOMETRIC_REPRESENTATION_CONTEXT(2) 
PARAMETRIC_REPRESENTATION_CONTEXT() REPRESENTATION_CONTEXT('2D SPACE',''
  ) );
#3613 = ORIENTED_EDGE('',*,*,#3614,.F.);
#3614 = EDGE_CURVE('',#3586,#3584,#3615,.T.);
#3615 = SURFACE_CURVE('',#3616,(#3621,#3628),.PCURVE_S1.);
#3616 = CIRCLE('',#3617,57.15);
#3617 = AXIS2_PLACEMENT_3D('',#3618,#3619,#3620);
#3618 = CARTESIAN_POINT('',(-450.,0.,3.946E+03));
#3619 = DIRECTION('',(0.,0.,1.));
#3620 = DIRECTION('',(1.,0.,-0.));
#3621 = PCURVE('',#3478,#3622);
#3622 = DEFINITIONAL_REPRESENTATION('',(#3623),#3627);
#3623 = CIRCLE('',#3624,57.15);
#3624 = AXIS2_PLACEMENT_2D('',#3625,#3626);
#3625 = CARTESIAN_POINT('',(0.,0.));
#3626 = DIRECTION('',(1.,0.));
#3627 = ( GEOMETRIC_REPRESENTATION_CONTEXT(2) 
PARAMETRIC_REPRESENTATION_CONTEXT() REPRESENTATION_CONTEXT('2D SPACE',''
  ) );
#3628 = PCURVE('',#3602,#3629);
#3629 = DEFINITIONAL_REPRESENTATION('',(#3630),#3634);
#3630 = LINE('',#3631,#3632);
#3631 = CARTESIAN_POINT('',(0.,13.));
#3632 = VECTOR('',#3633,1.);
#3633 = DIRECTION('',(1.,0.));
#3634 = ( GEOMETRIC_REPRESENTATION_CONTEXT(2) 
PARAMETRIC_REPRESENTATION_CONTEXT() REPRESENTATION_CONTEXT('2D SPACE',''
  ) );
#3635 = ADVANCED_FACE('',(#3636),#3602,.F.);
#3636 = FACE_BOUND('',#3637,.F.);
#3637 = EDGE_LOOP('',(#3638,#3664,#3685,#3686,#3687,#3688));
#3638 = ORIENTED_EDGE('',*,*,#3639,.T.);
#3639 = EDGE_CURVE('',#3640,#3642,#3644,.T.);
#3640 = VERTEX_POINT('',#3641);
#3641 = CARTESIAN_POINT('',(-507.15,1.812371257525E-09,3.934E+03));
#3642 = VERTEX_POINT('',#3643);
#3643 = CARTESIAN_POINT('',(-392.85,-1.399771291425E-14,3.934E+03));
#3644 = SURFACE_CURVE('',#3645,(#3650,#3657),.PCURVE_S1.);
#3645 = CIRCLE('',#3646,57.15);
#3646 = AXIS2_PLACEMENT_3D('',#3647,#3648,#3649);
#3647 = CARTESIAN_POINT('',(-450.,0.,3.934E+03));
#3648 = DIRECTION('',(0.,0.,1.));
#3649 = DIRECTION('',(1.,0.,-0.));
#3650 = PCURVE('',#3602,#3651);
#3651 = DEFINITIONAL_REPRESENTATION('',(#3652),#3656);
#3652 = LINE('',#3653,#3654);
#3653 = CARTESIAN_POINT('',(0.,1.));
#3654 = VECTOR('',#3655,1.);
#3655 = DIRECTION('',(1.,0.));
#3656 = ( GEOMETRIC_REPRESENTATION_CONTEXT(2) 
PARAMETRIC_REPRESENTATION_CONTEXT() REPRESENTATION_CONTEXT('2D SPACE',''
  ) );
#3657 = PCURVE('',#3426,#3658);
#3658 = DEFINITIONAL_REPRESENTATION('',(#3659),#3663);
#3659 = CIRCLE('',#3660,57.15);
#3660 = AXIS2_PLACEMENT_2D('',#3661,#3662);
#3661 = CARTESIAN_POINT('',(0.,0.));
#3662 = DIRECTION('',(1.,0.));
#3663 = ( GEOMETRIC_REPRESENTATION_CONTEXT(2) 
PARAMETRIC_REPRESENTATION_CONTEXT() REPRESENTATION_CONTEXT('2D SPACE',''
  ) );
#3664 = ORIENTED_EDGE('',*,*,#3665,.T.);
#3665 = EDGE_CURVE('',#3642,#3586,#3666,.T.);
#3666 = SEAM_CURVE('',#3667,(#3671,#3678),.PCURVE_S1.);
#3667 = LINE('',#3668,#3669);
#3668 = CARTESIAN_POINT('',(-392.85,-1.399771291425E-14,3.933E+03));
#3669 = VECTOR('',#3670,1.);
#3670 = DIRECTION('',(0.,0.,1.));
#3671 = PCURVE('',#3602,#3672);
#3672 = DEFINITIONAL_REPRESENTATION('',(#3673),#3677);
#3673 = LINE('',#3674,#3675);
#3674 = CARTESIAN_POINT('',(6.28318530718,-0.));
#3675 = VECTOR('',#3676,1.);
#3676 = DIRECTION('',(0.,1.));
#3677 = ( GEOMETRIC_REPRESENTATION_CONTEXT(2) 
PARAMETRIC_REPRESENTATION_CONTEXT() REPRESENTATION_CONTEXT('2D SPACE',''
  ) );
#3678 = PCURVE('',#3602,#3679);
#3679 = DEFINITIONAL_REPRESENTATION('',(#3680),#3684);
#3680 = LINE('',#3681,#3682);
#3681 = CARTESIAN_POINT('',(0.,-0.));
#3682 = VECTOR('',#3683,1.);
#3683 = DIRECTION('',(0.,1.));
#3684 = ( GEOMETRIC_REPRESENTATION_CONTEXT(2) 
PARAMETRIC_REPRESENTATION_CONTEXT() REPRESENTATION_CONTEXT('2D SPACE',''
  ) );
#3685 = ORIENTED_EDGE('',*,*,#3583,.F.);
#3686 = ORIENTED_EDGE('',*,*,#3614,.F.);
#3687 = ORIENTED_EDGE('',*,*,#3665,.F.);
#3688 = ORIENTED_EDGE('',*,*,#3689,.T.);
#3689 = EDGE_CURVE('',#3642,#3640,#3690,.T.);
#3690 = SURFACE_CURVE('',#3691,(#3696,#3703),.PCURVE_S1.);
#3691 = CIRCLE('',#3692,57.15);
#3692 = AXIS2_PLACEMENT_3D('',#3693,#3694,#3695);
#3693 = CARTESIAN_POINT('',(-450.,0.,3.934E+03));
#3694 = DIRECTION('',(0.,0.,1.));
#3695 = DIRECTION('',(1.,0.,-0.));
#3696 = PCURVE('',#3602,#3697);
#3697 = DEFINITIONAL_REPRESENTATION('',(#3698),#3702);
#3698 = LINE('',#3699,#3700);
#3699 = CARTESIAN_POINT('',(0.,1.));
#3700 = VECTOR('',#3701,1.);
#3701 = DIRECTION('',(1.,0.));
#3702 = ( GEOMETRIC_REPRESENTATION_CONTEXT(2) 
PARAMETRIC_REPRESENTATION_CONTEXT() REPRESENTATION_CONTEXT('2D SPACE',''
  ) );
#3703 = PCURVE('',#3426,#3704);
#3704 = DEFINITIONAL_REPRESENTATION('',(#3705),#3709);
#3705 = CIRCLE('',#3706,57.15);
#3706 = AXIS2_PLACEMENT_2D('',#3707,#3708);
#3707 = CARTESIAN_POINT('',(0.,0.));
#3708 = DIRECTION('',(1.,0.));
#3709 = ( GEOMETRIC_REPRESENTATION_CONTEXT(2) 
PARAMETRIC_REPRESENTATION_CONTEXT() REPRESENTATION_CONTEXT('2D SPACE',''
  ) );
#3710 = ADVANCED_FACE('',(#3711),#3452,.T.);
#3711 = FACE_BOUND('',#3712,.T.);
#3712 = EDGE_LOOP('',(#3713,#3714,#3715,#3741));
#3713 = ORIENTED_EDGE('',*,*,#3554,.T.);
#3714 = ORIENTED_EDGE('',*,*,#3437,.F.);
#3715 = ORIENTED_EDGE('',*,*,#3716,.F.);
#3716 = EDGE_CURVE('',#3511,#3412,#3717,.T.);
#3717 = SURFACE_CURVE('',#3718,(#3723,#3730),.PCURVE_S1.);
#3718 = CIRCLE('',#3719,58.65);
#3719 = AXIS2_PLACEMENT_3D('',#3720,#3721,#3722);
#3720 = CARTESIAN_POINT('',(-450.,0.,3.934E+03));
#3721 = DIRECTION('',(0.,0.,-1.));
#3722 = DIRECTION('',(-0.97442455243,0.224714911882,0.));
#3723 = PCURVE('',#3452,#3724);
#3724 = DEFINITIONAL_REPRESENTATION('',(#3725),#3729);
#3725 = LINE('',#3726,#3727);
#3726 = CARTESIAN_POINT('',(9.198127505211,0.));
#3727 = VECTOR('',#3728,1.);
#3728 = DIRECTION('',(-1.,-0.));
#3729 = ( GEOMETRIC_REPRESENTATION_CONTEXT(2) 
PARAMETRIC_REPRESENTATION_CONTEXT() REPRESENTATION_CONTEXT('2D SPACE',''
  ) );
#3730 = PCURVE('',#3426,#3731);
#3731 = DEFINITIONAL_REPRESENTATION('',(#3732),#3740);
#3732 = ( BOUNDED_CURVE() B_SPLINE_CURVE(2,(#3733,#3734,#3735,#3736,
#3737,#3738,#3739),.UNSPECIFIED.,.T.,.F.) B_SPLINE_CURVE_WITH_KNOTS((1,2
    ,2,2,2,1),(-2.094395102393,0.,2.094395102393,4.188790204786,
6.28318530718,8.377580409573),.UNSPECIFIED.) CURVE() 
GEOMETRIC_REPRESENTATION_ITEM() RATIONAL_B_SPLINE_CURVE((1.,0.5,1.,0.5,
1.,0.5,1.)) REPRESENTATION_ITEM('') );
#3733 = CARTESIAN_POINT('',(-57.15,13.179529581893));
#3734 = CARTESIAN_POINT('',(-34.3223851443,112.16623323445));
#3735 = CARTESIAN_POINT('',(39.988807427848,42.903587035334));
#3736 = CARTESIAN_POINT('',(114.3,-26.35905916378));
#3737 = CARTESIAN_POINT('',(17.161192572152,-56.08311661722));
#3738 = CARTESIAN_POINT('',(-79.97761485569,-85.80717407066));
#3739 = CARTESIAN_POINT('',(-57.15,13.179529581893));
#3740 = ( GEOMETRIC_REPRESENTATION_CONTEXT(2) 
PARAMETRIC_REPRESENTATION_CONTEXT() REPRESENTATION_CONTEXT('2D SPACE',''
  ) );
#3741 = ORIENTED_EDGE('',*,*,#3510,.T.);
#3742 = ADVANCED_FACE('',(#3743,#3748),#3426,.F.);
#3743 = FACE_BOUND('',#3744,.F.);
#3744 = EDGE_LOOP('',(#3745,#3746,#3747));
#3745 = ORIENTED_EDGE('',*,*,#3409,.T.);
#3746 = ORIENTED_EDGE('',*,*,#3716,.F.);
#3747 = ORIENTED_EDGE('',*,*,#3531,.T.);
#3748 = FACE_BOUND('',#3749,.F.);
#3749 = EDGE_LOOP('',(#3750,#3751));
#3750 = ORIENTED_EDGE('',*,*,#3639,.F.);
#3751 = ORIENTED_EDGE('',*,*,#3689,.F.);
#3752 = ADVANCED_FACE('',(#3753,#3783),#3335,.T.);
#3753 = FACE_BOUND('',#3754,.T.);
#3754 = EDGE_LOOP('',(#3755,#3756,#3782));
#3755 = ORIENTED_EDGE('',*,*,#3320,.T.);
#3756 = ORIENTED_EDGE('',*,*,#3757,.F.);
#3757 = EDGE_CURVE('',#3347,#3295,#3758,.T.);
#3758 = SURFACE_CURVE('',#3759,(#3764,#3775),.PCURVE_S1.);
#3759 = CIRCLE('',#3760,58.65);
#3760 = AXIS2_PLACEMENT_3D('',#3761,#3762,#3763);
#3761 = CARTESIAN_POINT('',(-450.,0.,3.766E+03));
#3762 = DIRECTION('',(0.,0.,-1.));
#3763 = DIRECTION('',(-0.97442455243,0.224714911882,0.));
#3764 = PCURVE('',#3335,#3765);
#3765 = DEFINITIONAL_REPRESENTATION('',(#3766),#3774);
#3766 = ( BOUNDED_CURVE() B_SPLINE_CURVE(2,(#3767,#3768,#3769,#3770,
#3771,#3772,#3773),.UNSPECIFIED.,.T.,.F.) B_SPLINE_CURVE_WITH_KNOTS((1,2
    ,2,2,2,1),(-2.094395102393,0.,2.094395102393,4.188790204786,
6.28318530718,8.377580409573),.UNSPECIFIED.) CURVE() 
GEOMETRIC_REPRESENTATION_ITEM() RATIONAL_B_SPLINE_CURVE((1.,0.5,1.,0.5,
1.,0.5,1.)) REPRESENTATION_ITEM('') );
#3767 = CARTESIAN_POINT('',(-57.15,13.179529581893));
#3768 = CARTESIAN_POINT('',(-34.3223851443,112.16623323445));
#3769 = CARTESIAN_POINT('',(39.988807427848,42.903587035334));
#3770 = CARTESIAN_POINT('',(114.3,-26.35905916378));
#3771 = CARTESIAN_POINT('',(17.161192572152,-56.08311661722));
#3772 = CARTESIAN_POINT('',(-79.97761485569,-85.80717407066));
#3773 = CARTESIAN_POINT('',(-57.15,13.179529581893));
#3774 = ( GEOMETRIC_REPRESENTATION_CONTEXT(2) 
PARAMETRIC_REPRESENTATION_CONTEXT() REPRESENTATION_CONTEXT('2D SPACE',''
  ) );
#3775 = PCURVE('',#3309,#3776);
#3776 = DEFINITIONAL_REPRESENTATION('',(#3777),#3781);
#3777 = LINE('',#3778,#3779);
#3778 = CARTESIAN_POINT('',(9.198127505211,12.));
#3779 = VECTOR('',#3780,1.);
#3780 = DIRECTION('',(-1.,-0.));
#3781 = ( GEOMETRIC_REPRESENTATION_CONTEXT(2) 
PARAMETRIC_REPRESENTATION_CONTEXT() REPRESENTATION_CONTEXT('2D SPACE',''
  ) );
#3782 = ORIENTED_EDGE('',*,*,#3346,.T.);
#3783 = FACE_BOUND('',#3784,.T.);
#3784 = EDGE_LOOP('',(#3785,#3816));
#3785 = ORIENTED_EDGE('',*,*,#3786,.F.);
#3786 = EDGE_CURVE('',#3787,#3789,#3791,.T.);
#3787 = VERTEX_POINT('',#3788);
#3788 = CARTESIAN_POINT('',(-507.15,1.812371257525E-09,3.766E+03));
#3789 = VERTEX_POINT('',#3790);
#3790 = CARTESIAN_POINT('',(-392.85,-1.399771291425E-14,3.766E+03));
#3791 = SURFACE_CURVE('',#3792,(#3797,#3804),.PCURVE_S1.);
#3792 = CIRCLE('',#3793,57.15);
#3793 = AXIS2_PLACEMENT_3D('',#3794,#3795,#3796);
#3794 = CARTESIAN_POINT('',(-450.,0.,3.766E+03));
#3795 = DIRECTION('',(0.,0.,1.));
#3796 = DIRECTION('',(1.,0.,-0.));
#3797 = PCURVE('',#3335,#3798);
#3798 = DEFINITIONAL_REPRESENTATION('',(#3799),#3803);
#3799 = CIRCLE('',#3800,57.15);
#3800 = AXIS2_PLACEMENT_2D('',#3801,#3802);
#3801 = CARTESIAN_POINT('',(0.,0.));
#3802 = DIRECTION('',(1.,0.));
#3803 = ( GEOMETRIC_REPRESENTATION_CONTEXT(2) 
PARAMETRIC_REPRESENTATION_CONTEXT() REPRESENTATION_CONTEXT('2D SPACE',''
  ) );
#3804 = PCURVE('',#3805,#3810);
#3805 = CYLINDRICAL_SURFACE('',#3806,57.15);
#3806 = AXIS2_PLACEMENT_3D('',#3807,#3808,#3809);
#3807 = CARTESIAN_POINT('',(-450.,0.,3.753E+03));
#3808 = DIRECTION('',(0.,0.,1.));
#3809 = DIRECTION('',(1.,0.,-0.));
#3810 = DEFINITIONAL_REPRESENTATION('',(#3811),#3815);
#3811 = LINE('',#3812,#3813);
#3812 = CARTESIAN_POINT('',(0.,13.));
#3813 = VECTOR('',#3814,1.);
#3814 = DIRECTION('',(1.,0.));
#3815 = ( GEOMETRIC_REPRESENTATION_CONTEXT(2) 
PARAMETRIC_REPRESENTATION_CONTEXT() REPRESENTATION_CONTEXT('2D SPACE',''
  ) );
#3816 = ORIENTED_EDGE('',*,*,#3817,.F.);
#3817 = EDGE_CURVE('',#3789,#3787,#3818,.T.);
#3818 = SURFACE_CURVE('',#3819,(#3824,#3831),.PCURVE_S1.);
#3819 = CIRCLE('',#3820,57.15);
#3820 = AXIS2_PLACEMENT_3D('',#3821,#3822,#3823);
#3821 = CARTESIAN_POINT('',(-450.,0.,3.766E+03));
#3822 = DIRECTION('',(0.,0.,1.));
#3823 = DIRECTION('',(1.,0.,-0.));
#3824 = PCURVE('',#3335,#3825);
#3825 = DEFINITIONAL_REPRESENTATION('',(#3826),#3830);
#3826 = CIRCLE('',#3827,57.15);
#3827 = AXIS2_PLACEMENT_2D('',#3828,#3829);
#3828 = CARTESIAN_POINT('',(0.,0.));
#3829 = DIRECTION('',(1.,0.));
#3830 = ( GEOMETRIC_REPRESENTATION_CONTEXT(2) 
PARAMETRIC_REPRESENTATION_CONTEXT() REPRESENTATION_CONTEXT('2D SPACE',''
  ) );
#3831 = PCURVE('',#3805,#3832);
#3832 = DEFINITIONAL_REPRESENTATION('',(#3833),#3837);
#3833 = LINE('',#3834,#3835);
#3834 = CARTESIAN_POINT('',(0.,13.));
#3835 = VECTOR('',#3836,1.);
#3836 = DIRECTION('',(1.,0.));
#3837 = ( GEOMETRIC_REPRESENTATION_CONTEXT(2) 
PARAMETRIC_REPRESENTATION_CONTEXT() REPRESENTATION_CONTEXT('2D SPACE',''
  ) );
#3838 = ADVANCED_FACE('',(#3839),#3805,.F.);
#3839 = FACE_BOUND('',#3840,.F.);
#3840 = EDGE_LOOP('',(#3841,#3867,#3888,#3889,#3890,#3891));
#3841 = ORIENTED_EDGE('',*,*,#3842,.T.);
#3842 = EDGE_CURVE('',#3843,#3845,#3847,.T.);
#3843 = VERTEX_POINT('',#3844);
#3844 = CARTESIAN_POINT('',(-507.15,1.812371257525E-09,3.754E+03));
#3845 = VERTEX_POINT('',#3846);
#3846 = CARTESIAN_POINT('',(-392.85,-1.399771291425E-14,3.754E+03));
#3847 = SURFACE_CURVE('',#3848,(#3853,#3860),.PCURVE_S1.);
#3848 = CIRCLE('',#3849,57.15);
#3849 = AXIS2_PLACEMENT_3D('',#3850,#3851,#3852);
#3850 = CARTESIAN_POINT('',(-450.,0.,3.754E+03));
#3851 = DIRECTION('',(0.,0.,1.));
#3852 = DIRECTION('',(1.,0.,-0.));
#3853 = PCURVE('',#3805,#3854);
#3854 = DEFINITIONAL_REPRESENTATION('',(#3855),#3859);
#3855 = LINE('',#3856,#3857);
#3856 = CARTESIAN_POINT('',(0.,1.));
#3857 = VECTOR('',#3858,1.);
#3858 = DIRECTION('',(1.,0.));
#3859 = ( GEOMETRIC_REPRESENTATION_CONTEXT(2) 
PARAMETRIC_REPRESENTATION_CONTEXT() REPRESENTATION_CONTEXT('2D SPACE',''
  ) );
#3860 = PCURVE('',#3283,#3861);
#3861 = DEFINITIONAL_REPRESENTATION('',(#3862),#3866);
#3862 = CIRCLE('',#3863,57.15);
#3863 = AXIS2_PLACEMENT_2D('',#3864,#3865);
#3864 = CARTESIAN_POINT('',(0.,0.));
#3865 = DIRECTION('',(1.,0.));
#3866 = ( GEOMETRIC_REPRESENTATION_CONTEXT(2) 
PARAMETRIC_REPRESENTATION_CONTEXT() REPRESENTATION_CONTEXT('2D SPACE',''
  ) );
#3867 = ORIENTED_EDGE('',*,*,#3868,.T.);
#3868 = EDGE_CURVE('',#3845,#3789,#3869,.T.);
#3869 = SEAM_CURVE('',#3870,(#3874,#3881),.PCURVE_S1.);
#3870 = LINE('',#3871,#3872);
#3871 = CARTESIAN_POINT('',(-392.85,-1.399771291425E-14,3.753E+03));
#3872 = VECTOR('',#3873,1.);
#3873 = DIRECTION('',(0.,0.,1.));
#3874 = PCURVE('',#3805,#3875);
#3875 = DEFINITIONAL_REPRESENTATION('',(#3876),#3880);
#3876 = LINE('',#3877,#3878);
#3877 = CARTESIAN_POINT('',(6.28318530718,-0.));
#3878 = VECTOR('',#3879,1.);
#3879 = DIRECTION('',(0.,1.));
#3880 = ( GEOMETRIC_REPRESENTATION_CONTEXT(2) 
PARAMETRIC_REPRESENTATION_CONTEXT() REPRESENTATION_CONTEXT('2D SPACE',''
  ) );
#3881 = PCURVE('',#3805,#3882);
#3882 = DEFINITIONAL_REPRESENTATION('',(#3883),#3887);
#3883 = LINE('',#3884,#3885);
#3884 = CARTESIAN_POINT('',(0.,-0.));
#3885 = VECTOR('',#3886,1.);
#3886 = DIRECTION('',(0.,1.));
#3887 = ( GEOMETRIC_REPRESENTATION_CONTEXT(2) 
PARAMETRIC_REPRESENTATION_CONTEXT() REPRESENTATION_CONTEXT('2D SPACE',''
  ) );
#3888 = ORIENTED_EDGE('',*,*,#3786,.F.);
#3889 = ORIENTED_EDGE('',*,*,#3817,.F.);
#3890 = ORIENTED_EDGE('',*,*,#3868,.F.);
#3891 = ORIENTED_EDGE('',*,*,#3892,.T.);
#3892 = EDGE_CURVE('',#3845,#3843,#3893,.T.);
#3893 = SURFACE_CURVE('',#3894,(#3899,#3906),.PCURVE_S1.);
#3894 = CIRCLE('',#3895,57.15);
#3895 = AXIS2_PLACEMENT_3D('',#3896,#3897,#3898);
#3896 = CARTESIAN_POINT('',(-450.,0.,3.754E+03));
#3897 = DIRECTION('',(0.,0.,1.));
#3898 = DIRECTION('',(1.,0.,-0.));
#3899 = PCURVE('',#3805,#3900);
#3900 = DEFINITIONAL_REPRESENTATION('',(#3901),#3905);
#3901 = LINE('',#3902,#3903);
#3902 = CARTESIAN_POINT('',(0.,1.));
#3903 = VECTOR('',#3904,1.);
#3904 = DIRECTION('',(1.,0.));
#3905 = ( GEOMETRIC_REPRESENTATION_CONTEXT(2) 
PARAMETRIC_REPRESENTATION_CONTEXT() REPRESENTATION_CONTEXT('2D SPACE',''
  ) );
#3906 = PCURVE('',#3283,#3907);
#3907 = DEFINITIONAL_REPRESENTATION('',(#3908),#3912);
#3908 = CIRCLE('',#3909,57.15);
#3909 = AXIS2_PLACEMENT_2D('',#3910,#3911);
#3910 = CARTESIAN_POINT('',(0.,0.));
#3911 = DIRECTION('',(1.,0.));
#3912 = ( GEOMETRIC_REPRESENTATION_CONTEXT(2) 
PARAMETRIC_REPRESENTATION_CONTEXT() REPRESENTATION_CONTEXT('2D SPACE',''
  ) );
#3913 = ADVANCED_FACE('',(#3914),#3309,.T.);
#3914 = FACE_BOUND('',#3915,.T.);
#3915 = EDGE_LOOP('',(#3916,#3917,#3918,#3944));
#3916 = ORIENTED_EDGE('',*,*,#3757,.T.);
#3917 = ORIENTED_EDGE('',*,*,#3294,.F.);
#3918 = ORIENTED_EDGE('',*,*,#3919,.F.);
#3919 = EDGE_CURVE('',#3368,#3269,#3920,.T.);
#3920 = SURFACE_CURVE('',#3921,(#3926,#3933),.PCURVE_S1.);
#3921 = CIRCLE('',#3922,58.65);
#3922 = AXIS2_PLACEMENT_3D('',#3923,#3924,#3925);
#3923 = CARTESIAN_POINT('',(-450.,0.,3.754E+03));
#3924 = DIRECTION('',(0.,0.,-1.));
#3925 = DIRECTION('',(-0.97442455243,0.224714911882,0.));
#3926 = PCURVE('',#3309,#3927);
#3927 = DEFINITIONAL_REPRESENTATION('',(#3928),#3932);
#3928 = LINE('',#3929,#3930);
#3929 = CARTESIAN_POINT('',(9.198127505211,0.));
#3930 = VECTOR('',#3931,1.);
#3931 = DIRECTION('',(-1.,-0.));
#3932 = ( GEOMETRIC_REPRESENTATION_CONTEXT(2) 
PARAMETRIC_REPRESENTATION_CONTEXT() REPRESENTATION_CONTEXT('2D SPACE',''
  ) );
#3933 = PCURVE('',#3283,#3934);
#3934 = DEFINITIONAL_REPRESENTATION('',(#3935),#3943);
#3935 = ( BOUNDED_CURVE() B_SPLINE_CURVE(2,(#3936,#3937,#3938,#3939,
#3940,#3941,#3942),.UNSPECIFIED.,.T.,.F.) B_SPLINE_CURVE_WITH_KNOTS((1,2
    ,2,2,2,1),(-2.094395102393,0.,2.094395102393,4.188790204786,
6.28318530718,8.377580409573),.UNSPECIFIED.) CURVE() 
GEOMETRIC_REPRESENTATION_ITEM() RATIONAL_B_SPLINE_CURVE((1.,0.5,1.,0.5,
1.,0.5,1.)) REPRESENTATION_ITEM('') );
#3936 = CARTESIAN_POINT('',(-57.15,13.179529581893));
#3937 = CARTESIAN_POINT('',(-34.3223851443,112.16623323445));
#3938 = CARTESIAN_POINT('',(39.988807427848,42.903587035334));
#3939 = CARTESIAN_POINT('',(114.3,-26.35905916378));
#3940 = CARTESIAN_POINT('',(17.161192572152,-56.08311661722));
#3941 = CARTESIAN_POINT('',(-79.97761485569,-85.80717407066));
#3942 = CARTESIAN_POINT('',(-57.15,13.179529581893));
#3943 = ( GEOMETRIC_REPRESENTATION_CONTEXT(2) 
PARAMETRIC_REPRESENTATION_CONTEXT() REPRESENTATION_CONTEXT('2D SPACE',''
  ) );
#3944 = ORIENTED_EDGE('',*,*,#3367,.T.);
#3945 = ADVANCED_FACE('',(#3946,#3951),#3283,.F.);
#3946 = FACE_BOUND('',#3947,.F.);
#3947 = EDGE_LOOP('',(#3948,#3949,#3950));
#3948 = ORIENTED_EDGE('',*,*,#3266,.T.);
#3949 = ORIENTED_EDGE('',*,*,#3919,.F.);
#3950 = ORIENTED_EDGE('',*,*,#3388,.T.);
#3951 = FACE_BOUND('',#3952,.F.);
#3952 = EDGE_LOOP('',(#3953,#3954));
#3953 = ORIENTED_EDGE('',*,*,#3842,.F.);
#3954 = ORIENTED_EDGE('',*,*,#3892,.F.);
#3955 = ADVANCED_FACE('',(#3956),#3079,.T.);
#3956 = FACE_BOUND('',#3957,.T.);
#3957 = EDGE_LOOP('',(#3958,#3959,#3960,#3981));
#3958 = ORIENTED_EDGE('',*,*,#3172,.F.);
#3959 = ORIENTED_EDGE('',*,*,#3063,.T.);
#3960 = ORIENTED_EDGE('',*,*,#3961,.T.);
#3961 = EDGE_CURVE('',#3064,#3221,#3962,.T.);
#3962 = SURFACE_CURVE('',#3963,(#3967,#3974),.PCURVE_S1.);
#3963 = LINE('',#3964,#3965);
#3964 = CARTESIAN_POINT('',(-510.15,70.,3.98E+03));
#3965 = VECTOR('',#3966,1.);
#3966 = DIRECTION('',(1.,0.,-0.));
#3967 = PCURVE('',#3079,#3968);
#3968 = DEFINITIONAL_REPRESENTATION('',(#3969),#3973);
#3969 = LINE('',#3970,#3971);
#3970 = CARTESIAN_POINT('',(260.,0.));
#3971 = VECTOR('',#3972,1.);
#3972 = DIRECTION('',(0.,1.));
#3973 = ( GEOMETRIC_REPRESENTATION_CONTEXT(2) 
PARAMETRIC_REPRESENTATION_CONTEXT() REPRESENTATION_CONTEXT('2D SPACE',''
  ) );
#3974 = PCURVE('',#3105,#3975);
#3975 = DEFINITIONAL_REPRESENTATION('',(#3976),#3980);
#3976 = LINE('',#3977,#3978);
#3977 = CARTESIAN_POINT('',(0.,140.));
#3978 = VECTOR('',#3979,1.);
#3979 = DIRECTION('',(1.,0.));
#3980 = ( GEOMETRIC_REPRESENTATION_CONTEXT(2) 
PARAMETRIC_REPRESENTATION_CONTEXT() REPRESENTATION_CONTEXT('2D SPACE',''
  ) );
#3981 = ORIENTED_EDGE('',*,*,#3220,.F.);
#3982 = ADVANCED_FACE('',(#3983),#3105,.T.);
#3983 = FACE_BOUND('',#3984,.T.);
#3984 = EDGE_LOOP('',(#3985,#3986,#4007,#4008));
#3985 = ORIENTED_EDGE('',*,*,#3091,.F.);
#3986 = ORIENTED_EDGE('',*,*,#3987,.T.);
#3987 = EDGE_CURVE('',#3003,#3197,#3988,.T.);
#3988 = SURFACE_CURVE('',#3989,(#3993,#4000),.PCURVE_S1.);
#3989 = LINE('',#3990,#3991);
#3990 = CARTESIAN_POINT('',(-510.15,-70.,3.98E+03));
#3991 = VECTOR('',#3992,1.);
#3992 = DIRECTION('',(1.,0.,-0.));
#3993 = PCURVE('',#3105,#3994);
#3994 = DEFINITIONAL_REPRESENTATION('',(#3995),#3999);
#3995 = LINE('',#3996,#3997);
#3996 = CARTESIAN_POINT('',(0.,0.));
#3997 = VECTOR('',#3998,1.);
#3998 = DIRECTION('',(1.,0.));
#3999 = ( GEOMETRIC_REPRESENTATION_CONTEXT(2) 
PARAMETRIC_REPRESENTATION_CONTEXT() REPRESENTATION_CONTEXT('2D SPACE',''
  ) );
#4000 = PCURVE('',#3023,#4001);
#4001 = DEFINITIONAL_REPRESENTATION('',(#4002),#4006);
#4002 = LINE('',#4003,#4004);
#4003 = CARTESIAN_POINT('',(260.,0.));
#4004 = VECTOR('',#4005,1.);
#4005 = DIRECTION('',(0.,1.));
#4006 = ( GEOMETRIC_REPRESENTATION_CONTEXT(2) 
PARAMETRIC_REPRESENTATION_CONTEXT() REPRESENTATION_CONTEXT('2D SPACE',''
  ) );
#4007 = ORIENTED_EDGE('',*,*,#3243,.T.);
#4008 = ORIENTED_EDGE('',*,*,#3961,.F.);
#4009 = ADVANCED_FACE('',(#4010),#3023,.F.);
#4010 = FACE_BOUND('',#4011,.F.);
#4011 = EDGE_LOOP('',(#4012,#4013,#4014,#4015));
#4012 = ORIENTED_EDGE('',*,*,#3121,.F.);
#4013 = ORIENTED_EDGE('',*,*,#3000,.T.);
#4014 = ORIENTED_EDGE('',*,*,#3987,.T.);
#4015 = ORIENTED_EDGE('',*,*,#3196,.F.);
#4016 = MANIFOLD_SOLID_BREP('',#4017);
#4017 = CLOSED_SHELL('',(#4018,#4106,#4141,#4191));
#4018 = ADVANCED_FACE('',(#4019),#4032,.T.);
#4019 = FACE_BOUND('',#4020,.T.);
#4020 = EDGE_LOOP('',(#4021,#4055,#4078,#4105));
#4021 = ORIENTED_EDGE('',*,*,#4022,.F.);
#4022 = EDGE_CURVE('',#4023,#4023,#4025,.T.);
#4023 = VERTEX_POINT('',#4024);
#4024 = CARTESIAN_POINT('',(-391.35,-1.4365106954E-14,4.345E+03));
#4025 = SURFACE_CURVE('',#4026,(#4031,#4043),.PCURVE_S1.);
#4026 = CIRCLE('',#4027,58.65);
#4027 = AXIS2_PLACEMENT_3D('',#4028,#4029,#4030);
#4028 = CARTESIAN_POINT('',(-450.,0.,4.345E+03));
#4029 = DIRECTION('',(0.,0.,1.));
#4030 = DIRECTION('',(1.,0.,-0.));
#4031 = PCURVE('',#4032,#4037);
#4032 = CYLINDRICAL_SURFACE('',#4033,58.65);
#4033 = AXIS2_PLACEMENT_3D('',#4034,#4035,#4036);
#4034 = CARTESIAN_POINT('',(-450.,0.,4.333E+03));
#4035 = DIRECTION('',(0.,0.,1.));
#4036 = DIRECTION('',(1.,0.,-0.));
#4037 = DEFINITIONAL_REPRESENTATION('',(#4038),#4042);
#4038 = LINE('',#4039,#4040);
#4039 = CARTESIAN_POINT('',(0.,12.));
#4040 = VECTOR('',#4041,1.);
#4041 = DIRECTION('',(1.,0.));
#4042 = ( GEOMETRIC_REPRESENTATION_CONTEXT(2) 
PARAMETRIC_REPRESENTATION_CONTEXT() REPRESENTATION_CONTEXT('2D SPACE',''
  ) );
#4043 = PCURVE('',#4044,#4049);
#4044 = PLANE('',#4045);
#4045 = AXIS2_PLACEMENT_3D('',#4046,#4047,#4048);
#4046 = CARTESIAN_POINT('',(-450.,0.,4.345E+03));
#4047 = DIRECTION('',(0.,0.,1.));
#4048 = DIRECTION('',(1.,0.,-0.));
#4049 = DEFINITIONAL_REPRESENTATION('',(#4050),#4054);
#4050 = CIRCLE('',#4051,58.65);
#4051 = AXIS2_PLACEMENT_2D('',#4052,#4053);
#4052 = CARTESIAN_POINT('',(0.,0.));
#4053 = DIRECTION('',(1.,0.));
#4054 = ( GEOMETRIC_REPRESENTATION_CONTEXT(2) 
PARAMETRIC_REPRESENTATION_CONTEXT() REPRESENTATION_CONTEXT('2D SPACE',''
  ) );
#4055 = ORIENTED_EDGE('',*,*,#4056,.F.);
#4056 = EDGE_CURVE('',#4057,#4023,#4059,.T.);
#4057 = VERTEX_POINT('',#4058);
#4058 = CARTESIAN_POINT('',(-391.35,-1.4365106954E-14,4.333E+03));
#4059 = SEAM_CURVE('',#4060,(#4064,#4071),.PCURVE_S1.);
#4060 = LINE('',#4061,#4062);
#4061 = CARTESIAN_POINT('',(-391.35,-1.4365106954E-14,4.333E+03));
#4062 = VECTOR('',#4063,1.);
#4063 = DIRECTION('',(0.,0.,1.));
#4064 = PCURVE('',#4032,#4065);
#4065 = DEFINITIONAL_REPRESENTATION('',(#4066),#4070);
#4066 = LINE('',#4067,#4068);
#4067 = CARTESIAN_POINT('',(6.28318530718,-0.));
#4068 = VECTOR('',#4069,1.);
#4069 = DIRECTION('',(0.,1.));
#4070 = ( GEOMETRIC_REPRESENTATION_CONTEXT(2) 
PARAMETRIC_REPRESENTATION_CONTEXT() REPRESENTATION_CONTEXT('2D SPACE',''
  ) );
#4071 = PCURVE('',#4032,#4072);
#4072 = DEFINITIONAL_REPRESENTATION('',(#4073),#4077);
#4073 = LINE('',#4074,#4075);
#4074 = CARTESIAN_POINT('',(0.,-0.));
#4075 = VECTOR('',#4076,1.);
#4076 = DIRECTION('',(0.,1.));
#4077 = ( GEOMETRIC_REPRESENTATION_CONTEXT(2) 
PARAMETRIC_REPRESENTATION_CONTEXT() REPRESENTATION_CONTEXT('2D SPACE',''
  ) );
#4078 = ORIENTED_EDGE('',*,*,#4079,.T.);
#4079 = EDGE_CURVE('',#4057,#4057,#4080,.T.);
#4080 = SURFACE_CURVE('',#4081,(#4086,#4093),.PCURVE_S1.);
#4081 = CIRCLE('',#4082,58.65);
#4082 = AXIS2_PLACEMENT_3D('',#4083,#4084,#4085);
#4083 = CARTESIAN_POINT('',(-450.,0.,4.333E+03));
#4084 = DIRECTION('',(0.,0.,1.));
#4085 = DIRECTION('',(1.,0.,-0.));
#4086 = PCURVE('',#4032,#4087);
#4087 = DEFINITIONAL_REPRESENTATION('',(#4088),#4092);
#4088 = LINE('',#4089,#4090);
#4089 = CARTESIAN_POINT('',(0.,0.));
#4090 = VECTOR('',#4091,1.);
#4091 = DIRECTION('',(1.,0.));
#4092 = ( GEOMETRIC_REPRESENTATION_CONTEXT(2) 
PARAMETRIC_REPRESENTATION_CONTEXT() REPRESENTATION_CONTEXT('2D SPACE',''
  ) );
#4093 = PCURVE('',#4094,#4099);
#4094 = PLANE('',#4095);
#4095 = AXIS2_PLACEMENT_3D('',#4096,#4097,#4098);
#4096 = CARTESIAN_POINT('',(-450.,0.,4.333E+03));
#4097 = DIRECTION('',(0.,0.,1.));
#4098 = DIRECTION('',(1.,0.,-0.));
#4099 = DEFINITIONAL_REPRESENTATION('',(#4100),#4104);
#4100 = CIRCLE('',#4101,58.65);
#4101 = AXIS2_PLACEMENT_2D('',#4102,#4103);
#4102 = CARTESIAN_POINT('',(0.,0.));
#4103 = DIRECTION('',(1.,0.));
#4104 = ( GEOMETRIC_REPRESENTATION_CONTEXT(2) 
PARAMETRIC_REPRESENTATION_CONTEXT() REPRESENTATION_CONTEXT('2D SPACE',''
  ) );
#4105 = ORIENTED_EDGE('',*,*,#4056,.T.);
#4106 = ADVANCED_FACE('',(#4107,#4110),#4094,.F.);
#4107 = FACE_BOUND('',#4108,.F.);
#4108 = EDGE_LOOP('',(#4109));
#4109 = ORIENTED_EDGE('',*,*,#4079,.T.);
#4110 = FACE_BOUND('',#4111,.F.);
#4111 = EDGE_LOOP('',(#4112));
#4112 = ORIENTED_EDGE('',*,*,#4113,.F.);
#4113 = EDGE_CURVE('',#4114,#4114,#4116,.T.);
#4114 = VERTEX_POINT('',#4115);
#4115 = CARTESIAN_POINT('',(-392.85,-1.399771291425E-14,4.333E+03));
#4116 = SURFACE_CURVE('',#4117,(#4122,#4129),.PCURVE_S1.);
#4117 = CIRCLE('',#4118,57.15);
#4118 = AXIS2_PLACEMENT_3D('',#4119,#4120,#4121);
#4119 = CARTESIAN_POINT('',(-450.,0.,4.333E+03));
#4120 = DIRECTION('',(0.,0.,1.));
#4121 = DIRECTION('',(1.,0.,-0.));
#4122 = PCURVE('',#4094,#4123);
#4123 = DEFINITIONAL_REPRESENTATION('',(#4124),#4128);
#4124 = CIRCLE('',#4125,57.15);
#4125 = AXIS2_PLACEMENT_2D('',#4126,#4127);
#4126 = CARTESIAN_POINT('',(0.,0.));
#4127 = DIRECTION('',(1.,0.));
#4128 = ( GEOMETRIC_REPRESENTATION_CONTEXT(2) 
PARAMETRIC_REPRESENTATION_CONTEXT() REPRESENTATION_CONTEXT('2D SPACE',''
  ) );
#4129 = PCURVE('',#4130,#4135);
#4130 = CYLINDRICAL_SURFACE('',#4131,57.15);
#4131 = AXIS2_PLACEMENT_3D('',#4132,#4133,#4134);
#4132 = CARTESIAN_POINT('',(-450.,0.,4.332E+03));
#4133 = DIRECTION('',(0.,0.,1.));
#4134 = DIRECTION('',(1.,0.,-0.));
#4135 = DEFINITIONAL_REPRESENTATION('',(#4136),#4140);
#4136 = LINE('',#4137,#4138);
#4137 = CARTESIAN_POINT('',(0.,1.));
#4138 = VECTOR('',#4139,1.);
#4139 = DIRECTION('',(1.,0.));
#4140 = ( GEOMETRIC_REPRESENTATION_CONTEXT(2) 
PARAMETRIC_REPRESENTATION_CONTEXT() REPRESENTATION_CONTEXT('2D SPACE',''
  ) );
#4141 = ADVANCED_FACE('',(#4142),#4130,.F.);
#4142 = FACE_BOUND('',#4143,.F.);
#4143 = EDGE_LOOP('',(#4144,#4168,#4189,#4190));
#4144 = ORIENTED_EDGE('',*,*,#4145,.F.);
#4145 = EDGE_CURVE('',#4146,#4146,#4148,.T.);
#4146 = VERTEX_POINT('',#4147);
#4147 = CARTESIAN_POINT('',(-392.85,-1.399771291425E-14,4.345E+03));
#4148 = SURFACE_CURVE('',#4149,(#4154,#4161),.PCURVE_S1.);
#4149 = CIRCLE('',#4150,57.15);
#4150 = AXIS2_PLACEMENT_3D('',#4151,#4152,#4153);
#4151 = CARTESIAN_POINT('',(-450.,0.,4.345E+03));
#4152 = DIRECTION('',(0.,0.,1.));
#4153 = DIRECTION('',(1.,0.,-0.));
#4154 = PCURVE('',#4130,#4155);
#4155 = DEFINITIONAL_REPRESENTATION('',(#4156),#4160);
#4156 = LINE('',#4157,#4158);
#4157 = CARTESIAN_POINT('',(0.,13.));
#4158 = VECTOR('',#4159,1.);
#4159 = DIRECTION('',(1.,0.));
#4160 = ( GEOMETRIC_REPRESENTATION_CONTEXT(2) 
PARAMETRIC_REPRESENTATION_CONTEXT() REPRESENTATION_CONTEXT('2D SPACE',''
  ) );
#4161 = PCURVE('',#4044,#4162);
#4162 = DEFINITIONAL_REPRESENTATION('',(#4163),#4167);
#4163 = CIRCLE('',#4164,57.15);
#4164 = AXIS2_PLACEMENT_2D('',#4165,#4166);
#4165 = CARTESIAN_POINT('',(0.,0.));
#4166 = DIRECTION('',(1.,0.));
#4167 = ( GEOMETRIC_REPRESENTATION_CONTEXT(2) 
PARAMETRIC_REPRESENTATION_CONTEXT() REPRESENTATION_CONTEXT('2D SPACE',''
  ) );
#4168 = ORIENTED_EDGE('',*,*,#4169,.F.);
#4169 = EDGE_CURVE('',#4114,#4146,#4170,.T.);
#4170 = SEAM_CURVE('',#4171,(#4175,#4182),.PCURVE_S1.);
#4171 = LINE('',#4172,#4173);
#4172 = CARTESIAN_POINT('',(-392.85,-1.399771291425E-14,4.332E+03));
#4173 = VECTOR('',#4174,1.);
#4174 = DIRECTION('',(0.,0.,1.));
#4175 = PCURVE('',#4130,#4176);
#4176 = DEFINITIONAL_REPRESENTATION('',(#4177),#4181);
#4177 = LINE('',#4178,#4179);
#4178 = CARTESIAN_POINT('',(6.28318530718,-0.));
#4179 = VECTOR('',#4180,1.);
#4180 = DIRECTION('',(0.,1.));
#4181 = ( GEOMETRIC_REPRESENTATION_CONTEXT(2) 
PARAMETRIC_REPRESENTATION_CONTEXT() REPRESENTATION_CONTEXT('2D SPACE',''
  ) );
#4182 = PCURVE('',#4130,#4183);
#4183 = DEFINITIONAL_REPRESENTATION('',(#4184),#4188);
#4184 = LINE('',#4185,#4186);
#4185 = CARTESIAN_POINT('',(0.,-0.));
#4186 = VECTOR('',#4187,1.);
#4187 = DIRECTION('',(0.,1.));
#4188 = ( GEOMETRIC_REPRESENTATION_CONTEXT(2) 
PARAMETRIC_REPRESENTATION_CONTEXT() REPRESENTATION_CONTEXT('2D SPACE',''
  ) );
#4189 = ORIENTED_EDGE('',*,*,#4113,.T.);
#4190 = ORIENTED_EDGE('',*,*,#4169,.T.);
#4191 = ADVANCED_FACE('',(#4192,#4195),#4044,.T.);
#4192 = FACE_BOUND('',#4193,.T.);
#4193 = EDGE_LOOP('',(#4194));
#4194 = ORIENTED_EDGE('',*,*,#4022,.T.);
#4195 = FACE_BOUND('',#4196,.T.);
#4196 = EDGE_LOOP('',(#4197));
#4197 = ORIENTED_EDGE('',*,*,#4145,.F.);
#4198 = MANIFOLD_SOLID_BREP('',#4199);
#4199 = CLOSED_SHELL('',(#4200,#4288,#4323,#4373));
#4200 = ADVANCED_FACE('',(#4201),#4214,.T.);
#4201 = FACE_BOUND('',#4202,.T.);
#4202 = EDGE_LOOP('',(#4203,#4237,#4260,#4287));
#4203 = ORIENTED_EDGE('',*,*,#4204,.F.);
#4204 = EDGE_CURVE('',#4205,#4205,#4207,.T.);
#4205 = VERTEX_POINT('',#4206);
#4206 = CARTESIAN_POINT('',(-391.35,-1.4365106954E-14,4.455E+03));
#4207 = SURFACE_CURVE('',#4208,(#4213,#4225),.PCURVE_S1.);
#4208 = CIRCLE('',#4209,58.65);
#4209 = AXIS2_PLACEMENT_3D('',#4210,#4211,#4212);
#4210 = CARTESIAN_POINT('',(-450.,0.,4.455E+03));
#4211 = DIRECTION('',(0.,0.,1.));
#4212 = DIRECTION('',(1.,0.,-0.));
#4213 = PCURVE('',#4214,#4219);
#4214 = CYLINDRICAL_SURFACE('',#4215,58.65);
#4215 = AXIS2_PLACEMENT_3D('',#4216,#4217,#4218);
#4216 = CARTESIAN_POINT('',(-450.,0.,4.443E+03));
#4217 = DIRECTION('',(0.,0.,1.));
#4218 = DIRECTION('',(1.,0.,-0.));
#4219 = DEFINITIONAL_REPRESENTATION('',(#4220),#4224);
#4220 = LINE('',#4221,#4222);
#4221 = CARTESIAN_POINT('',(0.,12.));
#4222 = VECTOR('',#4223,1.);
#4223 = DIRECTION('',(1.,0.));
#4224 = ( GEOMETRIC_REPRESENTATION_CONTEXT(2) 
PARAMETRIC_REPRESENTATION_CONTEXT() REPRESENTATION_CONTEXT('2D SPACE',''
  ) );
#4225 = PCURVE('',#4226,#4231);
#4226 = PLANE('',#4227);
#4227 = AXIS2_PLACEMENT_3D('',#4228,#4229,#4230);
#4228 = CARTESIAN_POINT('',(-450.,0.,4.455E+03));
#4229 = DIRECTION('',(0.,0.,1.));
#4230 = DIRECTION('',(1.,0.,-0.));
#4231 = DEFINITIONAL_REPRESENTATION('',(#4232),#4236);
#4232 = CIRCLE('',#4233,58.65);
#4233 = AXIS2_PLACEMENT_2D('',#4234,#4235);
#4234 = CARTESIAN_POINT('',(0.,0.));
#4235 = DIRECTION('',(1.,0.));
#4236 = ( GEOMETRIC_REPRESENTATION_CONTEXT(2) 
PARAMETRIC_REPRESENTATION_CONTEXT() REPRESENTATION_CONTEXT('2D SPACE',''
  ) );
#4237 = ORIENTED_EDGE('',*,*,#4238,.F.);
#4238 = EDGE_CURVE('',#4239,#4205,#4241,.T.);
#4239 = VERTEX_POINT('',#4240);
#4240 = CARTESIAN_POINT('',(-391.35,-1.4365106954E-14,4.443E+03));
#4241 = SEAM_CURVE('',#4242,(#4246,#4253),.PCURVE_S1.);
#4242 = LINE('',#4243,#4244);
#4243 = CARTESIAN_POINT('',(-391.35,-1.4365106954E-14,4.443E+03));
#4244 = VECTOR('',#4245,1.);
#4245 = DIRECTION('',(0.,0.,1.));
#4246 = PCURVE('',#4214,#4247);
#4247 = DEFINITIONAL_REPRESENTATION('',(#4248),#4252);
#4248 = LINE('',#4249,#4250);
#4249 = CARTESIAN_POINT('',(6.28318530718,-0.));
#4250 = VECTOR('',#4251,1.);
#4251 = DIRECTION('',(0.,1.));
#4252 = ( GEOMETRIC_REPRESENTATION_CONTEXT(2) 
PARAMETRIC_REPRESENTATION_CONTEXT() REPRESENTATION_CONTEXT('2D SPACE',''
  ) );
#4253 = PCURVE('',#4214,#4254);
#4254 = DEFINITIONAL_REPRESENTATION('',(#4255),#4259);
#4255 = LINE('',#4256,#4257);
#4256 = CARTESIAN_POINT('',(0.,-0.));
#4257 = VECTOR('',#4258,1.);
#4258 = DIRECTION('',(0.,1.));
#4259 = ( GEOMETRIC_REPRESENTATION_CONTEXT(2) 
PARAMETRIC_REPRESENTATION_CONTEXT() REPRESENTATION_CONTEXT('2D SPACE',''
  ) );
#4260 = ORIENTED_EDGE('',*,*,#4261,.T.);
#4261 = EDGE_CURVE('',#4239,#4239,#4262,.T.);
#4262 = SURFACE_CURVE('',#4263,(#4268,#4275),.PCURVE_S1.);
#4263 = CIRCLE('',#4264,58.65);
#4264 = AXIS2_PLACEMENT_3D('',#4265,#4266,#4267);
#4265 = CARTESIAN_POINT('',(-450.,0.,4.443E+03));
#4266 = DIRECTION('',(0.,0.,1.));
#4267 = DIRECTION('',(1.,0.,-0.));
#4268 = PCURVE('',#4214,#4269);
#4269 = DEFINITIONAL_REPRESENTATION('',(#4270),#4274);
#4270 = LINE('',#4271,#4272);
#4271 = CARTESIAN_POINT('',(0.,0.));
#4272 = VECTOR('',#4273,1.);
#4273 = DIRECTION('',(1.,0.));
#4274 = ( GEOMETRIC_REPRESENTATION_CONTEXT(2) 
PARAMETRIC_REPRESENTATION_CONTEXT() REPRESENTATION_CONTEXT('2D SPACE',''
  ) );
#4275 = PCURVE('',#4276,#4281);
#4276 = PLANE('',#4277);
#4277 = AXIS2_PLACEMENT_3D('',#4278,#4279,#4280);
#4278 = CARTESIAN_POINT('',(-450.,0.,4.443E+03));
#4279 = DIRECTION('',(0.,0.,1.));
#4280 = DIRECTION('',(1.,0.,-0.));
#4281 = DEFINITIONAL_REPRESENTATION('',(#4282),#4286);
#4282 = CIRCLE('',#4283,58.65);
#4283 = AXIS2_PLACEMENT_2D('',#4284,#4285);
#4284 = CARTESIAN_POINT('',(0.,0.));
#4285 = DIRECTION('',(1.,0.));
#4286 = ( GEOMETRIC_REPRESENTATION_CONTEXT(2) 
PARAMETRIC_REPRESENTATION_CONTEXT() REPRESENTATION_CONTEXT('2D SPACE',''
  ) );
#4287 = ORIENTED_EDGE('',*,*,#4238,.T.);
#4288 = ADVANCED_FACE('',(#4289,#4292),#4276,.F.);
#4289 = FACE_BOUND('',#4290,.F.);
#4290 = EDGE_LOOP('',(#4291));
#4291 = ORIENTED_EDGE('',*,*,#4261,.T.);
#4292 = FACE_BOUND('',#4293,.F.);
#4293 = EDGE_LOOP('',(#4294));
#4294 = ORIENTED_EDGE('',*,*,#4295,.F.);
#4295 = EDGE_CURVE('',#4296,#4296,#4298,.T.);
#4296 = VERTEX_POINT('',#4297);
#4297 = CARTESIAN_POINT('',(-392.85,-1.399771291425E-14,4.443E+03));
#4298 = SURFACE_CURVE('',#4299,(#4304,#4311),.PCURVE_S1.);
#4299 = CIRCLE('',#4300,57.15);
#4300 = AXIS2_PLACEMENT_3D('',#4301,#4302,#4303);
#4301 = CARTESIAN_POINT('',(-450.,0.,4.443E+03));
#4302 = DIRECTION('',(0.,0.,1.));
#4303 = DIRECTION('',(1.,0.,-0.));
#4304 = PCURVE('',#4276,#4305);
#4305 = DEFINITIONAL_REPRESENTATION('',(#4306),#4310);
#4306 = CIRCLE('',#4307,57.15);
#4307 = AXIS2_PLACEMENT_2D('',#4308,#4309);
#4308 = CARTESIAN_POINT('',(0.,0.));
#4309 = DIRECTION('',(1.,0.));
#4310 = ( GEOMETRIC_REPRESENTATION_CONTEXT(2) 
PARAMETRIC_REPRESENTATION_CONTEXT() REPRESENTATION_CONTEXT('2D SPACE',''
  ) );
#4311 = PCURVE('',#4312,#4317);
#4312 = CYLINDRICAL_SURFACE('',#4313,57.15);
#4313 = AXIS2_PLACEMENT_3D('',#4314,#4315,#4316);
#4314 = CARTESIAN_POINT('',(-450.,0.,4.442E+03));
#4315 = DIRECTION('',(0.,0.,1.));
#4316 = DIRECTION('',(1.,0.,-0.));
#4317 = DEFINITIONAL_REPRESENTATION('',(#4318),#4322);
#4318 = LINE('',#4319,#4320);
#4319 = CARTESIAN_POINT('',(0.,1.));
#4320 = VECTOR('',#4321,1.);
#4321 = DIRECTION('',(1.,0.));
#4322 = ( GEOMETRIC_REPRESENTATION_CONTEXT(2) 
PARAMETRIC_REPRESENTATION_CONTEXT() REPRESENTATION_CONTEXT('2D SPACE',''
  ) );
#4323 = ADVANCED_FACE('',(#4324),#4312,.F.);
#4324 = FACE_BOUND('',#4325,.F.);
#4325 = EDGE_LOOP('',(#4326,#4350,#4371,#4372));
#4326 = ORIENTED_EDGE('',*,*,#4327,.F.);
#4327 = EDGE_CURVE('',#4328,#4328,#4330,.T.);
#4328 = VERTEX_POINT('',#4329);
#4329 = CARTESIAN_POINT('',(-392.85,-1.399771291425E-14,4.455E+03));
#4330 = SURFACE_CURVE('',#4331,(#4336,#4343),.PCURVE_S1.);
#4331 = CIRCLE('',#4332,57.15);
#4332 = AXIS2_PLACEMENT_3D('',#4333,#4334,#4335);
#4333 = CARTESIAN_POINT('',(-450.,0.,4.455E+03));
#4334 = DIRECTION('',(0.,0.,1.));
#4335 = DIRECTION('',(1.,0.,-0.));
#4336 = PCURVE('',#4312,#4337);
#4337 = DEFINITIONAL_REPRESENTATION('',(#4338),#4342);
#4338 = LINE('',#4339,#4340);
#4339 = CARTESIAN_POINT('',(0.,13.));
#4340 = VECTOR('',#4341,1.);
#4341 = DIRECTION('',(1.,0.));
#4342 = ( GEOMETRIC_REPRESENTATION_CONTEXT(2) 
PARAMETRIC_REPRESENTATION_CONTEXT() REPRESENTATION_CONTEXT('2D SPACE',''
  ) );
#4343 = PCURVE('',#4226,#4344);
#4344 = DEFINITIONAL_REPRESENTATION('',(#4345),#4349);
#4345 = CIRCLE('',#4346,57.15);
#4346 = AXIS2_PLACEMENT_2D('',#4347,#4348);
#4347 = CARTESIAN_POINT('',(0.,0.));
#4348 = DIRECTION('',(1.,0.));
#4349 = ( GEOMETRIC_REPRESENTATION_CONTEXT(2) 
PARAMETRIC_REPRESENTATION_CONTEXT() REPRESENTATION_CONTEXT('2D SPACE',''
  ) );
#4350 = ORIENTED_EDGE('',*,*,#4351,.F.);
#4351 = EDGE_CURVE('',#4296,#4328,#4352,.T.);
#4352 = SEAM_CURVE('',#4353,(#4357,#4364),.PCURVE_S1.);
#4353 = LINE('',#4354,#4355);
#4354 = CARTESIAN_POINT('',(-392.85,-1.399771291425E-14,4.442E+03));
#4355 = VECTOR('',#4356,1.);
#4356 = DIRECTION('',(0.,0.,1.));
#4357 = PCURVE('',#4312,#4358);
#4358 = DEFINITIONAL_REPRESENTATION('',(#4359),#4363);
#4359 = LINE('',#4360,#4361);
#4360 = CARTESIAN_POINT('',(6.28318530718,-0.));
#4361 = VECTOR('',#4362,1.);
#4362 = DIRECTION('',(0.,1.));
#4363 = ( GEOMETRIC_REPRESENTATION_CONTEXT(2) 
PARAMETRIC_REPRESENTATION_CONTEXT() REPRESENTATION_CONTEXT('2D SPACE',''
  ) );
#4364 = PCURVE('',#4312,#4365);
#4365 = DEFINITIONAL_REPRESENTATION('',(#4366),#4370);
#4366 = LINE('',#4367,#4368);
#4367 = CARTESIAN_POINT('',(0.,-0.));
#4368 = VECTOR('',#4369,1.);
#4369 = DIRECTION('',(0.,1.));
#4370 = ( GEOMETRIC_REPRESENTATION_CONTEXT(2) 
PARAMETRIC_REPRESENTATION_CONTEXT() REPRESENTATION_CONTEXT('2D SPACE',''
  ) );
#4371 = ORIENTED_EDGE('',*,*,#4295,.T.);
#4372 = ORIENTED_EDGE('',*,*,#4351,.T.);
#4373 = ADVANCED_FACE('',(#4374,#4377),#4226,.T.);
#4374 = FACE_BOUND('',#4375,.T.);
#4375 = EDGE_LOOP('',(#4376));
#4376 = ORIENTED_EDGE('',*,*,#4204,.T.);
#4377 = FACE_BOUND('',#4378,.T.);
#4378 = EDGE_LOOP('',(#4379));
#4379 = ORIENTED_EDGE('',*,*,#4327,.F.);
#4380 = ( GEOMETRIC_REPRESENTATION_CONTEXT(3) 
GLOBAL_UNCERTAINTY_ASSIGNED_CONTEXT((#4384)) 
GLOBAL_UNIT_ASSIGNED_CONTEXT((#4381,#4382,#4383)) REPRESENTATION_CONTEXT
('Context #1','3D Context with UNIT and UNCERTAINTY') );
#4381 = ( LENGTH_UNIT() NAMED_UNIT(*) SI_UNIT(.MILLI.,.METRE.) );
#4382 = ( NAMED_UNIT(*) PLANE_ANGLE_UNIT() SI_UNIT($,.RADIAN.) );
#4383 = ( NAMED_UNIT(*) SI_UNIT($,.STERADIAN.) SOLID_ANGLE_UNIT() );
#4384 = UNCERTAINTY_MEASURE_WITH_UNIT(LENGTH_MEASURE(2.E-07),#4381,
  'distance_accuracy_value','confusion accuracy');
#4385 = CONTEXT_DEPENDENT_SHAPE_REPRESENTATION(#4386,#4388);
#4386 = ( REPRESENTATION_RELATIONSHIP('','',#2993,#10) 
REPRESENTATION_RELATIONSHIP_WITH_TRANSFORMATION(#4387) 
SHAPE_REPRESENTATION_RELATIONSHIP() );
#4387 = ITEM_DEFINED_TRANSFORMATION('','',#11,#35);
#4388 = PRODUCT_DEFINITION_SHAPE('Placement','Placement of an item',
  #4389);
#4389 = NEXT_ASSEMBLY_USAGE_OCCURRENCE('6','=>[0:1:1:7]','',#5,#2988,$);
#4390 = PRODUCT_RELATED_PRODUCT_CATEGORY('part',$,(#2990));
#4391 = SHAPE_DEFINITION_REPRESENTATION(#4392,#4398);
#4392 = PRODUCT_DEFINITION_SHAPE('','',#4393);
#4393 = PRODUCT_DEFINITION('design','',#4394,#4397);
#4394 = PRODUCT_DEFINITION_FORMATION('','',#4395);
#4395 = PRODUCT('COMPOUND','COMPOUND','',(#4396));
#4396 = PRODUCT_CONTEXT('',#2,'mechanical');
#4397 = PRODUCT_DEFINITION_CONTEXT('part definition',#2,'design');
#4398 = ADVANCED_BREP_SHAPE_REPRESENTATION('',(#11,#4399),#5361);
#4399 = MANIFOLD_SOLID_BREP('',#4400);
#4400 = CLOSED_SHELL('',(#4401,#4521,#4597,#4646,#4695,#4722,#4843,#4919
    ,#4968,#5017,#5044,#5157,#5232,#5280,#5328,#5354));
#4401 = ADVANCED_FACE('',(#4402),#4416,.F.);
#4402 = FACE_BOUND('',#4403,.F.);
#4403 = EDGE_LOOP('',(#4404,#4439,#4467,#4495));
#4404 = ORIENTED_EDGE('',*,*,#4405,.F.);
#4405 = EDGE_CURVE('',#4406,#4408,#4410,.T.);
#4406 = VERTEX_POINT('',#4407);
#4407 = CARTESIAN_POINT('',(-392.85,-45.,4.314E+03));
#4408 = VERTEX_POINT('',#4409);
#4409 = CARTESIAN_POINT('',(-392.85,-45.,4.474E+03));
#4410 = SURFACE_CURVE('',#4411,(#4415,#4427),.PCURVE_S1.);
#4411 = LINE('',#4412,#4413);
#4412 = CARTESIAN_POINT('',(-392.85,-45.,4.314E+03));
#4413 = VECTOR('',#4414,1.);
#4414 = DIRECTION('',(0.,0.,1.));
#4415 = PCURVE('',#4416,#4421);
#4416 = PLANE('',#4417);
#4417 = AXIS2_PLACEMENT_3D('',#4418,#4419,#4420);
#4418 = CARTESIAN_POINT('',(-392.85,-45.,4.314E+03));
#4419 = DIRECTION('',(1.,0.,-0.));
#4420 = DIRECTION('',(0.,0.,1.));
#4421 = DEFINITIONAL_REPRESENTATION('',(#4422),#4426);
#4422 = LINE('',#4423,#4424);
#4423 = CARTESIAN_POINT('',(0.,0.));
#4424 = VECTOR('',#4425,1.);
#4425 = DIRECTION('',(1.,0.));
#4426 = ( GEOMETRIC_REPRESENTATION_CONTEXT(2) 
PARAMETRIC_REPRESENTATION_CONTEXT() REPRESENTATION_CONTEXT('2D SPACE',''
  ) );
#4427 = PCURVE('',#4428,#4433);
#4428 = PLANE('',#4429);
#4429 = AXIS2_PLACEMENT_3D('',#4430,#4431,#4432);
#4430 = CARTESIAN_POINT('',(-392.85,-45.,4.314E+03));
#4431 = DIRECTION('',(-0.,1.,0.));
#4432 = DIRECTION('',(0.,0.,1.));
#4433 = DEFINITIONAL_REPRESENTATION('',(#4434),#4438);
#4434 = LINE('',#4435,#4436);
#4435 = CARTESIAN_POINT('',(0.,0.));
#4436 = VECTOR('',#4437,1.);
#4437 = DIRECTION('',(1.,0.));
#4438 = ( GEOMETRIC_REPRESENTATION_CONTEXT(2) 
PARAMETRIC_REPRESENTATION_CONTEXT() REPRESENTATION_CONTEXT('2D SPACE',''
  ) );
#4439 = ORIENTED_EDGE('',*,*,#4440,.T.);
#4440 = EDGE_CURVE('',#4406,#4441,#4443,.T.);
#4441 = VERTEX_POINT('',#4442);
#4442 = CARTESIAN_POINT('',(-392.85,45.,4.314E+03));
#4443 = SURFACE_CURVE('',#4444,(#4448,#4455),.PCURVE_S1.);
#4444 = LINE('',#4445,#4446);
#4445 = CARTESIAN_POINT('',(-392.85,-45.,4.314E+03));
#4446 = VECTOR('',#4447,1.);
#4447 = DIRECTION('',(-0.,1.,0.));
#4448 = PCURVE('',#4416,#4449);
#4449 = DEFINITIONAL_REPRESENTATION('',(#4450),#4454);
#4450 = LINE('',#4451,#4452);
#4451 = CARTESIAN_POINT('',(0.,0.));
#4452 = VECTOR('',#4453,1.);
#4453 = DIRECTION('',(0.,-1.));
#4454 = ( GEOMETRIC_REPRESENTATION_CONTEXT(2) 
PARAMETRIC_REPRESENTATION_CONTEXT() REPRESENTATION_CONTEXT('2D SPACE',''
  ) );
#4455 = PCURVE('',#4456,#4461);
#4456 = PLANE('',#4457);
#4457 = AXIS2_PLACEMENT_3D('',#4458,#4459,#4460);
#4458 = CARTESIAN_POINT('',(-392.85,-45.,4.314E+03));
#4459 = DIRECTION('',(0.,0.,1.));
#4460 = DIRECTION('',(1.,0.,-0.));
#4461 = DEFINITIONAL_REPRESENTATION('',(#4462),#4466);
#4462 = LINE('',#4463,#4464);
#4463 = CARTESIAN_POINT('',(0.,0.));
#4464 = VECTOR('',#4465,1.);
#4465 = DIRECTION('',(0.,1.));
#4466 = ( GEOMETRIC_REPRESENTATION_CONTEXT(2) 
PARAMETRIC_REPRESENTATION_CONTEXT() REPRESENTATION_CONTEXT('2D SPACE',''
  ) );
#4467 = ORIENTED_EDGE('',*,*,#4468,.T.);
#4468 = EDGE_CURVE('',#4441,#4469,#4471,.T.);
#4469 = VERTEX_POINT('',#4470);
#4470 = CARTESIAN_POINT('',(-392.85,45.,4.474E+03));
#4471 = SURFACE_CURVE('',#4472,(#4476,#4483),.PCURVE_S1.);
#4472 = LINE('',#4473,#4474);
#4473 = CARTESIAN_POINT('',(-392.85,45.,4.314E+03));
#4474 = VECTOR('',#4475,1.);
#4475 = DIRECTION('',(0.,0.,1.));
#4476 = PCURVE('',#4416,#4477);
#4477 = DEFINITIONAL_REPRESENTATION('',(#4478),#4482);
#4478 = LINE('',#4479,#4480);
#4479 = CARTESIAN_POINT('',(0.,-90.));
#4480 = VECTOR('',#4481,1.);
#4481 = DIRECTION('',(1.,0.));
#4482 = ( GEOMETRIC_REPRESENTATION_CONTEXT(2) 
PARAMETRIC_REPRESENTATION_CONTEXT() REPRESENTATION_CONTEXT('2D SPACE',''
  ) );
#4483 = PCURVE('',#4484,#4489);
#4484 = PLANE('',#4485);
#4485 = AXIS2_PLACEMENT_3D('',#4486,#4487,#4488);
#4486 = CARTESIAN_POINT('',(-392.85,45.,4.314E+03));
#4487 = DIRECTION('',(-0.,1.,0.));
#4488 = DIRECTION('',(0.,0.,1.));
#4489 = DEFINITIONAL_REPRESENTATION('',(#4490),#4494);
#4490 = LINE('',#4491,#4492);
#4491 = CARTESIAN_POINT('',(0.,0.));
#4492 = VECTOR('',#4493,1.);
#4493 = DIRECTION('',(1.,0.));
#4494 = ( GEOMETRIC_REPRESENTATION_CONTEXT(2) 
PARAMETRIC_REPRESENTATION_CONTEXT() REPRESENTATION_CONTEXT('2D SPACE',''
  ) );
#4495 = ORIENTED_EDGE('',*,*,#4496,.F.);
#4496 = EDGE_CURVE('',#4408,#4469,#4497,.T.);
#4497 = SURFACE_CURVE('',#4498,(#4502,#4509),.PCURVE_S1.);
#4498 = LINE('',#4499,#4500);
#4499 = CARTESIAN_POINT('',(-392.85,-45.,4.474E+03));
#4500 = VECTOR('',#4501,1.);
#4501 = DIRECTION('',(-0.,1.,0.));
#4502 = PCURVE('',#4416,#4503);
#4503 = DEFINITIONAL_REPRESENTATION('',(#4504),#4508);
#4504 = LINE('',#4505,#4506);
#4505 = CARTESIAN_POINT('',(160.,0.));
#4506 = VECTOR('',#4507,1.);
#4507 = DIRECTION('',(0.,-1.));
#4508 = ( GEOMETRIC_REPRESENTATION_CONTEXT(2) 
PARAMETRIC_REPRESENTATION_CONTEXT() REPRESENTATION_CONTEXT('2D SPACE',''
  ) );
#4509 = PCURVE('',#4510,#4515);
#4510 = PLANE('',#4511);
#4511 = AXIS2_PLACEMENT_3D('',#4512,#4513,#4514);
#4512 = CARTESIAN_POINT('',(-392.85,-45.,4.474E+03));
#4513 = DIRECTION('',(0.,0.,1.));
#4514 = DIRECTION('',(1.,0.,-0.));
#4515 = DEFINITIONAL_REPRESENTATION('',(#4516),#4520);
#4516 = LINE('',#4517,#4518);
#4517 = CARTESIAN_POINT('',(0.,0.));
#4518 = VECTOR('',#4519,1.);
#4519 = DIRECTION('',(0.,1.));
#4520 = ( GEOMETRIC_REPRESENTATION_CONTEXT(2) 
PARAMETRIC_REPRESENTATION_CONTEXT() REPRESENTATION_CONTEXT('2D SPACE',''
  ) );
#4521 = ADVANCED_FACE('',(#4522),#4428,.F.);
#4522 = FACE_BOUND('',#4523,.F.);
#4523 = EDGE_LOOP('',(#4524,#4547,#4548,#4571));
#4524 = ORIENTED_EDGE('',*,*,#4525,.F.);
#4525 = EDGE_CURVE('',#4406,#4526,#4528,.T.);
#4526 = VERTEX_POINT('',#4527);
#4527 = CARTESIAN_POINT('',(-386.85,-45.,4.314E+03));
#4528 = SURFACE_CURVE('',#4529,(#4533,#4540),.PCURVE_S1.);
#4529 = LINE('',#4530,#4531);
#4530 = CARTESIAN_POINT('',(-392.85,-45.,4.314E+03));
#4531 = VECTOR('',#4532,1.);
#4532 = DIRECTION('',(1.,0.,-0.));
#4533 = PCURVE('',#4428,#4534);
#4534 = DEFINITIONAL_REPRESENTATION('',(#4535),#4539);
#4535 = LINE('',#4536,#4537);
#4536 = CARTESIAN_POINT('',(0.,0.));
#4537 = VECTOR('',#4538,1.);
#4538 = DIRECTION('',(0.,1.));
#4539 = ( GEOMETRIC_REPRESENTATION_CONTEXT(2) 
PARAMETRIC_REPRESENTATION_CONTEXT() REPRESENTATION_CONTEXT('2D SPACE',''
  ) );
#4540 = PCURVE('',#4456,#4541);
#4541 = DEFINITIONAL_REPRESENTATION('',(#4542),#4546);
#4542 = LINE('',#4543,#4544);
#4543 = CARTESIAN_POINT('',(0.,0.));
#4544 = VECTOR('',#4545,1.);
#4545 = DIRECTION('',(1.,0.));
#4546 = ( GEOMETRIC_REPRESENTATION_CONTEXT(2) 
PARAMETRIC_REPRESENTATION_CONTEXT() REPRESENTATION_CONTEXT('2D SPACE',''
  ) );
#4547 = ORIENTED_EDGE('',*,*,#4405,.T.);
#4548 = ORIENTED_EDGE('',*,*,#4549,.T.);
#4549 = EDGE_CURVE('',#4408,#4550,#4552,.T.);
#4550 = VERTEX_POINT('',#4551);
#4551 = CARTESIAN_POINT('',(-386.85,-45.,4.474E+03));
#4552 = SURFACE_CURVE('',#4553,(#4557,#4564),.PCURVE_S1.);
#4553 = LINE('',#4554,#4555);
#4554 = CARTESIAN_POINT('',(-392.85,-45.,4.474E+03));
#4555 = VECTOR('',#4556,1.);
#4556 = DIRECTION('',(1.,0.,-0.));
#4557 = PCURVE('',#4428,#4558);
#4558 = DEFINITIONAL_REPRESENTATION('',(#4559),#4563);
#4559 = LINE('',#4560,#4561);
#4560 = CARTESIAN_POINT('',(160.,0.));
#4561 = VECTOR('',#4562,1.);
#4562 = DIRECTION('',(0.,1.));
#4563 = ( GEOMETRIC_REPRESENTATION_CONTEXT(2) 
PARAMETRIC_REPRESENTATION_CONTEXT() REPRESENTATION_CONTEXT('2D SPACE',''
  ) );
#4564 = PCURVE('',#4510,#4565);
#4565 = DEFINITIONAL_REPRESENTATION('',(#4566),#4570);
#4566 = LINE('',#4567,#4568);
#4567 = CARTESIAN_POINT('',(0.,0.));
#4568 = VECTOR('',#4569,1.);
#4569 = DIRECTION('',(1.,0.));
#4570 = ( GEOMETRIC_REPRESENTATION_CONTEXT(2) 
PARAMETRIC_REPRESENTATION_CONTEXT() REPRESENTATION_CONTEXT('2D SPACE',''
  ) );
#4571 = ORIENTED_EDGE('',*,*,#4572,.F.);
#4572 = EDGE_CURVE('',#4526,#4550,#4573,.T.);
#4573 = SURFACE_CURVE('',#4574,(#4578,#4585),.PCURVE_S1.);
#4574 = LINE('',#4575,#4576);
#4575 = CARTESIAN_POINT('',(-386.85,-45.,4.314E+03));
#4576 = VECTOR('',#4577,1.);
#4577 = DIRECTION('',(0.,0.,1.));
#4578 = PCURVE('',#4428,#4579);
#4579 = DEFINITIONAL_REPRESENTATION('',(#4580),#4584);
#4580 = LINE('',#4581,#4582);
#4581 = CARTESIAN_POINT('',(0.,6.));
#4582 = VECTOR('',#4583,1.);
#4583 = DIRECTION('',(1.,0.));
#4584 = ( GEOMETRIC_REPRESENTATION_CONTEXT(2) 
PARAMETRIC_REPRESENTATION_CONTEXT() REPRESENTATION_CONTEXT('2D SPACE',''
  ) );
#4585 = PCURVE('',#4586,#4591);
#4586 = PLANE('',#4587);
#4587 = AXIS2_PLACEMENT_3D('',#4588,#4589,#4590);
#4588 = CARTESIAN_POINT('',(-386.85,-45.,4.314E+03));
#4589 = DIRECTION('',(1.,0.,-0.));
#4590 = DIRECTION('',(0.,0.,1.));
#4591 = DEFINITIONAL_REPRESENTATION('',(#4592),#4596);
#4592 = LINE('',#4593,#4594);
#4593 = CARTESIAN_POINT('',(0.,0.));
#4594 = VECTOR('',#4595,1.);
#4595 = DIRECTION('',(1.,0.));
#4596 = ( GEOMETRIC_REPRESENTATION_CONTEXT(2) 
PARAMETRIC_REPRESENTATION_CONTEXT() REPRESENTATION_CONTEXT('2D SPACE',''
  ) );
#4597 = ADVANCED_FACE('',(#4598),#4510,.T.);
#4598 = FACE_BOUND('',#4599,.T.);
#4599 = EDGE_LOOP('',(#4600,#4601,#4602,#4625));
#4600 = ORIENTED_EDGE('',*,*,#4496,.F.);
#4601 = ORIENTED_EDGE('',*,*,#4549,.T.);
#4602 = ORIENTED_EDGE('',*,*,#4603,.T.);
#4603 = EDGE_CURVE('',#4550,#4604,#4606,.T.);
#4604 = VERTEX_POINT('',#4605);
#4605 = CARTESIAN_POINT('',(-386.85,45.,4.474E+03));
#4606 = SURFACE_CURVE('',#4607,(#4611,#4618),.PCURVE_S1.);
#4607 = LINE('',#4608,#4609);
#4608 = CARTESIAN_POINT('',(-386.85,-45.,4.474E+03));
#4609 = VECTOR('',#4610,1.);
#4610 = DIRECTION('',(-0.,1.,0.));
#4611 = PCURVE('',#4510,#4612);
#4612 = DEFINITIONAL_REPRESENTATION('',(#4613),#4617);
#4613 = LINE('',#4614,#4615);
#4614 = CARTESIAN_POINT('',(6.,0.));
#4615 = VECTOR('',#4616,1.);
#4616 = DIRECTION('',(0.,1.));
#4617 = ( GEOMETRIC_REPRESENTATION_CONTEXT(2) 
PARAMETRIC_REPRESENTATION_CONTEXT() REPRESENTATION_CONTEXT('2D SPACE',''
  ) );
#4618 = PCURVE('',#4586,#4619);
#4619 = DEFINITIONAL_REPRESENTATION('',(#4620),#4624);
#4620 = LINE('',#4621,#4622);
#4621 = CARTESIAN_POINT('',(160.,0.));
#4622 = VECTOR('',#4623,1.);
#4623 = DIRECTION('',(0.,-1.));
#4624 = ( GEOMETRIC_REPRESENTATION_CONTEXT(2) 
PARAMETRIC_REPRESENTATION_CONTEXT() REPRESENTATION_CONTEXT('2D SPACE',''
  ) );
#4625 = ORIENTED_EDGE('',*,*,#4626,.F.);
#4626 = EDGE_CURVE('',#4469,#4604,#4627,.T.);
#4627 = SURFACE_CURVE('',#4628,(#4632,#4639),.PCURVE_S1.);
#4628 = LINE('',#4629,#4630);
#4629 = CARTESIAN_POINT('',(-392.85,45.,4.474E+03));
#4630 = VECTOR('',#4631,1.);
#4631 = DIRECTION('',(1.,0.,-0.));
#4632 = PCURVE('',#4510,#4633);
#4633 = DEFINITIONAL_REPRESENTATION('',(#4634),#4638);
#4634 = LINE('',#4635,#4636);
#4635 = CARTESIAN_POINT('',(0.,90.));
#4636 = VECTOR('',#4637,1.);
#4637 = DIRECTION('',(1.,0.));
#4638 = ( GEOMETRIC_REPRESENTATION_CONTEXT(2) 
PARAMETRIC_REPRESENTATION_CONTEXT() REPRESENTATION_CONTEXT('2D SPACE',''
  ) );
#4639 = PCURVE('',#4484,#4640);
#4640 = DEFINITIONAL_REPRESENTATION('',(#4641),#4645);
#4641 = LINE('',#4642,#4643);
#4642 = CARTESIAN_POINT('',(160.,0.));
#4643 = VECTOR('',#4644,1.);
#4644 = DIRECTION('',(0.,1.));
#4645 = ( GEOMETRIC_REPRESENTATION_CONTEXT(2) 
PARAMETRIC_REPRESENTATION_CONTEXT() REPRESENTATION_CONTEXT('2D SPACE',''
  ) );
#4646 = ADVANCED_FACE('',(#4647),#4484,.T.);
#4647 = FACE_BOUND('',#4648,.T.);
#4648 = EDGE_LOOP('',(#4649,#4672,#4673,#4674));
#4649 = ORIENTED_EDGE('',*,*,#4650,.F.);
#4650 = EDGE_CURVE('',#4441,#4651,#4653,.T.);
#4651 = VERTEX_POINT('',#4652);
#4652 = CARTESIAN_POINT('',(-386.85,45.,4.314E+03));
#4653 = SURFACE_CURVE('',#4654,(#4658,#4665),.PCURVE_S1.);
#4654 = LINE('',#4655,#4656);
#4655 = CARTESIAN_POINT('',(-392.85,45.,4.314E+03));
#4656 = VECTOR('',#4657,1.);
#4657 = DIRECTION('',(1.,0.,-0.));
#4658 = PCURVE('',#4484,#4659);
#4659 = DEFINITIONAL_REPRESENTATION('',(#4660),#4664);
#4660 = LINE('',#4661,#4662);
#4661 = CARTESIAN_POINT('',(0.,0.));
#4662 = VECTOR('',#4663,1.);
#4663 = DIRECTION('',(0.,1.));
#4664 = ( GEOMETRIC_REPRESENTATION_CONTEXT(2) 
PARAMETRIC_REPRESENTATION_CONTEXT() REPRESENTATION_CONTEXT('2D SPACE',''
  ) );
#4665 = PCURVE('',#4456,#4666);
#4666 = DEFINITIONAL_REPRESENTATION('',(#4667),#4671);
#4667 = LINE('',#4668,#4669);
#4668 = CARTESIAN_POINT('',(0.,90.));
#4669 = VECTOR('',#4670,1.);
#4670 = DIRECTION('',(1.,0.));
#4671 = ( GEOMETRIC_REPRESENTATION_CONTEXT(2) 
PARAMETRIC_REPRESENTATION_CONTEXT() REPRESENTATION_CONTEXT('2D SPACE',''
  ) );
#4672 = ORIENTED_EDGE('',*,*,#4468,.T.);
#4673 = ORIENTED_EDGE('',*,*,#4626,.T.);
#4674 = ORIENTED_EDGE('',*,*,#4675,.F.);
#4675 = EDGE_CURVE('',#4651,#4604,#4676,.T.);
#4676 = SURFACE_CURVE('',#4677,(#4681,#4688),.PCURVE_S1.);
#4677 = LINE('',#4678,#4679);
#4678 = CARTESIAN_POINT('',(-386.85,45.,4.314E+03));
#4679 = VECTOR('',#4680,1.);
#4680 = DIRECTION('',(0.,0.,1.));
#4681 = PCURVE('',#4484,#4682);
#4682 = DEFINITIONAL_REPRESENTATION('',(#4683),#4687);
#4683 = LINE('',#4684,#4685);
#4684 = CARTESIAN_POINT('',(0.,6.));
#4685 = VECTOR('',#4686,1.);
#4686 = DIRECTION('',(1.,0.));
#4687 = ( GEOMETRIC_REPRESENTATION_CONTEXT(2) 
PARAMETRIC_REPRESENTATION_CONTEXT() REPRESENTATION_CONTEXT('2D SPACE',''
  ) );
#4688 = PCURVE('',#4586,#4689);
#4689 = DEFINITIONAL_REPRESENTATION('',(#4690),#4694);
#4690 = LINE('',#4691,#4692);
#4691 = CARTESIAN_POINT('',(0.,-90.));
#4692 = VECTOR('',#4693,1.);
#4693 = DIRECTION('',(1.,0.));
#4694 = ( GEOMETRIC_REPRESENTATION_CONTEXT(2) 
PARAMETRIC_REPRESENTATION_CONTEXT() REPRESENTATION_CONTEXT('2D SPACE',''
  ) );
#4695 = ADVANCED_FACE('',(#4696),#4456,.F.);
#4696 = FACE_BOUND('',#4697,.F.);
#4697 = EDGE_LOOP('',(#4698,#4699,#4700,#4721));
#4698 = ORIENTED_EDGE('',*,*,#4440,.F.);
#4699 = ORIENTED_EDGE('',*,*,#4525,.T.);
#4700 = ORIENTED_EDGE('',*,*,#4701,.T.);
#4701 = EDGE_CURVE('',#4526,#4651,#4702,.T.);
#4702 = SURFACE_CURVE('',#4703,(#4707,#4714),.PCURVE_S1.);
#4703 = LINE('',#4704,#4705);
#4704 = CARTESIAN_POINT('',(-386.85,-45.,4.314E+03));
#4705 = VECTOR('',#4706,1.);
#4706 = DIRECTION('',(-0.,1.,0.));
#4707 = PCURVE('',#4456,#4708);
#4708 = DEFINITIONAL_REPRESENTATION('',(#4709),#4713);
#4709 = LINE('',#4710,#4711);
#4710 = CARTESIAN_POINT('',(6.,0.));
#4711 = VECTOR('',#4712,1.);
#4712 = DIRECTION('',(0.,1.));
#4713 = ( GEOMETRIC_REPRESENTATION_CONTEXT(2) 
PARAMETRIC_REPRESENTATION_CONTEXT() REPRESENTATION_CONTEXT('2D SPACE',''
  ) );
#4714 = PCURVE('',#4586,#4715);
#4715 = DEFINITIONAL_REPRESENTATION('',(#4716),#4720);
#4716 = LINE('',#4717,#4718);
#4717 = CARTESIAN_POINT('',(0.,0.));
#4718 = VECTOR('',#4719,1.);
#4719 = DIRECTION('',(0.,-1.));
#4720 = ( GEOMETRIC_REPRESENTATION_CONTEXT(2) 
PARAMETRIC_REPRESENTATION_CONTEXT() REPRESENTATION_CONTEXT('2D SPACE',''
  ) );
#4721 = ORIENTED_EDGE('',*,*,#4650,.F.);
#4722 = ADVANCED_FACE('',(#4723,#4729),#4586,.T.);
#4723 = FACE_BOUND('',#4724,.T.);
#4724 = EDGE_LOOP('',(#4725,#4726,#4727,#4728));
#4725 = ORIENTED_EDGE('',*,*,#4572,.F.);
#4726 = ORIENTED_EDGE('',*,*,#4701,.T.);
#4727 = ORIENTED_EDGE('',*,*,#4675,.T.);
#4728 = ORIENTED_EDGE('',*,*,#4603,.F.);
#4729 = FACE_BOUND('',#4730,.T.);
#4730 = EDGE_LOOP('',(#4731,#4761,#4789,#4817));
#4731 = ORIENTED_EDGE('',*,*,#4732,.T.);
#4732 = EDGE_CURVE('',#4733,#4735,#4737,.T.);
#4733 = VERTEX_POINT('',#4734);
#4734 = CARTESIAN_POINT('',(-386.85,-20.,4.374E+03));
#4735 = VERTEX_POINT('',#4736);
#4736 = CARTESIAN_POINT('',(-386.85,-20.,4.414E+03));
#4737 = SURFACE_CURVE('',#4738,(#4742,#4749),.PCURVE_S1.);
#4738 = LINE('',#4739,#4740);
#4739 = CARTESIAN_POINT('',(-386.85,-20.,4.374E+03));
#4740 = VECTOR('',#4741,1.);
#4741 = DIRECTION('',(0.,0.,1.));
#4742 = PCURVE('',#4586,#4743);
#4743 = DEFINITIONAL_REPRESENTATION('',(#4744),#4748);
#4744 = LINE('',#4745,#4746);
#4745 = CARTESIAN_POINT('',(60.,-25.));
#4746 = VECTOR('',#4747,1.);
#4747 = DIRECTION('',(1.,0.));
#4748 = ( GEOMETRIC_REPRESENTATION_CONTEXT(2) 
PARAMETRIC_REPRESENTATION_CONTEXT() REPRESENTATION_CONTEXT('2D SPACE',''
  ) );
#4749 = PCURVE('',#4750,#4755);
#4750 = PLANE('',#4751);
#4751 = AXIS2_PLACEMENT_3D('',#4752,#4753,#4754);
#4752 = CARTESIAN_POINT('',(-386.85,-20.,4.374E+03));
#4753 = DIRECTION('',(-0.,1.,0.));
#4754 = DIRECTION('',(0.,0.,1.));
#4755 = DEFINITIONAL_REPRESENTATION('',(#4756),#4760);
#4756 = LINE('',#4757,#4758);
#4757 = CARTESIAN_POINT('',(0.,0.));
#4758 = VECTOR('',#4759,1.);
#4759 = DIRECTION('',(1.,0.));
#4760 = ( GEOMETRIC_REPRESENTATION_CONTEXT(2) 
PARAMETRIC_REPRESENTATION_CONTEXT() REPRESENTATION_CONTEXT('2D SPACE',''
  ) );
#4761 = ORIENTED_EDGE('',*,*,#4762,.T.);
#4762 = EDGE_CURVE('',#4735,#4763,#4765,.T.);
#4763 = VERTEX_POINT('',#4764);
#4764 = CARTESIAN_POINT('',(-386.85,20.,4.414E+03));
#4765 = SURFACE_CURVE('',#4766,(#4770,#4777),.PCURVE_S1.);
#4766 = LINE('',#4767,#4768);
#4767 = CARTESIAN_POINT('',(-386.85,-20.,4.414E+03));
#4768 = VECTOR('',#4769,1.);
#4769 = DIRECTION('',(-0.,1.,0.));
#4770 = PCURVE('',#4586,#4771);
#4771 = DEFINITIONAL_REPRESENTATION('',(#4772),#4776);
#4772 = LINE('',#4773,#4774);
#4773 = CARTESIAN_POINT('',(100.,-25.));
#4774 = VECTOR('',#4775,1.);
#4775 = DIRECTION('',(0.,-1.));
#4776 = ( GEOMETRIC_REPRESENTATION_CONTEXT(2) 
PARAMETRIC_REPRESENTATION_CONTEXT() REPRESENTATION_CONTEXT('2D SPACE',''
  ) );
#4777 = PCURVE('',#4778,#4783);
#4778 = PLANE('',#4779);
#4779 = AXIS2_PLACEMENT_3D('',#4780,#4781,#4782);
#4780 = CARTESIAN_POINT('',(-386.85,-20.,4.414E+03));
#4781 = DIRECTION('',(0.,0.,1.));
#4782 = DIRECTION('',(1.,0.,-0.));
#4783 = DEFINITIONAL_REPRESENTATION('',(#4784),#4788);
#4784 = LINE('',#4785,#4786);
#4785 = CARTESIAN_POINT('',(0.,0.));
#4786 = VECTOR('',#4787,1.);
#4787 = DIRECTION('',(0.,1.));
#4788 = ( GEOMETRIC_REPRESENTATION_CONTEXT(2) 
PARAMETRIC_REPRESENTATION_CONTEXT() REPRESENTATION_CONTEXT('2D SPACE',''
  ) );
#4789 = ORIENTED_EDGE('',*,*,#4790,.F.);
#4790 = EDGE_CURVE('',#4791,#4763,#4793,.T.);
#4791 = VERTEX_POINT('',#4792);
#4792 = CARTESIAN_POINT('',(-386.85,20.,4.374E+03));
#4793 = SURFACE_CURVE('',#4794,(#4798,#4805),.PCURVE_S1.);
#4794 = LINE('',#4795,#4796);
#4795 = CARTESIAN_POINT('',(-386.85,20.,4.374E+03));
#4796 = VECTOR('',#4797,1.);
#4797 = DIRECTION('',(0.,0.,1.));
#4798 = PCURVE('',#4586,#4799);
#4799 = DEFINITIONAL_REPRESENTATION('',(#4800),#4804);
#4800 = LINE('',#4801,#4802);
#4801 = CARTESIAN_POINT('',(60.,-65.));
#4802 = VECTOR('',#4803,1.);
#4803 = DIRECTION('',(1.,0.));
#4804 = ( GEOMETRIC_REPRESENTATION_CONTEXT(2) 
PARAMETRIC_REPRESENTATION_CONTEXT() REPRESENTATION_CONTEXT('2D SPACE',''
  ) );
#4805 = PCURVE('',#4806,#4811);
#4806 = PLANE('',#4807);
#4807 = AXIS2_PLACEMENT_3D('',#4808,#4809,#4810);
#4808 = CARTESIAN_POINT('',(-386.85,20.,4.374E+03));
#4809 = DIRECTION('',(-0.,1.,0.));
#4810 = DIRECTION('',(0.,0.,1.));
#4811 = DEFINITIONAL_REPRESENTATION('',(#4812),#4816);
#4812 = LINE('',#4813,#4814);
#4813 = CARTESIAN_POINT('',(0.,0.));
#4814 = VECTOR('',#4815,1.);
#4815 = DIRECTION('',(1.,0.));
#4816 = ( GEOMETRIC_REPRESENTATION_CONTEXT(2) 
PARAMETRIC_REPRESENTATION_CONTEXT() REPRESENTATION_CONTEXT('2D SPACE',''
  ) );
#4817 = ORIENTED_EDGE('',*,*,#4818,.F.);
#4818 = EDGE_CURVE('',#4733,#4791,#4819,.T.);
#4819 = SURFACE_CURVE('',#4820,(#4824,#4831),.PCURVE_S1.);
#4820 = LINE('',#4821,#4822);
#4821 = CARTESIAN_POINT('',(-386.85,-20.,4.374E+03));
#4822 = VECTOR('',#4823,1.);
#4823 = DIRECTION('',(-0.,1.,0.));
#4824 = PCURVE('',#4586,#4825);
#4825 = DEFINITIONAL_REPRESENTATION('',(#4826),#4830);
#4826 = LINE('',#4827,#4828);
#4827 = CARTESIAN_POINT('',(60.,-25.));
#4828 = VECTOR('',#4829,1.);
#4829 = DIRECTION('',(0.,-1.));
#4830 = ( GEOMETRIC_REPRESENTATION_CONTEXT(2) 
PARAMETRIC_REPRESENTATION_CONTEXT() REPRESENTATION_CONTEXT('2D SPACE',''
  ) );
#4831 = PCURVE('',#4832,#4837);
#4832 = PLANE('',#4833);
#4833 = AXIS2_PLACEMENT_3D('',#4834,#4835,#4836);
#4834 = CARTESIAN_POINT('',(-386.85,-20.,4.374E+03));
#4835 = DIRECTION('',(0.,0.,1.));
#4836 = DIRECTION('',(1.,0.,-0.));
#4837 = DEFINITIONAL_REPRESENTATION('',(#4838),#4842);
#4838 = LINE('',#4839,#4840);
#4839 = CARTESIAN_POINT('',(0.,0.));
#4840 = VECTOR('',#4841,1.);
#4841 = DIRECTION('',(0.,1.));
#4842 = ( GEOMETRIC_REPRESENTATION_CONTEXT(2) 
PARAMETRIC_REPRESENTATION_CONTEXT() REPRESENTATION_CONTEXT('2D SPACE',''
  ) );
#4843 = ADVANCED_FACE('',(#4844),#4750,.F.);
#4844 = FACE_BOUND('',#4845,.F.);
#4845 = EDGE_LOOP('',(#4846,#4869,#4870,#4893));
#4846 = ORIENTED_EDGE('',*,*,#4847,.F.);
#4847 = EDGE_CURVE('',#4733,#4848,#4850,.T.);
#4848 = VERTEX_POINT('',#4849);
#4849 = CARTESIAN_POINT('',(125.,-20.,4.374E+03));
#4850 = SURFACE_CURVE('',#4851,(#4855,#4862),.PCURVE_S1.);
#4851 = LINE('',#4852,#4853);
#4852 = CARTESIAN_POINT('',(-386.85,-20.,4.374E+03));
#4853 = VECTOR('',#4854,1.);
#4854 = DIRECTION('',(1.,0.,-0.));
#4855 = PCURVE('',#4750,#4856);
#4856 = DEFINITIONAL_REPRESENTATION('',(#4857),#4861);
#4857 = LINE('',#4858,#4859);
#4858 = CARTESIAN_POINT('',(0.,0.));
#4859 = VECTOR('',#4860,1.);
#4860 = DIRECTION('',(0.,1.));
#4861 = ( GEOMETRIC_REPRESENTATION_CONTEXT(2) 
PARAMETRIC_REPRESENTATION_CONTEXT() REPRESENTATION_CONTEXT('2D SPACE',''
  ) );
#4862 = PCURVE('',#4832,#4863);
#4863 = DEFINITIONAL_REPRESENTATION('',(#4864),#4868);
#4864 = LINE('',#4865,#4866);
#4865 = CARTESIAN_POINT('',(0.,0.));
#4866 = VECTOR('',#4867,1.);
#4867 = DIRECTION('',(1.,0.));
#4868 = ( GEOMETRIC_REPRESENTATION_CONTEXT(2) 
PARAMETRIC_REPRESENTATION_CONTEXT() REPRESENTATION_CONTEXT('2D SPACE',''
  ) );
#4869 = ORIENTED_EDGE('',*,*,#4732,.T.);
#4870 = ORIENTED_EDGE('',*,*,#4871,.T.);
#4871 = EDGE_CURVE('',#4735,#4872,#4874,.T.);
#4872 = VERTEX_POINT('',#4873);
#4873 = CARTESIAN_POINT('',(125.,-20.,4.414E+03));
#4874 = SURFACE_CURVE('',#4875,(#4879,#4886),.PCURVE_S1.);
#4875 = LINE('',#4876,#4877);
#4876 = CARTESIAN_POINT('',(-386.85,-20.,4.414E+03));
#4877 = VECTOR('',#4878,1.);
#4878 = DIRECTION('',(1.,0.,-0.));
#4879 = PCURVE('',#4750,#4880);
#4880 = DEFINITIONAL_REPRESENTATION('',(#4881),#4885);
#4881 = LINE('',#4882,#4883);
#4882 = CARTESIAN_POINT('',(40.,0.));
#4883 = VECTOR('',#4884,1.);
#4884 = DIRECTION('',(0.,1.));
#4885 = ( GEOMETRIC_REPRESENTATION_CONTEXT(2) 
PARAMETRIC_REPRESENTATION_CONTEXT() REPRESENTATION_CONTEXT('2D SPACE',''
  ) );
#4886 = PCURVE('',#4778,#4887);
#4887 = DEFINITIONAL_REPRESENTATION('',(#4888),#4892);
#4888 = LINE('',#4889,#4890);
#4889 = CARTESIAN_POINT('',(0.,0.));
#4890 = VECTOR('',#4891,1.);
#4891 = DIRECTION('',(1.,0.));
#4892 = ( GEOMETRIC_REPRESENTATION_CONTEXT(2) 
PARAMETRIC_REPRESENTATION_CONTEXT() REPRESENTATION_CONTEXT('2D SPACE',''
  ) );
#4893 = ORIENTED_EDGE('',*,*,#4894,.F.);
#4894 = EDGE_CURVE('',#4848,#4872,#4895,.T.);
#4895 = SURFACE_CURVE('',#4896,(#4900,#4907),.PCURVE_S1.);
#4896 = LINE('',#4897,#4898);
#4897 = CARTESIAN_POINT('',(125.,-20.,4.374E+03));
#4898 = VECTOR('',#4899,1.);
#4899 = DIRECTION('',(0.,0.,1.));
#4900 = PCURVE('',#4750,#4901);
#4901 = DEFINITIONAL_REPRESENTATION('',(#4902),#4906);
#4902 = LINE('',#4903,#4904);
#4903 = CARTESIAN_POINT('',(0.,511.85));
#4904 = VECTOR('',#4905,1.);
#4905 = DIRECTION('',(1.,0.));
#4906 = ( GEOMETRIC_REPRESENTATION_CONTEXT(2) 
PARAMETRIC_REPRESENTATION_CONTEXT() REPRESENTATION_CONTEXT('2D SPACE',''
  ) );
#4907 = PCURVE('',#4908,#4913);
#4908 = PLANE('',#4909);
#4909 = AXIS2_PLACEMENT_3D('',#4910,#4911,#4912);
#4910 = CARTESIAN_POINT('',(125.,-20.,4.374E+03));
#4911 = DIRECTION('',(1.,0.,-0.));
#4912 = DIRECTION('',(0.,0.,1.));
#4913 = DEFINITIONAL_REPRESENTATION('',(#4914),#4918);
#4914 = LINE('',#4915,#4916);
#4915 = CARTESIAN_POINT('',(0.,0.));
#4916 = VECTOR('',#4917,1.);
#4917 = DIRECTION('',(1.,0.));
#4918 = ( GEOMETRIC_REPRESENTATION_CONTEXT(2) 
PARAMETRIC_REPRESENTATION_CONTEXT() REPRESENTATION_CONTEXT('2D SPACE',''
  ) );
#4919 = ADVANCED_FACE('',(#4920),#4832,.F.);
#4920 = FACE_BOUND('',#4921,.F.);
#4921 = EDGE_LOOP('',(#4922,#4923,#4924,#4947));
#4922 = ORIENTED_EDGE('',*,*,#4818,.F.);
#4923 = ORIENTED_EDGE('',*,*,#4847,.T.);
#4924 = ORIENTED_EDGE('',*,*,#4925,.T.);
#4925 = EDGE_CURVE('',#4848,#4926,#4928,.T.);
#4926 = VERTEX_POINT('',#4927);
#4927 = CARTESIAN_POINT('',(125.,20.,4.374E+03));
#4928 = SURFACE_CURVE('',#4929,(#4933,#4940),.PCURVE_S1.);
#4929 = LINE('',#4930,#4931);
#4930 = CARTESIAN_POINT('',(125.,-20.,4.374E+03));
#4931 = VECTOR('',#4932,1.);
#4932 = DIRECTION('',(-0.,1.,0.));
#4933 = PCURVE('',#4832,#4934);
#4934 = DEFINITIONAL_REPRESENTATION('',(#4935),#4939);
#4935 = LINE('',#4936,#4937);
#4936 = CARTESIAN_POINT('',(511.85,0.));
#4937 = VECTOR('',#4938,1.);
#4938 = DIRECTION('',(0.,1.));
#4939 = ( GEOMETRIC_REPRESENTATION_CONTEXT(2) 
PARAMETRIC_REPRESENTATION_CONTEXT() REPRESENTATION_CONTEXT('2D SPACE',''
  ) );
#4940 = PCURVE('',#4908,#4941);
#4941 = DEFINITIONAL_REPRESENTATION('',(#4942),#4946);
#4942 = LINE('',#4943,#4944);
#4943 = CARTESIAN_POINT('',(0.,0.));
#4944 = VECTOR('',#4945,1.);
#4945 = DIRECTION('',(0.,-1.));
#4946 = ( GEOMETRIC_REPRESENTATION_CONTEXT(2) 
PARAMETRIC_REPRESENTATION_CONTEXT() REPRESENTATION_CONTEXT('2D SPACE',''
  ) );
#4947 = ORIENTED_EDGE('',*,*,#4948,.F.);
#4948 = EDGE_CURVE('',#4791,#4926,#4949,.T.);
#4949 = SURFACE_CURVE('',#4950,(#4954,#4961),.PCURVE_S1.);
#4950 = LINE('',#4951,#4952);
#4951 = CARTESIAN_POINT('',(-386.85,20.,4.374E+03));
#4952 = VECTOR('',#4953,1.);
#4953 = DIRECTION('',(1.,0.,-0.));
#4954 = PCURVE('',#4832,#4955);
#4955 = DEFINITIONAL_REPRESENTATION('',(#4956),#4960);
#4956 = LINE('',#4957,#4958);
#4957 = CARTESIAN_POINT('',(0.,40.));
#4958 = VECTOR('',#4959,1.);
#4959 = DIRECTION('',(1.,0.));
#4960 = ( GEOMETRIC_REPRESENTATION_CONTEXT(2) 
PARAMETRIC_REPRESENTATION_CONTEXT() REPRESENTATION_CONTEXT('2D SPACE',''
  ) );
#4961 = PCURVE('',#4806,#4962);
#4962 = DEFINITIONAL_REPRESENTATION('',(#4963),#4967);
#4963 = LINE('',#4964,#4965);
#4964 = CARTESIAN_POINT('',(0.,0.));
#4965 = VECTOR('',#4966,1.);
#4966 = DIRECTION('',(0.,1.));
#4967 = ( GEOMETRIC_REPRESENTATION_CONTEXT(2) 
PARAMETRIC_REPRESENTATION_CONTEXT() REPRESENTATION_CONTEXT('2D SPACE',''
  ) );
#4968 = ADVANCED_FACE('',(#4969),#4806,.T.);
#4969 = FACE_BOUND('',#4970,.T.);
#4970 = EDGE_LOOP('',(#4971,#4972,#4973,#4996));
#4971 = ORIENTED_EDGE('',*,*,#4948,.F.);
#4972 = ORIENTED_EDGE('',*,*,#4790,.T.);
#4973 = ORIENTED_EDGE('',*,*,#4974,.T.);
#4974 = EDGE_CURVE('',#4763,#4975,#4977,.T.);
#4975 = VERTEX_POINT('',#4976);
#4976 = CARTESIAN_POINT('',(125.,20.,4.414E+03));
#4977 = SURFACE_CURVE('',#4978,(#4982,#4989),.PCURVE_S1.);
#4978 = LINE('',#4979,#4980);
#4979 = CARTESIAN_POINT('',(-386.85,20.,4.414E+03));
#4980 = VECTOR('',#4981,1.);
#4981 = DIRECTION('',(1.,0.,-0.));
#4982 = PCURVE('',#4806,#4983);
#4983 = DEFINITIONAL_REPRESENTATION('',(#4984),#4988);
#4984 = LINE('',#4985,#4986);
#4985 = CARTESIAN_POINT('',(40.,0.));
#4986 = VECTOR('',#4987,1.);
#4987 = DIRECTION('',(0.,1.));
#4988 = ( GEOMETRIC_REPRESENTATION_CONTEXT(2) 
PARAMETRIC_REPRESENTATION_CONTEXT() REPRESENTATION_CONTEXT('2D SPACE',''
  ) );
#4989 = PCURVE('',#4778,#4990);
#4990 = DEFINITIONAL_REPRESENTATION('',(#4991),#4995);
#4991 = LINE('',#4992,#4993);
#4992 = CARTESIAN_POINT('',(0.,40.));
#4993 = VECTOR('',#4994,1.);
#4994 = DIRECTION('',(1.,0.));
#4995 = ( GEOMETRIC_REPRESENTATION_CONTEXT(2) 
PARAMETRIC_REPRESENTATION_CONTEXT() REPRESENTATION_CONTEXT('2D SPACE',''
  ) );
#4996 = ORIENTED_EDGE('',*,*,#4997,.F.);
#4997 = EDGE_CURVE('',#4926,#4975,#4998,.T.);
#4998 = SURFACE_CURVE('',#4999,(#5003,#5010),.PCURVE_S1.);
#4999 = LINE('',#5000,#5001);
#5000 = CARTESIAN_POINT('',(125.,20.,4.374E+03));
#5001 = VECTOR('',#5002,1.);
#5002 = DIRECTION('',(0.,0.,1.));
#5003 = PCURVE('',#4806,#5004);
#5004 = DEFINITIONAL_REPRESENTATION('',(#5005),#5009);
#5005 = LINE('',#5006,#5007);
#5006 = CARTESIAN_POINT('',(0.,511.85));
#5007 = VECTOR('',#5008,1.);
#5008 = DIRECTION('',(1.,0.));
#5009 = ( GEOMETRIC_REPRESENTATION_CONTEXT(2) 
PARAMETRIC_REPRESENTATION_CONTEXT() REPRESENTATION_CONTEXT('2D SPACE',''
  ) );
#5010 = PCURVE('',#4908,#5011);
#5011 = DEFINITIONAL_REPRESENTATION('',(#5012),#5016);
#5012 = LINE('',#5013,#5014);
#5013 = CARTESIAN_POINT('',(0.,-40.));
#5014 = VECTOR('',#5015,1.);
#5015 = DIRECTION('',(1.,0.));
#5016 = ( GEOMETRIC_REPRESENTATION_CONTEXT(2) 
PARAMETRIC_REPRESENTATION_CONTEXT() REPRESENTATION_CONTEXT('2D SPACE',''
  ) );
#5017 = ADVANCED_FACE('',(#5018),#4778,.T.);
#5018 = FACE_BOUND('',#5019,.T.);
#5019 = EDGE_LOOP('',(#5020,#5021,#5022,#5043));
#5020 = ORIENTED_EDGE('',*,*,#4762,.F.);
#5021 = ORIENTED_EDGE('',*,*,#4871,.T.);
#5022 = ORIENTED_EDGE('',*,*,#5023,.T.);
#5023 = EDGE_CURVE('',#4872,#4975,#5024,.T.);
#5024 = SURFACE_CURVE('',#5025,(#5029,#5036),.PCURVE_S1.);
#5025 = LINE('',#5026,#5027);
#5026 = CARTESIAN_POINT('',(125.,-20.,4.414E+03));
#5027 = VECTOR('',#5028,1.);
#5028 = DIRECTION('',(-0.,1.,0.));
#5029 = PCURVE('',#4778,#5030);
#5030 = DEFINITIONAL_REPRESENTATION('',(#5031),#5035);
#5031 = LINE('',#5032,#5033);
#5032 = CARTESIAN_POINT('',(511.85,0.));
#5033 = VECTOR('',#5034,1.);
#5034 = DIRECTION('',(0.,1.));
#5035 = ( GEOMETRIC_REPRESENTATION_CONTEXT(2) 
PARAMETRIC_REPRESENTATION_CONTEXT() REPRESENTATION_CONTEXT('2D SPACE',''
  ) );
#5036 = PCURVE('',#4908,#5037);
#5037 = DEFINITIONAL_REPRESENTATION('',(#5038),#5042);
#5038 = LINE('',#5039,#5040);
#5039 = CARTESIAN_POINT('',(40.,0.));
#5040 = VECTOR('',#5041,1.);
#5041 = DIRECTION('',(0.,-1.));
#5042 = ( GEOMETRIC_REPRESENTATION_CONTEXT(2) 
PARAMETRIC_REPRESENTATION_CONTEXT() REPRESENTATION_CONTEXT('2D SPACE',''
  ) );
#5043 = ORIENTED_EDGE('',*,*,#4974,.F.);
#5044 = ADVANCED_FACE('',(#5045,#5051),#4908,.T.);
#5045 = FACE_BOUND('',#5046,.T.);
#5046 = EDGE_LOOP('',(#5047,#5048,#5049,#5050));
#5047 = ORIENTED_EDGE('',*,*,#4894,.F.);
#5048 = ORIENTED_EDGE('',*,*,#4925,.T.);
#5049 = ORIENTED_EDGE('',*,*,#4997,.T.);
#5050 = ORIENTED_EDGE('',*,*,#5023,.F.);
#5051 = FACE_BOUND('',#5052,.T.);
#5052 = EDGE_LOOP('',(#5053,#5081,#5107,#5133));
#5053 = ORIENTED_EDGE('',*,*,#5054,.T.);
#5054 = EDGE_CURVE('',#5055,#5057,#5059,.T.);
#5055 = VERTEX_POINT('',#5056);
#5056 = CARTESIAN_POINT('',(125.,18.,4.376E+03));
#5057 = VERTEX_POINT('',#5058);
#5058 = CARTESIAN_POINT('',(125.,-18.,4.376E+03));
#5059 = SURFACE_CURVE('',#5060,(#5064,#5070),.PCURVE_S1.);
#5060 = LINE('',#5061,#5062);
#5061 = CARTESIAN_POINT('',(125.,-19.,4.376E+03));
#5062 = VECTOR('',#5063,1.);
#5063 = DIRECTION('',(0.,-1.,0.));
#5064 = PCURVE('',#4908,#5065);
#5065 = DEFINITIONAL_REPRESENTATION('',(#5066),#5069);
#5066 = B_SPLINE_CURVE_WITH_KNOTS('',1,(#5067,#5068),.UNSPECIFIED.,.F.,
  .F.,(2,2),(-37.,-1.),.PIECEWISE_BEZIER_KNOTS.);
#5067 = CARTESIAN_POINT('',(2.,-38.));
#5068 = CARTESIAN_POINT('',(2.,-2.));
#5069 = ( GEOMETRIC_REPRESENTATION_CONTEXT(2) 
PARAMETRIC_REPRESENTATION_CONTEXT() REPRESENTATION_CONTEXT('2D SPACE',''
  ) );
#5070 = PCURVE('',#5071,#5076);
#5071 = PLANE('',#5072);
#5072 = AXIS2_PLACEMENT_3D('',#5073,#5074,#5075);
#5073 = CARTESIAN_POINT('',(-387.85,-18.,4.376E+03));
#5074 = DIRECTION('',(0.,0.,1.));
#5075 = DIRECTION('',(1.,0.,-0.));
#5076 = DEFINITIONAL_REPRESENTATION('',(#5077),#5080);
#5077 = B_SPLINE_CURVE_WITH_KNOTS('',1,(#5078,#5079),.UNSPECIFIED.,.F.,
  .F.,(2,2),(-37.,-1.),.PIECEWISE_BEZIER_KNOTS.);
#5078 = CARTESIAN_POINT('',(512.85,36.));
#5079 = CARTESIAN_POINT('',(512.85,0.));
#5080 = ( GEOMETRIC_REPRESENTATION_CONTEXT(2) 
PARAMETRIC_REPRESENTATION_CONTEXT() REPRESENTATION_CONTEXT('2D SPACE',''
  ) );
#5081 = ORIENTED_EDGE('',*,*,#5082,.T.);
#5082 = EDGE_CURVE('',#5057,#5083,#5085,.T.);
#5083 = VERTEX_POINT('',#5084);
#5084 = CARTESIAN_POINT('',(125.,-18.,4.412E+03));
#5085 = SURFACE_CURVE('',#5086,(#5090,#5096),.PCURVE_S1.);
#5086 = LINE('',#5087,#5088);
#5087 = CARTESIAN_POINT('',(125.,-18.,4.375E+03));
#5088 = VECTOR('',#5089,1.);
#5089 = DIRECTION('',(0.,0.,1.));
#5090 = PCURVE('',#4908,#5091);
#5091 = DEFINITIONAL_REPRESENTATION('',(#5092),#5095);
#5092 = B_SPLINE_CURVE_WITH_KNOTS('',1,(#5093,#5094),.UNSPECIFIED.,.F.,
  .F.,(2,2),(1.,37.),.PIECEWISE_BEZIER_KNOTS.);
#5093 = CARTESIAN_POINT('',(2.,-2.));
#5094 = CARTESIAN_POINT('',(38.,-2.));
#5095 = ( GEOMETRIC_REPRESENTATION_CONTEXT(2) 
PARAMETRIC_REPRESENTATION_CONTEXT() REPRESENTATION_CONTEXT('2D SPACE',''
  ) );
#5096 = PCURVE('',#5097,#5102);
#5097 = PLANE('',#5098);
#5098 = AXIS2_PLACEMENT_3D('',#5099,#5100,#5101);
#5099 = CARTESIAN_POINT('',(-387.85,-18.,4.376E+03));
#5100 = DIRECTION('',(-0.,1.,0.));
#5101 = DIRECTION('',(0.,0.,1.));
#5102 = DEFINITIONAL_REPRESENTATION('',(#5103),#5106);
#5103 = B_SPLINE_CURVE_WITH_KNOTS('',1,(#5104,#5105),.UNSPECIFIED.,.F.,
  .F.,(2,2),(1.,37.),.PIECEWISE_BEZIER_KNOTS.);
#5104 = CARTESIAN_POINT('',(0.,512.85));
#5105 = CARTESIAN_POINT('',(36.,512.85));
#5106 = ( GEOMETRIC_REPRESENTATION_CONTEXT(2) 
PARAMETRIC_REPRESENTATION_CONTEXT() REPRESENTATION_CONTEXT('2D SPACE',''
  ) );
#5107 = ORIENTED_EDGE('',*,*,#5108,.F.);
#5108 = EDGE_CURVE('',#5109,#5083,#5111,.T.);
#5109 = VERTEX_POINT('',#5110);
#5110 = CARTESIAN_POINT('',(125.,18.,4.412E+03));
#5111 = SURFACE_CURVE('',#5112,(#5116,#5122),.PCURVE_S1.);
#5112 = LINE('',#5113,#5114);
#5113 = CARTESIAN_POINT('',(125.,-19.,4.412E+03));
#5114 = VECTOR('',#5115,1.);
#5115 = DIRECTION('',(0.,-1.,0.));
#5116 = PCURVE('',#4908,#5117);
#5117 = DEFINITIONAL_REPRESENTATION('',(#5118),#5121);
#5118 = B_SPLINE_CURVE_WITH_KNOTS('',1,(#5119,#5120),.UNSPECIFIED.,.F.,
  .F.,(2,2),(-37.,-1.),.PIECEWISE_BEZIER_KNOTS.);
#5119 = CARTESIAN_POINT('',(38.,-38.));
#5120 = CARTESIAN_POINT('',(38.,-2.));
#5121 = ( GEOMETRIC_REPRESENTATION_CONTEXT(2) 
PARAMETRIC_REPRESENTATION_CONTEXT() REPRESENTATION_CONTEXT('2D SPACE',''
  ) );
#5122 = PCURVE('',#5123,#5128);
#5123 = PLANE('',#5124);
#5124 = AXIS2_PLACEMENT_3D('',#5125,#5126,#5127);
#5125 = CARTESIAN_POINT('',(-387.85,-18.,4.412E+03));
#5126 = DIRECTION('',(0.,0.,1.));
#5127 = DIRECTION('',(1.,0.,-0.));
#5128 = DEFINITIONAL_REPRESENTATION('',(#5129),#5132);
#5129 = B_SPLINE_CURVE_WITH_KNOTS('',1,(#5130,#5131),.UNSPECIFIED.,.F.,
  .F.,(2,2),(-37.,-1.),.PIECEWISE_BEZIER_KNOTS.);
#5130 = CARTESIAN_POINT('',(512.85,36.));
#5131 = CARTESIAN_POINT('',(512.85,0.));
#5132 = ( GEOMETRIC_REPRESENTATION_CONTEXT(2) 
PARAMETRIC_REPRESENTATION_CONTEXT() REPRESENTATION_CONTEXT('2D SPACE',''
  ) );
#5133 = ORIENTED_EDGE('',*,*,#5134,.F.);
#5134 = EDGE_CURVE('',#5055,#5109,#5135,.T.);
#5135 = SURFACE_CURVE('',#5136,(#5140,#5146),.PCURVE_S1.);
#5136 = LINE('',#5137,#5138);
#5137 = CARTESIAN_POINT('',(125.,18.,4.375E+03));
#5138 = VECTOR('',#5139,1.);
#5139 = DIRECTION('',(0.,0.,1.));
#5140 = PCURVE('',#4908,#5141);
#5141 = DEFINITIONAL_REPRESENTATION('',(#5142),#5145);
#5142 = B_SPLINE_CURVE_WITH_KNOTS('',1,(#5143,#5144),.UNSPECIFIED.,.F.,
  .F.,(2,2),(1.,37.),.PIECEWISE_BEZIER_KNOTS.);
#5143 = CARTESIAN_POINT('',(2.,-38.));
#5144 = CARTESIAN_POINT('',(38.,-38.));
#5145 = ( GEOMETRIC_REPRESENTATION_CONTEXT(2) 
PARAMETRIC_REPRESENTATION_CONTEXT() REPRESENTATION_CONTEXT('2D SPACE',''
  ) );
#5146 = PCURVE('',#5147,#5152);
#5147 = PLANE('',#5148);
#5148 = AXIS2_PLACEMENT_3D('',#5149,#5150,#5151);
#5149 = CARTESIAN_POINT('',(-387.85,18.,4.376E+03));
#5150 = DIRECTION('',(-0.,1.,0.));
#5151 = DIRECTION('',(0.,0.,1.));
#5152 = DEFINITIONAL_REPRESENTATION('',(#5153),#5156);
#5153 = B_SPLINE_CURVE_WITH_KNOTS('',1,(#5154,#5155),.UNSPECIFIED.,.F.,
  .F.,(2,2),(1.,37.),.PIECEWISE_BEZIER_KNOTS.);
#5154 = CARTESIAN_POINT('',(0.,512.85));
#5155 = CARTESIAN_POINT('',(36.,512.85));
#5156 = ( GEOMETRIC_REPRESENTATION_CONTEXT(2) 
PARAMETRIC_REPRESENTATION_CONTEXT() REPRESENTATION_CONTEXT('2D SPACE',''
  ) );
#5157 = ADVANCED_FACE('',(#5158),#5071,.T.);
#5158 = FACE_BOUND('',#5159,.T.);
#5159 = EDGE_LOOP('',(#5160,#5183,#5210,#5231));
#5160 = ORIENTED_EDGE('',*,*,#5161,.F.);
#5161 = EDGE_CURVE('',#5162,#5055,#5164,.T.);
#5162 = VERTEX_POINT('',#5163);
#5163 = CARTESIAN_POINT('',(-386.85,18.,4.376E+03));
#5164 = SURFACE_CURVE('',#5165,(#5169,#5176),.PCURVE_S1.);
#5165 = LINE('',#5166,#5167);
#5166 = CARTESIAN_POINT('',(-387.85,18.,4.376E+03));
#5167 = VECTOR('',#5168,1.);
#5168 = DIRECTION('',(1.,0.,-0.));
#5169 = PCURVE('',#5071,#5170);
#5170 = DEFINITIONAL_REPRESENTATION('',(#5171),#5175);
#5171 = LINE('',#5172,#5173);
#5172 = CARTESIAN_POINT('',(0.,36.));
#5173 = VECTOR('',#5174,1.);
#5174 = DIRECTION('',(1.,0.));
#5175 = ( GEOMETRIC_REPRESENTATION_CONTEXT(2) 
PARAMETRIC_REPRESENTATION_CONTEXT() REPRESENTATION_CONTEXT('2D SPACE',''
  ) );
#5176 = PCURVE('',#5147,#5177);
#5177 = DEFINITIONAL_REPRESENTATION('',(#5178),#5182);
#5178 = LINE('',#5179,#5180);
#5179 = CARTESIAN_POINT('',(0.,0.));
#5180 = VECTOR('',#5181,1.);
#5181 = DIRECTION('',(0.,1.));
#5182 = ( GEOMETRIC_REPRESENTATION_CONTEXT(2) 
PARAMETRIC_REPRESENTATION_CONTEXT() REPRESENTATION_CONTEXT('2D SPACE',''
  ) );
#5183 = ORIENTED_EDGE('',*,*,#5184,.T.);
#5184 = EDGE_CURVE('',#5162,#5185,#5187,.T.);
#5185 = VERTEX_POINT('',#5186);
#5186 = CARTESIAN_POINT('',(-386.85,-18.,4.376E+03));
#5187 = SURFACE_CURVE('',#5188,(#5192,#5198),.PCURVE_S1.);
#5188 = LINE('',#5189,#5190);
#5189 = CARTESIAN_POINT('',(-386.85,-19.,4.376E+03));
#5190 = VECTOR('',#5191,1.);
#5191 = DIRECTION('',(0.,-1.,0.));
#5192 = PCURVE('',#5071,#5193);
#5193 = DEFINITIONAL_REPRESENTATION('',(#5194),#5197);
#5194 = B_SPLINE_CURVE_WITH_KNOTS('',1,(#5195,#5196),.UNSPECIFIED.,.F.,
  .F.,(2,2),(-37.,-1.),.PIECEWISE_BEZIER_KNOTS.);
#5195 = CARTESIAN_POINT('',(1.,36.));
#5196 = CARTESIAN_POINT('',(1.,0.));
#5197 = ( GEOMETRIC_REPRESENTATION_CONTEXT(2) 
PARAMETRIC_REPRESENTATION_CONTEXT() REPRESENTATION_CONTEXT('2D SPACE',''
  ) );
#5198 = PCURVE('',#5199,#5204);
#5199 = PLANE('',#5200);
#5200 = AXIS2_PLACEMENT_3D('',#5201,#5202,#5203);
#5201 = CARTESIAN_POINT('',(-386.85,-45.,4.314E+03));
#5202 = DIRECTION('',(1.,0.,-0.));
#5203 = DIRECTION('',(0.,0.,1.));
#5204 = DEFINITIONAL_REPRESENTATION('',(#5205),#5209);
#5205 = LINE('',#5206,#5207);
#5206 = CARTESIAN_POINT('',(62.,-26.));
#5207 = VECTOR('',#5208,1.);
#5208 = DIRECTION('',(0.,1.));
#5209 = ( GEOMETRIC_REPRESENTATION_CONTEXT(2) 
PARAMETRIC_REPRESENTATION_CONTEXT() REPRESENTATION_CONTEXT('2D SPACE',''
  ) );
#5210 = ORIENTED_EDGE('',*,*,#5211,.T.);
#5211 = EDGE_CURVE('',#5185,#5057,#5212,.T.);
#5212 = SURFACE_CURVE('',#5213,(#5217,#5224),.PCURVE_S1.);
#5213 = LINE('',#5214,#5215);
#5214 = CARTESIAN_POINT('',(-387.85,-18.,4.376E+03));
#5215 = VECTOR('',#5216,1.);
#5216 = DIRECTION('',(1.,0.,-0.));
#5217 = PCURVE('',#5071,#5218);
#5218 = DEFINITIONAL_REPRESENTATION('',(#5219),#5223);
#5219 = LINE('',#5220,#5221);
#5220 = CARTESIAN_POINT('',(0.,0.));
#5221 = VECTOR('',#5222,1.);
#5222 = DIRECTION('',(1.,0.));
#5223 = ( GEOMETRIC_REPRESENTATION_CONTEXT(2) 
PARAMETRIC_REPRESENTATION_CONTEXT() REPRESENTATION_CONTEXT('2D SPACE',''
  ) );
#5224 = PCURVE('',#5097,#5225);
#5225 = DEFINITIONAL_REPRESENTATION('',(#5226),#5230);
#5226 = LINE('',#5227,#5228);
#5227 = CARTESIAN_POINT('',(0.,0.));
#5228 = VECTOR('',#5229,1.);
#5229 = DIRECTION('',(0.,1.));
#5230 = ( GEOMETRIC_REPRESENTATION_CONTEXT(2) 
PARAMETRIC_REPRESENTATION_CONTEXT() REPRESENTATION_CONTEXT('2D SPACE',''
  ) );
#5231 = ORIENTED_EDGE('',*,*,#5054,.F.);
#5232 = ADVANCED_FACE('',(#5233),#5147,.F.);
#5233 = FACE_BOUND('',#5234,.F.);
#5234 = EDGE_LOOP('',(#5235,#5236,#5258,#5279));
#5235 = ORIENTED_EDGE('',*,*,#5161,.F.);
#5236 = ORIENTED_EDGE('',*,*,#5237,.T.);
#5237 = EDGE_CURVE('',#5162,#5238,#5240,.T.);
#5238 = VERTEX_POINT('',#5239);
#5239 = CARTESIAN_POINT('',(-386.85,18.,4.412E+03));
#5240 = SURFACE_CURVE('',#5241,(#5245,#5251),.PCURVE_S1.);
#5241 = LINE('',#5242,#5243);
#5242 = CARTESIAN_POINT('',(-386.85,18.,4.375E+03));
#5243 = VECTOR('',#5244,1.);
#5244 = DIRECTION('',(0.,0.,1.));
#5245 = PCURVE('',#5147,#5246);
#5246 = DEFINITIONAL_REPRESENTATION('',(#5247),#5250);
#5247 = B_SPLINE_CURVE_WITH_KNOTS('',1,(#5248,#5249),.UNSPECIFIED.,.F.,
  .F.,(2,2),(1.,37.),.PIECEWISE_BEZIER_KNOTS.);
#5248 = CARTESIAN_POINT('',(0.,1.));
#5249 = CARTESIAN_POINT('',(36.,1.));
#5250 = ( GEOMETRIC_REPRESENTATION_CONTEXT(2) 
PARAMETRIC_REPRESENTATION_CONTEXT() REPRESENTATION_CONTEXT('2D SPACE',''
  ) );
#5251 = PCURVE('',#5199,#5252);
#5252 = DEFINITIONAL_REPRESENTATION('',(#5253),#5257);
#5253 = LINE('',#5254,#5255);
#5254 = CARTESIAN_POINT('',(61.,-63.));
#5255 = VECTOR('',#5256,1.);
#5256 = DIRECTION('',(1.,0.));
#5257 = ( GEOMETRIC_REPRESENTATION_CONTEXT(2) 
PARAMETRIC_REPRESENTATION_CONTEXT() REPRESENTATION_CONTEXT('2D SPACE',''
  ) );
#5258 = ORIENTED_EDGE('',*,*,#5259,.T.);
#5259 = EDGE_CURVE('',#5238,#5109,#5260,.T.);
#5260 = SURFACE_CURVE('',#5261,(#5265,#5272),.PCURVE_S1.);
#5261 = LINE('',#5262,#5263);
#5262 = CARTESIAN_POINT('',(-387.85,18.,4.412E+03));
#5263 = VECTOR('',#5264,1.);
#5264 = DIRECTION('',(1.,0.,-0.));
#5265 = PCURVE('',#5147,#5266);
#5266 = DEFINITIONAL_REPRESENTATION('',(#5267),#5271);
#5267 = LINE('',#5268,#5269);
#5268 = CARTESIAN_POINT('',(36.,0.));
#5269 = VECTOR('',#5270,1.);
#5270 = DIRECTION('',(0.,1.));
#5271 = ( GEOMETRIC_REPRESENTATION_CONTEXT(2) 
PARAMETRIC_REPRESENTATION_CONTEXT() REPRESENTATION_CONTEXT('2D SPACE',''
  ) );
#5272 = PCURVE('',#5123,#5273);
#5273 = DEFINITIONAL_REPRESENTATION('',(#5274),#5278);
#5274 = LINE('',#5275,#5276);
#5275 = CARTESIAN_POINT('',(0.,36.));
#5276 = VECTOR('',#5277,1.);
#5277 = DIRECTION('',(1.,0.));
#5278 = ( GEOMETRIC_REPRESENTATION_CONTEXT(2) 
PARAMETRIC_REPRESENTATION_CONTEXT() REPRESENTATION_CONTEXT('2D SPACE',''
  ) );
#5279 = ORIENTED_EDGE('',*,*,#5134,.F.);
#5280 = ADVANCED_FACE('',(#5281),#5123,.F.);
#5281 = FACE_BOUND('',#5282,.F.);
#5282 = EDGE_LOOP('',(#5283,#5284,#5306,#5327));
#5283 = ORIENTED_EDGE('',*,*,#5259,.F.);
#5284 = ORIENTED_EDGE('',*,*,#5285,.T.);
#5285 = EDGE_CURVE('',#5238,#5286,#5288,.T.);
#5286 = VERTEX_POINT('',#5287);
#5287 = CARTESIAN_POINT('',(-386.85,-18.,4.412E+03));
#5288 = SURFACE_CURVE('',#5289,(#5293,#5299),.PCURVE_S1.);
#5289 = LINE('',#5290,#5291);
#5290 = CARTESIAN_POINT('',(-386.85,-19.,4.412E+03));
#5291 = VECTOR('',#5292,1.);
#5292 = DIRECTION('',(0.,-1.,0.));
#5293 = PCURVE('',#5123,#5294);
#5294 = DEFINITIONAL_REPRESENTATION('',(#5295),#5298);
#5295 = B_SPLINE_CURVE_WITH_KNOTS('',1,(#5296,#5297),.UNSPECIFIED.,.F.,
  .F.,(2,2),(-37.,-1.),.PIECEWISE_BEZIER_KNOTS.);
#5296 = CARTESIAN_POINT('',(1.,36.));
#5297 = CARTESIAN_POINT('',(1.,0.));
#5298 = ( GEOMETRIC_REPRESENTATION_CONTEXT(2) 
PARAMETRIC_REPRESENTATION_CONTEXT() REPRESENTATION_CONTEXT('2D SPACE',''
  ) );
#5299 = PCURVE('',#5199,#5300);
#5300 = DEFINITIONAL_REPRESENTATION('',(#5301),#5305);
#5301 = LINE('',#5302,#5303);
#5302 = CARTESIAN_POINT('',(98.,-26.));
#5303 = VECTOR('',#5304,1.);
#5304 = DIRECTION('',(0.,1.));
#5305 = ( GEOMETRIC_REPRESENTATION_CONTEXT(2) 
PARAMETRIC_REPRESENTATION_CONTEXT() REPRESENTATION_CONTEXT('2D SPACE',''
  ) );
#5306 = ORIENTED_EDGE('',*,*,#5307,.T.);
#5307 = EDGE_CURVE('',#5286,#5083,#5308,.T.);
#5308 = SURFACE_CURVE('',#5309,(#5313,#5320),.PCURVE_S1.);
#5309 = LINE('',#5310,#5311);
#5310 = CARTESIAN_POINT('',(-387.85,-18.,4.412E+03));
#5311 = VECTOR('',#5312,1.);
#5312 = DIRECTION('',(1.,0.,-0.));
#5313 = PCURVE('',#5123,#5314);
#5314 = DEFINITIONAL_REPRESENTATION('',(#5315),#5319);
#5315 = LINE('',#5316,#5317);
#5316 = CARTESIAN_POINT('',(0.,0.));
#5317 = VECTOR('',#5318,1.);
#5318 = DIRECTION('',(1.,0.));
#5319 = ( GEOMETRIC_REPRESENTATION_CONTEXT(2) 
PARAMETRIC_REPRESENTATION_CONTEXT() REPRESENTATION_CONTEXT('2D SPACE',''
  ) );
#5320 = PCURVE('',#5097,#5321);
#5321 = DEFINITIONAL_REPRESENTATION('',(#5322),#5326);
#5322 = LINE('',#5323,#5324);
#5323 = CARTESIAN_POINT('',(36.,0.));
#5324 = VECTOR('',#5325,1.);
#5325 = DIRECTION('',(0.,1.));
#5326 = ( GEOMETRIC_REPRESENTATION_CONTEXT(2) 
PARAMETRIC_REPRESENTATION_CONTEXT() REPRESENTATION_CONTEXT('2D SPACE',''
  ) );
#5327 = ORIENTED_EDGE('',*,*,#5108,.F.);
#5328 = ADVANCED_FACE('',(#5329),#5097,.T.);
#5329 = FACE_BOUND('',#5330,.T.);
#5330 = EDGE_LOOP('',(#5331,#5332,#5352,#5353));
#5331 = ORIENTED_EDGE('',*,*,#5211,.F.);
#5332 = ORIENTED_EDGE('',*,*,#5333,.T.);
#5333 = EDGE_CURVE('',#5185,#5286,#5334,.T.);
#5334 = SURFACE_CURVE('',#5335,(#5339,#5345),.PCURVE_S1.);
#5335 = LINE('',#5336,#5337);
#5336 = CARTESIAN_POINT('',(-386.85,-18.,4.375E+03));
#5337 = VECTOR('',#5338,1.);
#5338 = DIRECTION('',(0.,0.,1.));
#5339 = PCURVE('',#5097,#5340);
#5340 = DEFINITIONAL_REPRESENTATION('',(#5341),#5344);
#5341 = B_SPLINE_CURVE_WITH_KNOTS('',1,(#5342,#5343),.UNSPECIFIED.,.F.,
  .F.,(2,2),(1.,37.),.PIECEWISE_BEZIER_KNOTS.);
#5342 = CARTESIAN_POINT('',(0.,1.));
#5343 = CARTESIAN_POINT('',(36.,1.));
#5344 = ( GEOMETRIC_REPRESENTATION_CONTEXT(2) 
PARAMETRIC_REPRESENTATION_CONTEXT() REPRESENTATION_CONTEXT('2D SPACE',''
  ) );
#5345 = PCURVE('',#5199,#5346);
#5346 = DEFINITIONAL_REPRESENTATION('',(#5347),#5351);
#5347 = LINE('',#5348,#5349);
#5348 = CARTESIAN_POINT('',(61.,-27.));
#5349 = VECTOR('',#5350,1.);
#5350 = DIRECTION('',(1.,0.));
#5351 = ( GEOMETRIC_REPRESENTATION_CONTEXT(2) 
PARAMETRIC_REPRESENTATION_CONTEXT() REPRESENTATION_CONTEXT('2D SPACE',''
  ) );
#5352 = ORIENTED_EDGE('',*,*,#5307,.T.);
#5353 = ORIENTED_EDGE('',*,*,#5082,.F.);
#5354 = ADVANCED_FACE('',(#5355),#5199,.T.);
#5355 = FACE_BOUND('',#5356,.T.);
#5356 = EDGE_LOOP('',(#5357,#5358,#5359,#5360));
#5357 = ORIENTED_EDGE('',*,*,#5184,.F.);
#5358 = ORIENTED_EDGE('',*,*,#5237,.T.);
#5359 = ORIENTED_EDGE('',*,*,#5285,.T.);
#5360 = ORIENTED_EDGE('',*,*,#5333,.F.);
#5361 = ( GEOMETRIC_REPRESENTATION_CONTEXT(3) 
GLOBAL_UNCERTAINTY_ASSIGNED_CONTEXT((#5365)) 
GLOBAL_UNIT_ASSIGNED_CONTEXT((#5362,#5363,#5364)) REPRESENTATION_CONTEXT
('Context #1','3D Context with UNIT and UNCERTAINTY') );
#5362 = ( LENGTH_UNIT() NAMED_UNIT(*) SI_UNIT(.MILLI.,.METRE.) );
#5363 = ( NAMED_UNIT(*) PLANE_ANGLE_UNIT() SI_UNIT($,.RADIAN.) );
#5364 = ( NAMED_UNIT(*) SI_UNIT($,.STERADIAN.) SOLID_ANGLE_UNIT() );
#5365 = UNCERTAINTY_MEASURE_WITH_UNIT(LENGTH_MEASURE(1.E-07),#5362,
  'distance_accuracy_value','confusion accuracy');
#5366 = CONTEXT_DEPENDENT_SHAPE_REPRESENTATION(#5367,#5369);
#5367 = ( REPRESENTATION_RELATIONSHIP('','',#4398,#10) 
REPRESENTATION_RELATIONSHIP_WITH_TRANSFORMATION(#5368) 
SHAPE_REPRESENTATION_RELATIONSHIP() );
#5368 = ITEM_DEFINED_TRANSFORMATION('','',#11,#39);
#5369 = PRODUCT_DEFINITION_SHAPE('Placement','Placement of an item',
  #5370);
#5370 = NEXT_ASSEMBLY_USAGE_OCCURRENCE('7','=>[0:1:1:8]','',#5,#4393,$);
#5371 = PRODUCT_RELATED_PRODUCT_CATEGORY('part',$,(#4395));
#5372 = SHAPE_DEFINITION_REPRESENTATION(#5373,#5379);
#5373 = PRODUCT_DEFINITION_SHAPE('','',#5374);
#5374 = PRODUCT_DEFINITION('design','',#5375,#5378);
#5375 = PRODUCT_DEFINITION_FORMATION('','',#5376);
#5376 = PRODUCT('COMPOUND','COMPOUND','',(#5377));
#5377 = PRODUCT_CONTEXT('',#2,'mechanical');
#5378 = PRODUCT_DEFINITION_CONTEXT('part definition',#2,'design');
#5379 = ADVANCED_BREP_SHAPE_REPRESENTATION('',(#11,#5380),#6346);
#5380 = MANIFOLD_SOLID_BREP('',#5381);
#5381 = CLOSED_SHELL('',(#5382,#5502,#5578,#5627,#5676,#5817,#5824,#5900
    ,#5949,#5998,#6025,#6138,#6214,#6263,#6312,#6339));
#5382 = ADVANCED_FACE('',(#5383),#5397,.F.);
#5383 = FACE_BOUND('',#5384,.F.);
#5384 = EDGE_LOOP('',(#5385,#5420,#5448,#5476));
#5385 = ORIENTED_EDGE('',*,*,#5386,.F.);
#5386 = EDGE_CURVE('',#5387,#5389,#5391,.T.);
#5387 = VERTEX_POINT('',#5388);
#5388 = CARTESIAN_POINT('',(-65.,-60.,35.));
#5389 = VERTEX_POINT('',#5390);
#5390 = CARTESIAN_POINT('',(-65.,-60.,39.));
#5391 = SURFACE_CURVE('',#5392,(#5396,#5408),.PCURVE_S1.);
#5392 = LINE('',#5393,#5394);
#5393 = CARTESIAN_POINT('',(-65.,-60.,35.));
#5394 = VECTOR('',#5395,1.);
#5395 = DIRECTION('',(0.,0.,1.));
#5396 = PCURVE('',#5397,#5402);
#5397 = PLANE('',#5398);
#5398 = AXIS2_PLACEMENT_3D('',#5399,#5400,#5401);
#5399 = CARTESIAN_POINT('',(-65.,-60.,35.));
#5400 = DIRECTION('',(1.,0.,-0.));
#5401 = DIRECTION('',(0.,0.,1.));
#5402 = DEFINITIONAL_REPRESENTATION('',(#5403),#5407);
#5403 = LINE('',#5404,#5405);
#5404 = CARTESIAN_POINT('',(0.,0.));
#5405 = VECTOR('',#5406,1.);
#5406 = DIRECTION('',(1.,0.));
#5407 = ( GEOMETRIC_REPRESENTATION_CONTEXT(2) 
PARAMETRIC_REPRESENTATION_CONTEXT() REPRESENTATION_CONTEXT('2D SPACE',''
  ) );
#5408 = PCURVE('',#5409,#5414);
#5409 = PLANE('',#5410);
#5410 = AXIS2_PLACEMENT_3D('',#5411,#5412,#5413);
#5411 = CARTESIAN_POINT('',(-65.,-60.,35.));
#5412 = DIRECTION('',(-0.,1.,0.));
#5413 = DIRECTION('',(0.,0.,1.));
#5414 = DEFINITIONAL_REPRESENTATION('',(#5415),#5419);
#5415 = LINE('',#5416,#5417);
#5416 = CARTESIAN_POINT('',(0.,0.));
#5417 = VECTOR('',#5418,1.);
#5418 = DIRECTION('',(1.,0.));
#5419 = ( GEOMETRIC_REPRESENTATION_CONTEXT(2) 
PARAMETRIC_REPRESENTATION_CONTEXT() REPRESENTATION_CONTEXT('2D SPACE',''
  ) );
#5420 = ORIENTED_EDGE('',*,*,#5421,.T.);
#5421 = EDGE_CURVE('',#5387,#5422,#5424,.T.);
#5422 = VERTEX_POINT('',#5423);
#5423 = CARTESIAN_POINT('',(-65.,60.,35.));
#5424 = SURFACE_CURVE('',#5425,(#5429,#5436),.PCURVE_S1.);
#5425 = LINE('',#5426,#5427);
#5426 = CARTESIAN_POINT('',(-65.,-60.,35.));
#5427 = VECTOR('',#5428,1.);
#5428 = DIRECTION('',(-0.,1.,0.));
#5429 = PCURVE('',#5397,#5430);
#5430 = DEFINITIONAL_REPRESENTATION('',(#5431),#5435);
#5431 = LINE('',#5432,#5433);
#5432 = CARTESIAN_POINT('',(0.,0.));
#5433 = VECTOR('',#5434,1.);
#5434 = DIRECTION('',(0.,-1.));
#5435 = ( GEOMETRIC_REPRESENTATION_CONTEXT(2) 
PARAMETRIC_REPRESENTATION_CONTEXT() REPRESENTATION_CONTEXT('2D SPACE',''
  ) );
#5436 = PCURVE('',#5437,#5442);
#5437 = PLANE('',#5438);
#5438 = AXIS2_PLACEMENT_3D('',#5439,#5440,#5441);
#5439 = CARTESIAN_POINT('',(-65.,-60.,35.));
#5440 = DIRECTION('',(0.,0.,1.));
#5441 = DIRECTION('',(1.,0.,-0.));
#5442 = DEFINITIONAL_REPRESENTATION('',(#5443),#5447);
#5443 = LINE('',#5444,#5445);
#5444 = CARTESIAN_POINT('',(0.,0.));
#5445 = VECTOR('',#5446,1.);
#5446 = DIRECTION('',(0.,1.));
#5447 = ( GEOMETRIC_REPRESENTATION_CONTEXT(2) 
PARAMETRIC_REPRESENTATION_CONTEXT() REPRESENTATION_CONTEXT('2D SPACE',''
  ) );
#5448 = ORIENTED_EDGE('',*,*,#5449,.T.);
#5449 = EDGE_CURVE('',#5422,#5450,#5452,.T.);
#5450 = VERTEX_POINT('',#5451);
#5451 = CARTESIAN_POINT('',(-65.,60.,39.));
#5452 = SURFACE_CURVE('',#5453,(#5457,#5464),.PCURVE_S1.);
#5453 = LINE('',#5454,#5455);
#5454 = CARTESIAN_POINT('',(-65.,60.,35.));
#5455 = VECTOR('',#5456,1.);
#5456 = DIRECTION('',(0.,0.,1.));
#5457 = PCURVE('',#5397,#5458);
#5458 = DEFINITIONAL_REPRESENTATION('',(#5459),#5463);
#5459 = LINE('',#5460,#5461);
#5460 = CARTESIAN_POINT('',(0.,-120.));
#5461 = VECTOR('',#5462,1.);
#5462 = DIRECTION('',(1.,0.));
#5463 = ( GEOMETRIC_REPRESENTATION_CONTEXT(2) 
PARAMETRIC_REPRESENTATION_CONTEXT() REPRESENTATION_CONTEXT('2D SPACE',''
  ) );
#5464 = PCURVE('',#5465,#5470);
#5465 = PLANE('',#5466);
#5466 = AXIS2_PLACEMENT_3D('',#5467,#5468,#5469);
#5467 = CARTESIAN_POINT('',(-65.,60.,35.));
#5468 = DIRECTION('',(-0.,1.,0.));
#5469 = DIRECTION('',(0.,0.,1.));
#5470 = DEFINITIONAL_REPRESENTATION('',(#5471),#5475);
#5471 = LINE('',#5472,#5473);
#5472 = CARTESIAN_POINT('',(0.,0.));
#5473 = VECTOR('',#5474,1.);
#5474 = DIRECTION('',(1.,0.));
#5475 = ( GEOMETRIC_REPRESENTATION_CONTEXT(2) 
PARAMETRIC_REPRESENTATION_CONTEXT() REPRESENTATION_CONTEXT('2D SPACE',''
  ) );
#5476 = ORIENTED_EDGE('',*,*,#5477,.F.);
#5477 = EDGE_CURVE('',#5389,#5450,#5478,.T.);
#5478 = SURFACE_CURVE('',#5479,(#5483,#5490),.PCURVE_S1.);
#5479 = LINE('',#5480,#5481);
#5480 = CARTESIAN_POINT('',(-65.,-60.,39.));
#5481 = VECTOR('',#5482,1.);
#5482 = DIRECTION('',(-0.,1.,0.));
#5483 = PCURVE('',#5397,#5484);
#5484 = DEFINITIONAL_REPRESENTATION('',(#5485),#5489);
#5485 = LINE('',#5486,#5487);
#5486 = CARTESIAN_POINT('',(4.,0.));
#5487 = VECTOR('',#5488,1.);
#5488 = DIRECTION('',(0.,-1.));
#5489 = ( GEOMETRIC_REPRESENTATION_CONTEXT(2) 
PARAMETRIC_REPRESENTATION_CONTEXT() REPRESENTATION_CONTEXT('2D SPACE',''
  ) );
#5490 = PCURVE('',#5491,#5496);
#5491 = PLANE('',#5492);
#5492 = AXIS2_PLACEMENT_3D('',#5493,#5494,#5495);
#5493 = CARTESIAN_POINT('',(-65.,-60.,39.));
#5494 = DIRECTION('',(0.,0.,1.));
#5495 = DIRECTION('',(1.,0.,-0.));
#5496 = DEFINITIONAL_REPRESENTATION('',(#5497),#5501);
#5497 = LINE('',#5498,#5499);
#5498 = CARTESIAN_POINT('',(0.,0.));
#5499 = VECTOR('',#5500,1.);
#5500 = DIRECTION('',(0.,1.));
#5501 = ( GEOMETRIC_REPRESENTATION_CONTEXT(2) 
PARAMETRIC_REPRESENTATION_CONTEXT() REPRESENTATION_CONTEXT('2D SPACE',''
  ) );
#5502 = ADVANCED_FACE('',(#5503),#5409,.F.);
#5503 = FACE_BOUND('',#5504,.F.);
#5504 = EDGE_LOOP('',(#5505,#5528,#5529,#5552));
#5505 = ORIENTED_EDGE('',*,*,#5506,.F.);
#5506 = EDGE_CURVE('',#5387,#5507,#5509,.T.);
#5507 = VERTEX_POINT('',#5508);
#5508 = CARTESIAN_POINT('',(85.,-60.,35.));
#5509 = SURFACE_CURVE('',#5510,(#5514,#5521),.PCURVE_S1.);
#5510 = LINE('',#5511,#5512);
#5511 = CARTESIAN_POINT('',(-65.,-60.,35.));
#5512 = VECTOR('',#5513,1.);
#5513 = DIRECTION('',(1.,0.,-0.));
#5514 = PCURVE('',#5409,#5515);
#5515 = DEFINITIONAL_REPRESENTATION('',(#5516),#5520);
#5516 = LINE('',#5517,#5518);
#5517 = CARTESIAN_POINT('',(0.,0.));
#5518 = VECTOR('',#5519,1.);
#5519 = DIRECTION('',(0.,1.));
#5520 = ( GEOMETRIC_REPRESENTATION_CONTEXT(2) 
PARAMETRIC_REPRESENTATION_CONTEXT() REPRESENTATION_CONTEXT('2D SPACE',''
  ) );
#5521 = PCURVE('',#5437,#5522);
#5522 = DEFINITIONAL_REPRESENTATION('',(#5523),#5527);
#5523 = LINE('',#5524,#5525);
#5524 = CARTESIAN_POINT('',(0.,0.));
#5525 = VECTOR('',#5526,1.);
#5526 = DIRECTION('',(1.,0.));
#5527 = ( GEOMETRIC_REPRESENTATION_CONTEXT(2) 
PARAMETRIC_REPRESENTATION_CONTEXT() REPRESENTATION_CONTEXT('2D SPACE',''
  ) );
#5528 = ORIENTED_EDGE('',*,*,#5386,.T.);
#5529 = ORIENTED_EDGE('',*,*,#5530,.T.);
#5530 = EDGE_CURVE('',#5389,#5531,#5533,.T.);
#5531 = VERTEX_POINT('',#5532);
#5532 = CARTESIAN_POINT('',(85.,-60.,39.));
#5533 = SURFACE_CURVE('',#5534,(#5538,#5545),.PCURVE_S1.);
#5534 = LINE('',#5535,#5536);
#5535 = CARTESIAN_POINT('',(-65.,-60.,39.));
#5536 = VECTOR('',#5537,1.);
#5537 = DIRECTION('',(1.,0.,-0.));
#5538 = PCURVE('',#5409,#5539);
#5539 = DEFINITIONAL_REPRESENTATION('',(#5540),#5544);
#5540 = LINE('',#5541,#5542);
#5541 = CARTESIAN_POINT('',(4.,0.));
#5542 = VECTOR('',#5543,1.);
#5543 = DIRECTION('',(0.,1.));
#5544 = ( GEOMETRIC_REPRESENTATION_CONTEXT(2) 
PARAMETRIC_REPRESENTATION_CONTEXT() REPRESENTATION_CONTEXT('2D SPACE',''
  ) );
#5545 = PCURVE('',#5491,#5546);
#5546 = DEFINITIONAL_REPRESENTATION('',(#5547),#5551);
#5547 = LINE('',#5548,#5549);
#5548 = CARTESIAN_POINT('',(0.,0.));
#5549 = VECTOR('',#5550,1.);
#5550 = DIRECTION('',(1.,0.));
#5551 = ( GEOMETRIC_REPRESENTATION_CONTEXT(2) 
PARAMETRIC_REPRESENTATION_CONTEXT() REPRESENTATION_CONTEXT('2D SPACE',''
  ) );
#5552 = ORIENTED_EDGE('',*,*,#5553,.F.);
#5553 = EDGE_CURVE('',#5507,#5531,#5554,.T.);
#5554 = SURFACE_CURVE('',#5555,(#5559,#5566),.PCURVE_S1.);
#5555 = LINE('',#5556,#5557);
#5556 = CARTESIAN_POINT('',(85.,-60.,35.));
#5557 = VECTOR('',#5558,1.);
#5558 = DIRECTION('',(0.,0.,1.));
#5559 = PCURVE('',#5409,#5560);
#5560 = DEFINITIONAL_REPRESENTATION('',(#5561),#5565);
#5561 = LINE('',#5562,#5563);
#5562 = CARTESIAN_POINT('',(0.,150.));
#5563 = VECTOR('',#5564,1.);
#5564 = DIRECTION('',(1.,0.));
#5565 = ( GEOMETRIC_REPRESENTATION_CONTEXT(2) 
PARAMETRIC_REPRESENTATION_CONTEXT() REPRESENTATION_CONTEXT('2D SPACE',''
  ) );
#5566 = PCURVE('',#5567,#5572);
#5567 = PLANE('',#5568);
#5568 = AXIS2_PLACEMENT_3D('',#5569,#5570,#5571);
#5569 = CARTESIAN_POINT('',(85.,-60.,35.));
#5570 = DIRECTION('',(1.,0.,-0.));
#5571 = DIRECTION('',(0.,0.,1.));
#5572 = DEFINITIONAL_REPRESENTATION('',(#5573),#5577);
#5573 = LINE('',#5574,#5575);
#5574 = CARTESIAN_POINT('',(0.,0.));
#5575 = VECTOR('',#5576,1.);
#5576 = DIRECTION('',(1.,0.));
#5577 = ( GEOMETRIC_REPRESENTATION_CONTEXT(2) 
PARAMETRIC_REPRESENTATION_CONTEXT() REPRESENTATION_CONTEXT('2D SPACE',''
  ) );
#5578 = ADVANCED_FACE('',(#5579),#5491,.T.);
#5579 = FACE_BOUND('',#5580,.T.);
#5580 = EDGE_LOOP('',(#5581,#5582,#5583,#5606));
#5581 = ORIENTED_EDGE('',*,*,#5477,.F.);
#5582 = ORIENTED_EDGE('',*,*,#5530,.T.);
#5583 = ORIENTED_EDGE('',*,*,#5584,.T.);
#5584 = EDGE_CURVE('',#5531,#5585,#5587,.T.);
#5585 = VERTEX_POINT('',#5586);
#5586 = CARTESIAN_POINT('',(85.,60.,39.));
#5587 = SURFACE_CURVE('',#5588,(#5592,#5599),.PCURVE_S1.);
#5588 = LINE('',#5589,#5590);
#5589 = CARTESIAN_POINT('',(85.,-60.,39.));
#5590 = VECTOR('',#5591,1.);
#5591 = DIRECTION('',(-0.,1.,0.));
#5592 = PCURVE('',#5491,#5593);
#5593 = DEFINITIONAL_REPRESENTATION('',(#5594),#5598);
#5594 = LINE('',#5595,#5596);
#5595 = CARTESIAN_POINT('',(150.,0.));
#5596 = VECTOR('',#5597,1.);
#5597 = DIRECTION('',(0.,1.));
#5598 = ( GEOMETRIC_REPRESENTATION_CONTEXT(2) 
PARAMETRIC_REPRESENTATION_CONTEXT() REPRESENTATION_CONTEXT('2D SPACE',''
  ) );
#5599 = PCURVE('',#5567,#5600);
#5600 = DEFINITIONAL_REPRESENTATION('',(#5601),#5605);
#5601 = LINE('',#5602,#5603);
#5602 = CARTESIAN_POINT('',(4.,0.));
#5603 = VECTOR('',#5604,1.);
#5604 = DIRECTION('',(0.,-1.));
#5605 = ( GEOMETRIC_REPRESENTATION_CONTEXT(2) 
PARAMETRIC_REPRESENTATION_CONTEXT() REPRESENTATION_CONTEXT('2D SPACE',''
  ) );
#5606 = ORIENTED_EDGE('',*,*,#5607,.F.);
#5607 = EDGE_CURVE('',#5450,#5585,#5608,.T.);
#5608 = SURFACE_CURVE('',#5609,(#5613,#5620),.PCURVE_S1.);
#5609 = LINE('',#5610,#5611);
#5610 = CARTESIAN_POINT('',(-65.,60.,39.));
#5611 = VECTOR('',#5612,1.);
#5612 = DIRECTION('',(1.,0.,-0.));
#5613 = PCURVE('',#5491,#5614);
#5614 = DEFINITIONAL_REPRESENTATION('',(#5615),#5619);
#5615 = LINE('',#5616,#5617);
#5616 = CARTESIAN_POINT('',(0.,120.));
#5617 = VECTOR('',#5618,1.);
#5618 = DIRECTION('',(1.,0.));
#5619 = ( GEOMETRIC_REPRESENTATION_CONTEXT(2) 
PARAMETRIC_REPRESENTATION_CONTEXT() REPRESENTATION_CONTEXT('2D SPACE',''
  ) );
#5620 = PCURVE('',#5465,#5621);
#5621 = DEFINITIONAL_REPRESENTATION('',(#5622),#5626);
#5622 = LINE('',#5623,#5624);
#5623 = CARTESIAN_POINT('',(4.,0.));
#5624 = VECTOR('',#5625,1.);
#5625 = DIRECTION('',(0.,1.));
#5626 = ( GEOMETRIC_REPRESENTATION_CONTEXT(2) 
PARAMETRIC_REPRESENTATION_CONTEXT() REPRESENTATION_CONTEXT('2D SPACE',''
  ) );
#5627 = ADVANCED_FACE('',(#5628),#5465,.T.);
#5628 = FACE_BOUND('',#5629,.T.);
#5629 = EDGE_LOOP('',(#5630,#5653,#5654,#5655));
#5630 = ORIENTED_EDGE('',*,*,#5631,.F.);
#5631 = EDGE_CURVE('',#5422,#5632,#5634,.T.);
#5632 = VERTEX_POINT('',#5633);
#5633 = CARTESIAN_POINT('',(85.,60.,35.));
#5634 = SURFACE_CURVE('',#5635,(#5639,#5646),.PCURVE_S1.);
#5635 = LINE('',#5636,#5637);
#5636 = CARTESIAN_POINT('',(-65.,60.,35.));
#5637 = VECTOR('',#5638,1.);
#5638 = DIRECTION('',(1.,0.,-0.));
#5639 = PCURVE('',#5465,#5640);
#5640 = DEFINITIONAL_REPRESENTATION('',(#5641),#5645);
#5641 = LINE('',#5642,#5643);
#5642 = CARTESIAN_POINT('',(0.,0.));
#5643 = VECTOR('',#5644,1.);
#5644 = DIRECTION('',(0.,1.));
#5645 = ( GEOMETRIC_REPRESENTATION_CONTEXT(2) 
PARAMETRIC_REPRESENTATION_CONTEXT() REPRESENTATION_CONTEXT('2D SPACE',''
  ) );
#5646 = PCURVE('',#5437,#5647);
#5647 = DEFINITIONAL_REPRESENTATION('',(#5648),#5652);
#5648 = LINE('',#5649,#5650);
#5649 = CARTESIAN_POINT('',(0.,120.));
#5650 = VECTOR('',#5651,1.);
#5651 = DIRECTION('',(1.,0.));
#5652 = ( GEOMETRIC_REPRESENTATION_CONTEXT(2) 
PARAMETRIC_REPRESENTATION_CONTEXT() REPRESENTATION_CONTEXT('2D SPACE',''
  ) );
#5653 = ORIENTED_EDGE('',*,*,#5449,.T.);
#5654 = ORIENTED_EDGE('',*,*,#5607,.T.);
#5655 = ORIENTED_EDGE('',*,*,#5656,.F.);
#5656 = EDGE_CURVE('',#5632,#5585,#5657,.T.);
#5657 = SURFACE_CURVE('',#5658,(#5662,#5669),.PCURVE_S1.);
#5658 = LINE('',#5659,#5660);
#5659 = CARTESIAN_POINT('',(85.,60.,35.));
#5660 = VECTOR('',#5661,1.);
#5661 = DIRECTION('',(0.,0.,1.));
#5662 = PCURVE('',#5465,#5663);
#5663 = DEFINITIONAL_REPRESENTATION('',(#5664),#5668);
#5664 = LINE('',#5665,#5666);
#5665 = CARTESIAN_POINT('',(0.,150.));
#5666 = VECTOR('',#5667,1.);
#5667 = DIRECTION('',(1.,0.));
#5668 = ( GEOMETRIC_REPRESENTATION_CONTEXT(2) 
PARAMETRIC_REPRESENTATION_CONTEXT() REPRESENTATION_CONTEXT('2D SPACE',''
  ) );
#5669 = PCURVE('',#5567,#5670);
#5670 = DEFINITIONAL_REPRESENTATION('',(#5671),#5675);
#5671 = LINE('',#5672,#5673);
#5672 = CARTESIAN_POINT('',(0.,-120.));
#5673 = VECTOR('',#5674,1.);
#5674 = DIRECTION('',(1.,0.));
#5675 = ( GEOMETRIC_REPRESENTATION_CONTEXT(2) 
PARAMETRIC_REPRESENTATION_CONTEXT() REPRESENTATION_CONTEXT('2D SPACE',''
  ) );
#5676 = ADVANCED_FACE('',(#5677,#5703),#5437,.F.);
#5677 = FACE_BOUND('',#5678,.F.);
#5678 = EDGE_LOOP('',(#5679,#5680,#5681,#5702));
#5679 = ORIENTED_EDGE('',*,*,#5421,.F.);
#5680 = ORIENTED_EDGE('',*,*,#5506,.T.);
#5681 = ORIENTED_EDGE('',*,*,#5682,.T.);
#5682 = EDGE_CURVE('',#5507,#5632,#5683,.T.);
#5683 = SURFACE_CURVE('',#5684,(#5688,#5695),.PCURVE_S1.);
#5684 = LINE('',#5685,#5686);
#5685 = CARTESIAN_POINT('',(85.,-60.,35.));
#5686 = VECTOR('',#5687,1.);
#5687 = DIRECTION('',(-0.,1.,0.));
#5688 = PCURVE('',#5437,#5689);
#5689 = DEFINITIONAL_REPRESENTATION('',(#5690),#5694);
#5690 = LINE('',#5691,#5692);
#5691 = CARTESIAN_POINT('',(150.,0.));
#5692 = VECTOR('',#5693,1.);
#5693 = DIRECTION('',(0.,1.));
#5694 = ( GEOMETRIC_REPRESENTATION_CONTEXT(2) 
PARAMETRIC_REPRESENTATION_CONTEXT() REPRESENTATION_CONTEXT('2D SPACE',''
  ) );
#5695 = PCURVE('',#5567,#5696);
#5696 = DEFINITIONAL_REPRESENTATION('',(#5697),#5701);
#5697 = LINE('',#5698,#5699);
#5698 = CARTESIAN_POINT('',(0.,0.));
#5699 = VECTOR('',#5700,1.);
#5700 = DIRECTION('',(0.,-1.));
#5701 = ( GEOMETRIC_REPRESENTATION_CONTEXT(2) 
PARAMETRIC_REPRESENTATION_CONTEXT() REPRESENTATION_CONTEXT('2D SPACE',''
  ) );
#5702 = ORIENTED_EDGE('',*,*,#5631,.F.);
#5703 = FACE_BOUND('',#5704,.F.);
#5704 = EDGE_LOOP('',(#5705,#5735,#5763,#5791));
#5705 = ORIENTED_EDGE('',*,*,#5706,.T.);
#5706 = EDGE_CURVE('',#5707,#5709,#5711,.T.);
#5707 = VERTEX_POINT('',#5708);
#5708 = CARTESIAN_POINT('',(-55.,-45.,35.));
#5709 = VERTEX_POINT('',#5710);
#5710 = CARTESIAN_POINT('',(-55.,45.,35.));
#5711 = SURFACE_CURVE('',#5712,(#5716,#5723),.PCURVE_S1.);
#5712 = LINE('',#5713,#5714);
#5713 = CARTESIAN_POINT('',(-55.,-45.,35.));
#5714 = VECTOR('',#5715,1.);
#5715 = DIRECTION('',(-0.,1.,0.));
#5716 = PCURVE('',#5437,#5717);
#5717 = DEFINITIONAL_REPRESENTATION('',(#5718),#5722);
#5718 = LINE('',#5719,#5720);
#5719 = CARTESIAN_POINT('',(10.,15.));
#5720 = VECTOR('',#5721,1.);
#5721 = DIRECTION('',(0.,1.));
#5722 = ( GEOMETRIC_REPRESENTATION_CONTEXT(2) 
PARAMETRIC_REPRESENTATION_CONTEXT() REPRESENTATION_CONTEXT('2D SPACE',''
  ) );
#5723 = PCURVE('',#5724,#5729);
#5724 = PLANE('',#5725);
#5725 = AXIS2_PLACEMENT_3D('',#5726,#5727,#5728);
#5726 = CARTESIAN_POINT('',(-55.,-45.,-35.));
#5727 = DIRECTION('',(1.,0.,-0.));
#5728 = DIRECTION('',(0.,0.,1.));
#5729 = DEFINITIONAL_REPRESENTATION('',(#5730),#5734);
#5730 = LINE('',#5731,#5732);
#5731 = CARTESIAN_POINT('',(70.,0.));
#5732 = VECTOR('',#5733,1.);
#5733 = DIRECTION('',(0.,-1.));
#5734 = ( GEOMETRIC_REPRESENTATION_CONTEXT(2) 
PARAMETRIC_REPRESENTATION_CONTEXT() REPRESENTATION_CONTEXT('2D SPACE',''
  ) );
#5735 = ORIENTED_EDGE('',*,*,#5736,.T.);
#5736 = EDGE_CURVE('',#5709,#5737,#5739,.T.);
#5737 = VERTEX_POINT('',#5738);
#5738 = CARTESIAN_POINT('',(55.,45.,35.));
#5739 = SURFACE_CURVE('',#5740,(#5744,#5751),.PCURVE_S1.);
#5740 = LINE('',#5741,#5742);
#5741 = CARTESIAN_POINT('',(-55.,45.,35.));
#5742 = VECTOR('',#5743,1.);
#5743 = DIRECTION('',(1.,0.,-0.));
#5744 = PCURVE('',#5437,#5745);
#5745 = DEFINITIONAL_REPRESENTATION('',(#5746),#5750);
#5746 = LINE('',#5747,#5748);
#5747 = CARTESIAN_POINT('',(10.,105.));
#5748 = VECTOR('',#5749,1.);
#5749 = DIRECTION('',(1.,0.));
#5750 = ( GEOMETRIC_REPRESENTATION_CONTEXT(2) 
PARAMETRIC_REPRESENTATION_CONTEXT() REPRESENTATION_CONTEXT('2D SPACE',''
  ) );
#5751 = PCURVE('',#5752,#5757);
#5752 = PLANE('',#5753);
#5753 = AXIS2_PLACEMENT_3D('',#5754,#5755,#5756);
#5754 = CARTESIAN_POINT('',(-55.,45.,-35.));
#5755 = DIRECTION('',(-0.,1.,0.));
#5756 = DIRECTION('',(0.,0.,1.));
#5757 = DEFINITIONAL_REPRESENTATION('',(#5758),#5762);
#5758 = LINE('',#5759,#5760);
#5759 = CARTESIAN_POINT('',(70.,0.));
#5760 = VECTOR('',#5761,1.);
#5761 = DIRECTION('',(0.,1.));
#5762 = ( GEOMETRIC_REPRESENTATION_CONTEXT(2) 
PARAMETRIC_REPRESENTATION_CONTEXT() REPRESENTATION_CONTEXT('2D SPACE',''
  ) );
#5763 = ORIENTED_EDGE('',*,*,#5764,.F.);
#5764 = EDGE_CURVE('',#5765,#5737,#5767,.T.);
#5765 = VERTEX_POINT('',#5766);
#5766 = CARTESIAN_POINT('',(55.,-45.,35.));
#5767 = SURFACE_CURVE('',#5768,(#5772,#5779),.PCURVE_S1.);
#5768 = LINE('',#5769,#5770);
#5769 = CARTESIAN_POINT('',(55.,-45.,35.));
#5770 = VECTOR('',#5771,1.);
#5771 = DIRECTION('',(-0.,1.,0.));
#5772 = PCURVE('',#5437,#5773);
#5773 = DEFINITIONAL_REPRESENTATION('',(#5774),#5778);
#5774 = LINE('',#5775,#5776);
#5775 = CARTESIAN_POINT('',(120.,15.));
#5776 = VECTOR('',#5777,1.);
#5777 = DIRECTION('',(0.,1.));
#5778 = ( GEOMETRIC_REPRESENTATION_CONTEXT(2) 
PARAMETRIC_REPRESENTATION_CONTEXT() REPRESENTATION_CONTEXT('2D SPACE',''
  ) );
#5779 = PCURVE('',#5780,#5785);
#5780 = PLANE('',#5781);
#5781 = AXIS2_PLACEMENT_3D('',#5782,#5783,#5784);
#5782 = CARTESIAN_POINT('',(55.,-45.,-35.));
#5783 = DIRECTION('',(1.,0.,-0.));
#5784 = DIRECTION('',(0.,0.,1.));
#5785 = DEFINITIONAL_REPRESENTATION('',(#5786),#5790);
#5786 = LINE('',#5787,#5788);
#5787 = CARTESIAN_POINT('',(70.,0.));
#5788 = VECTOR('',#5789,1.);
#5789 = DIRECTION('',(0.,-1.));
#5790 = ( GEOMETRIC_REPRESENTATION_CONTEXT(2) 
PARAMETRIC_REPRESENTATION_CONTEXT() REPRESENTATION_CONTEXT('2D SPACE',''
  ) );
#5791 = ORIENTED_EDGE('',*,*,#5792,.F.);
#5792 = EDGE_CURVE('',#5707,#5765,#5793,.T.);
#5793 = SURFACE_CURVE('',#5794,(#5798,#5805),.PCURVE_S1.);
#5794 = LINE('',#5795,#5796);
#5795 = CARTESIAN_POINT('',(-55.,-45.,35.));
#5796 = VECTOR('',#5797,1.);
#5797 = DIRECTION('',(1.,0.,-0.));
#5798 = PCURVE('',#5437,#5799);
#5799 = DEFINITIONAL_REPRESENTATION('',(#5800),#5804);
#5800 = LINE('',#5801,#5802);
#5801 = CARTESIAN_POINT('',(10.,15.));
#5802 = VECTOR('',#5803,1.);
#5803 = DIRECTION('',(1.,0.));
#5804 = ( GEOMETRIC_REPRESENTATION_CONTEXT(2) 
PARAMETRIC_REPRESENTATION_CONTEXT() REPRESENTATION_CONTEXT('2D SPACE',''
  ) );
#5805 = PCURVE('',#5806,#5811);
#5806 = PLANE('',#5807);
#5807 = AXIS2_PLACEMENT_3D('',#5808,#5809,#5810);
#5808 = CARTESIAN_POINT('',(-55.,-45.,-35.));
#5809 = DIRECTION('',(-0.,1.,0.));
#5810 = DIRECTION('',(0.,0.,1.));
#5811 = DEFINITIONAL_REPRESENTATION('',(#5812),#5816);
#5812 = LINE('',#5813,#5814);
#5813 = CARTESIAN_POINT('',(70.,0.));
#5814 = VECTOR('',#5815,1.);
#5815 = DIRECTION('',(0.,1.));
#5816 = ( GEOMETRIC_REPRESENTATION_CONTEXT(2) 
PARAMETRIC_REPRESENTATION_CONTEXT() REPRESENTATION_CONTEXT('2D SPACE',''
  ) );
#5817 = ADVANCED_FACE('',(#5818),#5567,.T.);
#5818 = FACE_BOUND('',#5819,.T.);
#5819 = EDGE_LOOP('',(#5820,#5821,#5822,#5823));
#5820 = ORIENTED_EDGE('',*,*,#5553,.F.);
#5821 = ORIENTED_EDGE('',*,*,#5682,.T.);
#5822 = ORIENTED_EDGE('',*,*,#5656,.T.);
#5823 = ORIENTED_EDGE('',*,*,#5584,.F.);
#5824 = ADVANCED_FACE('',(#5825),#5724,.F.);
#5825 = FACE_BOUND('',#5826,.F.);
#5826 = EDGE_LOOP('',(#5827,#5850,#5878,#5899));
#5827 = ORIENTED_EDGE('',*,*,#5828,.F.);
#5828 = EDGE_CURVE('',#5829,#5707,#5831,.T.);
#5829 = VERTEX_POINT('',#5830);
#5830 = CARTESIAN_POINT('',(-55.,-45.,-35.));
#5831 = SURFACE_CURVE('',#5832,(#5836,#5843),.PCURVE_S1.);
#5832 = LINE('',#5833,#5834);
#5833 = CARTESIAN_POINT('',(-55.,-45.,-35.));
#5834 = VECTOR('',#5835,1.);
#5835 = DIRECTION('',(0.,0.,1.));
#5836 = PCURVE('',#5724,#5837);
#5837 = DEFINITIONAL_REPRESENTATION('',(#5838),#5842);
#5838 = LINE('',#5839,#5840);
#5839 = CARTESIAN_POINT('',(0.,0.));
#5840 = VECTOR('',#5841,1.);
#5841 = DIRECTION('',(1.,0.));
#5842 = ( GEOMETRIC_REPRESENTATION_CONTEXT(2) 
PARAMETRIC_REPRESENTATION_CONTEXT() REPRESENTATION_CONTEXT('2D SPACE',''
  ) );
#5843 = PCURVE('',#5806,#5844);
#5844 = DEFINITIONAL_REPRESENTATION('',(#5845),#5849);
#5845 = LINE('',#5846,#5847);
#5846 = CARTESIAN_POINT('',(0.,0.));
#5847 = VECTOR('',#5848,1.);
#5848 = DIRECTION('',(1.,0.));
#5849 = ( GEOMETRIC_REPRESENTATION_CONTEXT(2) 
PARAMETRIC_REPRESENTATION_CONTEXT() REPRESENTATION_CONTEXT('2D SPACE',''
  ) );
#5850 = ORIENTED_EDGE('',*,*,#5851,.T.);
#5851 = EDGE_CURVE('',#5829,#5852,#5854,.T.);
#5852 = VERTEX_POINT('',#5853);
#5853 = CARTESIAN_POINT('',(-55.,45.,-35.));
#5854 = SURFACE_CURVE('',#5855,(#5859,#5866),.PCURVE_S1.);
#5855 = LINE('',#5856,#5857);
#5856 = CARTESIAN_POINT('',(-55.,-45.,-35.));
#5857 = VECTOR('',#5858,1.);
#5858 = DIRECTION('',(-0.,1.,0.));
#5859 = PCURVE('',#5724,#5860);
#5860 = DEFINITIONAL_REPRESENTATION('',(#5861),#5865);
#5861 = LINE('',#5862,#5863);
#5862 = CARTESIAN_POINT('',(0.,0.));
#5863 = VECTOR('',#5864,1.);
#5864 = DIRECTION('',(0.,-1.));
#5865 = ( GEOMETRIC_REPRESENTATION_CONTEXT(2) 
PARAMETRIC_REPRESENTATION_CONTEXT() REPRESENTATION_CONTEXT('2D SPACE',''
  ) );
#5866 = PCURVE('',#5867,#5872);
#5867 = PLANE('',#5868);
#5868 = AXIS2_PLACEMENT_3D('',#5869,#5870,#5871);
#5869 = CARTESIAN_POINT('',(-55.,-45.,-35.));
#5870 = DIRECTION('',(0.,0.,1.));
#5871 = DIRECTION('',(1.,0.,-0.));
#5872 = DEFINITIONAL_REPRESENTATION('',(#5873),#5877);
#5873 = LINE('',#5874,#5875);
#5874 = CARTESIAN_POINT('',(0.,0.));
#5875 = VECTOR('',#5876,1.);
#5876 = DIRECTION('',(0.,1.));
#5877 = ( GEOMETRIC_REPRESENTATION_CONTEXT(2) 
PARAMETRIC_REPRESENTATION_CONTEXT() REPRESENTATION_CONTEXT('2D SPACE',''
  ) );
#5878 = ORIENTED_EDGE('',*,*,#5879,.T.);
#5879 = EDGE_CURVE('',#5852,#5709,#5880,.T.);
#5880 = SURFACE_CURVE('',#5881,(#5885,#5892),.PCURVE_S1.);
#5881 = LINE('',#5882,#5883);
#5882 = CARTESIAN_POINT('',(-55.,45.,-35.));
#5883 = VECTOR('',#5884,1.);
#5884 = DIRECTION('',(0.,0.,1.));
#5885 = PCURVE('',#5724,#5886);
#5886 = DEFINITIONAL_REPRESENTATION('',(#5887),#5891);
#5887 = LINE('',#5888,#5889);
#5888 = CARTESIAN_POINT('',(0.,-90.));
#5889 = VECTOR('',#5890,1.);
#5890 = DIRECTION('',(1.,0.));
#5891 = ( GEOMETRIC_REPRESENTATION_CONTEXT(2) 
PARAMETRIC_REPRESENTATION_CONTEXT() REPRESENTATION_CONTEXT('2D SPACE',''
  ) );
#5892 = PCURVE('',#5752,#5893);
#5893 = DEFINITIONAL_REPRESENTATION('',(#5894),#5898);
#5894 = LINE('',#5895,#5896);
#5895 = CARTESIAN_POINT('',(0.,0.));
#5896 = VECTOR('',#5897,1.);
#5897 = DIRECTION('',(1.,0.));
#5898 = ( GEOMETRIC_REPRESENTATION_CONTEXT(2) 
PARAMETRIC_REPRESENTATION_CONTEXT() REPRESENTATION_CONTEXT('2D SPACE',''
  ) );
#5899 = ORIENTED_EDGE('',*,*,#5706,.F.);
#5900 = ADVANCED_FACE('',(#5901),#5806,.F.);
#5901 = FACE_BOUND('',#5902,.F.);
#5902 = EDGE_LOOP('',(#5903,#5926,#5927,#5928));
#5903 = ORIENTED_EDGE('',*,*,#5904,.F.);
#5904 = EDGE_CURVE('',#5829,#5905,#5907,.T.);
#5905 = VERTEX_POINT('',#5906);
#5906 = CARTESIAN_POINT('',(55.,-45.,-35.));
#5907 = SURFACE_CURVE('',#5908,(#5912,#5919),.PCURVE_S1.);
#5908 = LINE('',#5909,#5910);
#5909 = CARTESIAN_POINT('',(-55.,-45.,-35.));
#5910 = VECTOR('',#5911,1.);
#5911 = DIRECTION('',(1.,0.,-0.));
#5912 = PCURVE('',#5806,#5913);
#5913 = DEFINITIONAL_REPRESENTATION('',(#5914),#5918);
#5914 = LINE('',#5915,#5916);
#5915 = CARTESIAN_POINT('',(0.,0.));
#5916 = VECTOR('',#5917,1.);
#5917 = DIRECTION('',(0.,1.));
#5918 = ( GEOMETRIC_REPRESENTATION_CONTEXT(2) 
PARAMETRIC_REPRESENTATION_CONTEXT() REPRESENTATION_CONTEXT('2D SPACE',''
  ) );
#5919 = PCURVE('',#5867,#5920);
#5920 = DEFINITIONAL_REPRESENTATION('',(#5921),#5925);
#5921 = LINE('',#5922,#5923);
#5922 = CARTESIAN_POINT('',(0.,0.));
#5923 = VECTOR('',#5924,1.);
#5924 = DIRECTION('',(1.,0.));
#5925 = ( GEOMETRIC_REPRESENTATION_CONTEXT(2) 
PARAMETRIC_REPRESENTATION_CONTEXT() REPRESENTATION_CONTEXT('2D SPACE',''
  ) );
#5926 = ORIENTED_EDGE('',*,*,#5828,.T.);
#5927 = ORIENTED_EDGE('',*,*,#5792,.T.);
#5928 = ORIENTED_EDGE('',*,*,#5929,.F.);
#5929 = EDGE_CURVE('',#5905,#5765,#5930,.T.);
#5930 = SURFACE_CURVE('',#5931,(#5935,#5942),.PCURVE_S1.);
#5931 = LINE('',#5932,#5933);
#5932 = CARTESIAN_POINT('',(55.,-45.,-35.));
#5933 = VECTOR('',#5934,1.);
#5934 = DIRECTION('',(0.,0.,1.));
#5935 = PCURVE('',#5806,#5936);
#5936 = DEFINITIONAL_REPRESENTATION('',(#5937),#5941);
#5937 = LINE('',#5938,#5939);
#5938 = CARTESIAN_POINT('',(0.,110.));
#5939 = VECTOR('',#5940,1.);
#5940 = DIRECTION('',(1.,0.));
#5941 = ( GEOMETRIC_REPRESENTATION_CONTEXT(2) 
PARAMETRIC_REPRESENTATION_CONTEXT() REPRESENTATION_CONTEXT('2D SPACE',''
  ) );
#5942 = PCURVE('',#5780,#5943);
#5943 = DEFINITIONAL_REPRESENTATION('',(#5944),#5948);
#5944 = LINE('',#5945,#5946);
#5945 = CARTESIAN_POINT('',(0.,0.));
#5946 = VECTOR('',#5947,1.);
#5947 = DIRECTION('',(1.,0.));
#5948 = ( GEOMETRIC_REPRESENTATION_CONTEXT(2) 
PARAMETRIC_REPRESENTATION_CONTEXT() REPRESENTATION_CONTEXT('2D SPACE',''
  ) );
#5949 = ADVANCED_FACE('',(#5950),#5780,.T.);
#5950 = FACE_BOUND('',#5951,.T.);
#5951 = EDGE_LOOP('',(#5952,#5953,#5976,#5997));
#5952 = ORIENTED_EDGE('',*,*,#5929,.F.);
#5953 = ORIENTED_EDGE('',*,*,#5954,.T.);
#5954 = EDGE_CURVE('',#5905,#5955,#5957,.T.);
#5955 = VERTEX_POINT('',#5956);
#5956 = CARTESIAN_POINT('',(55.,45.,-35.));
#5957 = SURFACE_CURVE('',#5958,(#5962,#5969),.PCURVE_S1.);
#5958 = LINE('',#5959,#5960);
#5959 = CARTESIAN_POINT('',(55.,-45.,-35.));
#5960 = VECTOR('',#5961,1.);
#5961 = DIRECTION('',(-0.,1.,0.));
#5962 = PCURVE('',#5780,#5963);
#5963 = DEFINITIONAL_REPRESENTATION('',(#5964),#5968);
#5964 = LINE('',#5965,#5966);
#5965 = CARTESIAN_POINT('',(0.,0.));
#5966 = VECTOR('',#5967,1.);
#5967 = DIRECTION('',(0.,-1.));
#5968 = ( GEOMETRIC_REPRESENTATION_CONTEXT(2) 
PARAMETRIC_REPRESENTATION_CONTEXT() REPRESENTATION_CONTEXT('2D SPACE',''
  ) );
#5969 = PCURVE('',#5867,#5970);
#5970 = DEFINITIONAL_REPRESENTATION('',(#5971),#5975);
#5971 = LINE('',#5972,#5973);
#5972 = CARTESIAN_POINT('',(110.,0.));
#5973 = VECTOR('',#5974,1.);
#5974 = DIRECTION('',(0.,1.));
#5975 = ( GEOMETRIC_REPRESENTATION_CONTEXT(2) 
PARAMETRIC_REPRESENTATION_CONTEXT() REPRESENTATION_CONTEXT('2D SPACE',''
  ) );
#5976 = ORIENTED_EDGE('',*,*,#5977,.T.);
#5977 = EDGE_CURVE('',#5955,#5737,#5978,.T.);
#5978 = SURFACE_CURVE('',#5979,(#5983,#5990),.PCURVE_S1.);
#5979 = LINE('',#5980,#5981);
#5980 = CARTESIAN_POINT('',(55.,45.,-35.));
#5981 = VECTOR('',#5982,1.);
#5982 = DIRECTION('',(0.,0.,1.));
#5983 = PCURVE('',#5780,#5984);
#5984 = DEFINITIONAL_REPRESENTATION('',(#5985),#5989);
#5985 = LINE('',#5986,#5987);
#5986 = CARTESIAN_POINT('',(0.,-90.));
#5987 = VECTOR('',#5988,1.);
#5988 = DIRECTION('',(1.,0.));
#5989 = ( GEOMETRIC_REPRESENTATION_CONTEXT(2) 
PARAMETRIC_REPRESENTATION_CONTEXT() REPRESENTATION_CONTEXT('2D SPACE',''
  ) );
#5990 = PCURVE('',#5752,#5991);
#5991 = DEFINITIONAL_REPRESENTATION('',(#5992),#5996);
#5992 = LINE('',#5993,#5994);
#5993 = CARTESIAN_POINT('',(0.,110.));
#5994 = VECTOR('',#5995,1.);
#5995 = DIRECTION('',(1.,0.));
#5996 = ( GEOMETRIC_REPRESENTATION_CONTEXT(2) 
PARAMETRIC_REPRESENTATION_CONTEXT() REPRESENTATION_CONTEXT('2D SPACE',''
  ) );
#5997 = ORIENTED_EDGE('',*,*,#5764,.F.);
#5998 = ADVANCED_FACE('',(#5999),#5752,.T.);
#5999 = FACE_BOUND('',#6000,.T.);
#6000 = EDGE_LOOP('',(#6001,#6022,#6023,#6024));
#6001 = ORIENTED_EDGE('',*,*,#6002,.F.);
#6002 = EDGE_CURVE('',#5852,#5955,#6003,.T.);
#6003 = SURFACE_CURVE('',#6004,(#6008,#6015),.PCURVE_S1.);
#6004 = LINE('',#6005,#6006);
#6005 = CARTESIAN_POINT('',(-55.,45.,-35.));
#6006 = VECTOR('',#6007,1.);
#6007 = DIRECTION('',(1.,0.,-0.));
#6008 = PCURVE('',#5752,#6009);
#6009 = DEFINITIONAL_REPRESENTATION('',(#6010),#6014);
#6010 = LINE('',#6011,#6012);
#6011 = CARTESIAN_POINT('',(0.,0.));
#6012 = VECTOR('',#6013,1.);
#6013 = DIRECTION('',(0.,1.));
#6014 = ( GEOMETRIC_REPRESENTATION_CONTEXT(2) 
PARAMETRIC_REPRESENTATION_CONTEXT() REPRESENTATION_CONTEXT('2D SPACE',''
  ) );
#6015 = PCURVE('',#5867,#6016);
#6016 = DEFINITIONAL_REPRESENTATION('',(#6017),#6021);
#6017 = LINE('',#6018,#6019);
#6018 = CARTESIAN_POINT('',(0.,90.));
#6019 = VECTOR('',#6020,1.);
#6020 = DIRECTION('',(1.,0.));
#6021 = ( GEOMETRIC_REPRESENTATION_CONTEXT(2) 
PARAMETRIC_REPRESENTATION_CONTEXT() REPRESENTATION_CONTEXT('2D SPACE',''
  ) );
#6022 = ORIENTED_EDGE('',*,*,#5879,.T.);
#6023 = ORIENTED_EDGE('',*,*,#5736,.T.);
#6024 = ORIENTED_EDGE('',*,*,#5977,.F.);
#6025 = ADVANCED_FACE('',(#6026,#6032),#5867,.F.);
#6026 = FACE_BOUND('',#6027,.F.);
#6027 = EDGE_LOOP('',(#6028,#6029,#6030,#6031));
#6028 = ORIENTED_EDGE('',*,*,#5851,.F.);
#6029 = ORIENTED_EDGE('',*,*,#5904,.T.);
#6030 = ORIENTED_EDGE('',*,*,#5954,.T.);
#6031 = ORIENTED_EDGE('',*,*,#6002,.F.);
#6032 = FACE_BOUND('',#6033,.F.);
#6033 = EDGE_LOOP('',(#6034,#6062,#6088,#6114));
#6034 = ORIENTED_EDGE('',*,*,#6035,.T.);
#6035 = EDGE_CURVE('',#6036,#6038,#6040,.T.);
#6036 = VERTEX_POINT('',#6037);
#6037 = CARTESIAN_POINT('',(52.,-42.,-35.));
#6038 = VERTEX_POINT('',#6039);
#6039 = CARTESIAN_POINT('',(-52.,-42.,-35.));
#6040 = SURFACE_CURVE('',#6041,(#6045,#6051),.PCURVE_S1.);
#6041 = LINE('',#6042,#6043);
#6042 = CARTESIAN_POINT('',(-53.5,-42.,-35.));
#6043 = VECTOR('',#6044,1.);
#6044 = DIRECTION('',(-1.,-0.,0.));
#6045 = PCURVE('',#5867,#6046);
#6046 = DEFINITIONAL_REPRESENTATION('',(#6047),#6050);
#6047 = B_SPLINE_CURVE_WITH_KNOTS('',1,(#6048,#6049),.UNSPECIFIED.,.F.,
  .F.,(2,2),(-105.5,-1.5),.PIECEWISE_BEZIER_KNOTS.);
#6048 = CARTESIAN_POINT('',(107.,3.));
#6049 = CARTESIAN_POINT('',(3.,3.));
#6050 = ( GEOMETRIC_REPRESENTATION_CONTEXT(2) 
PARAMETRIC_REPRESENTATION_CONTEXT() REPRESENTATION_CONTEXT('2D SPACE',''
  ) );
#6051 = PCURVE('',#6052,#6057);
#6052 = PLANE('',#6053);
#6053 = AXIS2_PLACEMENT_3D('',#6054,#6055,#6056);
#6054 = CARTESIAN_POINT('',(-52.,-42.,-38.));
#6055 = DIRECTION('',(-0.,1.,0.));
#6056 = DIRECTION('',(0.,0.,1.));
#6057 = DEFINITIONAL_REPRESENTATION('',(#6058),#6061);
#6058 = B_SPLINE_CURVE_WITH_KNOTS('',1,(#6059,#6060),.UNSPECIFIED.,.F.,
  .F.,(2,2),(-105.5,-1.5),.PIECEWISE_BEZIER_KNOTS.);
#6059 = CARTESIAN_POINT('',(3.,104.));
#6060 = CARTESIAN_POINT('',(3.,0.));
#6061 = ( GEOMETRIC_REPRESENTATION_CONTEXT(2) 
PARAMETRIC_REPRESENTATION_CONTEXT() REPRESENTATION_CONTEXT('2D SPACE',''
  ) );
#6062 = ORIENTED_EDGE('',*,*,#6063,.T.);
#6063 = EDGE_CURVE('',#6038,#6064,#6066,.T.);
#6064 = VERTEX_POINT('',#6065);
#6065 = CARTESIAN_POINT('',(-52.,42.,-35.));
#6066 = SURFACE_CURVE('',#6067,(#6071,#6077),.PCURVE_S1.);
#6067 = LINE('',#6068,#6069);
#6068 = CARTESIAN_POINT('',(-52.,-43.5,-35.));
#6069 = VECTOR('',#6070,1.);
#6070 = DIRECTION('',(-0.,1.,0.));
#6071 = PCURVE('',#5867,#6072);
#6072 = DEFINITIONAL_REPRESENTATION('',(#6073),#6076);
#6073 = B_SPLINE_CURVE_WITH_KNOTS('',1,(#6074,#6075),.UNSPECIFIED.,.F.,
  .F.,(2,2),(1.5,85.5),.PIECEWISE_BEZIER_KNOTS.);
#6074 = CARTESIAN_POINT('',(3.,3.));
#6075 = CARTESIAN_POINT('',(3.,87.));
#6076 = ( GEOMETRIC_REPRESENTATION_CONTEXT(2) 
PARAMETRIC_REPRESENTATION_CONTEXT() REPRESENTATION_CONTEXT('2D SPACE',''
  ) );
#6077 = PCURVE('',#6078,#6083);
#6078 = PLANE('',#6079);
#6079 = AXIS2_PLACEMENT_3D('',#6080,#6081,#6082);
#6080 = CARTESIAN_POINT('',(-52.,-42.,-38.));
#6081 = DIRECTION('',(1.,0.,-0.));
#6082 = DIRECTION('',(0.,0.,1.));
#6083 = DEFINITIONAL_REPRESENTATION('',(#6084),#6087);
#6084 = B_SPLINE_CURVE_WITH_KNOTS('',1,(#6085,#6086),.UNSPECIFIED.,.F.,
  .F.,(2,2),(1.5,85.5),.PIECEWISE_BEZIER_KNOTS.);
#6085 = CARTESIAN_POINT('',(3.,0.));
#6086 = CARTESIAN_POINT('',(3.,-84.));
#6087 = ( GEOMETRIC_REPRESENTATION_CONTEXT(2) 
PARAMETRIC_REPRESENTATION_CONTEXT() REPRESENTATION_CONTEXT('2D SPACE',''
  ) );
#6088 = ORIENTED_EDGE('',*,*,#6089,.F.);
#6089 = EDGE_CURVE('',#6090,#6064,#6092,.T.);
#6090 = VERTEX_POINT('',#6091);
#6091 = CARTESIAN_POINT('',(52.,42.,-35.));
#6092 = SURFACE_CURVE('',#6093,(#6097,#6103),.PCURVE_S1.);
#6093 = LINE('',#6094,#6095);
#6094 = CARTESIAN_POINT('',(-53.5,42.,-35.));
#6095 = VECTOR('',#6096,1.);
#6096 = DIRECTION('',(-1.,-0.,0.));
#6097 = PCURVE('',#5867,#6098);
#6098 = DEFINITIONAL_REPRESENTATION('',(#6099),#6102);
#6099 = B_SPLINE_CURVE_WITH_KNOTS('',1,(#6100,#6101),.UNSPECIFIED.,.F.,
  .F.,(2,2),(-105.5,-1.5),.PIECEWISE_BEZIER_KNOTS.);
#6100 = CARTESIAN_POINT('',(107.,87.));
#6101 = CARTESIAN_POINT('',(3.,87.));
#6102 = ( GEOMETRIC_REPRESENTATION_CONTEXT(2) 
PARAMETRIC_REPRESENTATION_CONTEXT() REPRESENTATION_CONTEXT('2D SPACE',''
  ) );
#6103 = PCURVE('',#6104,#6109);
#6104 = PLANE('',#6105);
#6105 = AXIS2_PLACEMENT_3D('',#6106,#6107,#6108);
#6106 = CARTESIAN_POINT('',(-52.,42.,-38.));
#6107 = DIRECTION('',(-0.,1.,0.));
#6108 = DIRECTION('',(0.,0.,1.));
#6109 = DEFINITIONAL_REPRESENTATION('',(#6110),#6113);
#6110 = B_SPLINE_CURVE_WITH_KNOTS('',1,(#6111,#6112),.UNSPECIFIED.,.F.,
  .F.,(2,2),(-105.5,-1.5),.PIECEWISE_BEZIER_KNOTS.);
#6111 = CARTESIAN_POINT('',(3.,104.));
#6112 = CARTESIAN_POINT('',(3.,0.));
#6113 = ( GEOMETRIC_REPRESENTATION_CONTEXT(2) 
PARAMETRIC_REPRESENTATION_CONTEXT() REPRESENTATION_CONTEXT('2D SPACE',''
  ) );
#6114 = ORIENTED_EDGE('',*,*,#6115,.F.);
#6115 = EDGE_CURVE('',#6036,#6090,#6116,.T.);
#6116 = SURFACE_CURVE('',#6117,(#6121,#6127),.PCURVE_S1.);
#6117 = LINE('',#6118,#6119);
#6118 = CARTESIAN_POINT('',(52.,-43.5,-35.));
#6119 = VECTOR('',#6120,1.);
#6120 = DIRECTION('',(-0.,1.,0.));
#6121 = PCURVE('',#5867,#6122);
#6122 = DEFINITIONAL_REPRESENTATION('',(#6123),#6126);
#6123 = B_SPLINE_CURVE_WITH_KNOTS('',1,(#6124,#6125),.UNSPECIFIED.,.F.,
  .F.,(2,2),(1.5,85.5),.PIECEWISE_BEZIER_KNOTS.);
#6124 = CARTESIAN_POINT('',(107.,3.));
#6125 = CARTESIAN_POINT('',(107.,87.));
#6126 = ( GEOMETRIC_REPRESENTATION_CONTEXT(2) 
PARAMETRIC_REPRESENTATION_CONTEXT() REPRESENTATION_CONTEXT('2D SPACE',''
  ) );
#6127 = PCURVE('',#6128,#6133);
#6128 = PLANE('',#6129);
#6129 = AXIS2_PLACEMENT_3D('',#6130,#6131,#6132);
#6130 = CARTESIAN_POINT('',(52.,-42.,-38.));
#6131 = DIRECTION('',(1.,0.,-0.));
#6132 = DIRECTION('',(0.,0.,1.));
#6133 = DEFINITIONAL_REPRESENTATION('',(#6134),#6137);
#6134 = B_SPLINE_CURVE_WITH_KNOTS('',1,(#6135,#6136),.UNSPECIFIED.,.F.,
  .F.,(2,2),(1.5,85.5),.PIECEWISE_BEZIER_KNOTS.);
#6135 = CARTESIAN_POINT('',(3.,0.));
#6136 = CARTESIAN_POINT('',(3.,-84.));
#6137 = ( GEOMETRIC_REPRESENTATION_CONTEXT(2) 
PARAMETRIC_REPRESENTATION_CONTEXT() REPRESENTATION_CONTEXT('2D SPACE',''
  ) );
#6138 = ADVANCED_FACE('',(#6139),#6052,.T.);
#6139 = FACE_BOUND('',#6140,.T.);
#6140 = EDGE_LOOP('',(#6141,#6164,#6165,#6188));
#6141 = ORIENTED_EDGE('',*,*,#6142,.F.);
#6142 = EDGE_CURVE('',#6036,#6143,#6145,.T.);
#6143 = VERTEX_POINT('',#6144);
#6144 = CARTESIAN_POINT('',(52.,-42.,32.));
#6145 = SURFACE_CURVE('',#6146,(#6150,#6157),.PCURVE_S1.);
#6146 = LINE('',#6147,#6148);
#6147 = CARTESIAN_POINT('',(52.,-42.,-38.));
#6148 = VECTOR('',#6149,1.);
#6149 = DIRECTION('',(0.,0.,1.));
#6150 = PCURVE('',#6052,#6151);
#6151 = DEFINITIONAL_REPRESENTATION('',(#6152),#6156);
#6152 = LINE('',#6153,#6154);
#6153 = CARTESIAN_POINT('',(0.,104.));
#6154 = VECTOR('',#6155,1.);
#6155 = DIRECTION('',(1.,0.));
#6156 = ( GEOMETRIC_REPRESENTATION_CONTEXT(2) 
PARAMETRIC_REPRESENTATION_CONTEXT() REPRESENTATION_CONTEXT('2D SPACE',''
  ) );
#6157 = PCURVE('',#6128,#6158);
#6158 = DEFINITIONAL_REPRESENTATION('',(#6159),#6163);
#6159 = LINE('',#6160,#6161);
#6160 = CARTESIAN_POINT('',(0.,0.));
#6161 = VECTOR('',#6162,1.);
#6162 = DIRECTION('',(1.,0.));
#6163 = ( GEOMETRIC_REPRESENTATION_CONTEXT(2) 
PARAMETRIC_REPRESENTATION_CONTEXT() REPRESENTATION_CONTEXT('2D SPACE',''
  ) );
#6164 = ORIENTED_EDGE('',*,*,#6035,.T.);
#6165 = ORIENTED_EDGE('',*,*,#6166,.T.);
#6166 = EDGE_CURVE('',#6038,#6167,#6169,.T.);
#6167 = VERTEX_POINT('',#6168);
#6168 = CARTESIAN_POINT('',(-52.,-42.,32.));
#6169 = SURFACE_CURVE('',#6170,(#6174,#6181),.PCURVE_S1.);
#6170 = LINE('',#6171,#6172);
#6171 = CARTESIAN_POINT('',(-52.,-42.,-38.));
#6172 = VECTOR('',#6173,1.);
#6173 = DIRECTION('',(0.,0.,1.));
#6174 = PCURVE('',#6052,#6175);
#6175 = DEFINITIONAL_REPRESENTATION('',(#6176),#6180);
#6176 = LINE('',#6177,#6178);
#6177 = CARTESIAN_POINT('',(0.,0.));
#6178 = VECTOR('',#6179,1.);
#6179 = DIRECTION('',(1.,0.));
#6180 = ( GEOMETRIC_REPRESENTATION_CONTEXT(2) 
PARAMETRIC_REPRESENTATION_CONTEXT() REPRESENTATION_CONTEXT('2D SPACE',''
  ) );
#6181 = PCURVE('',#6078,#6182);
#6182 = DEFINITIONAL_REPRESENTATION('',(#6183),#6187);
#6183 = LINE('',#6184,#6185);
#6184 = CARTESIAN_POINT('',(0.,0.));
#6185 = VECTOR('',#6186,1.);
#6186 = DIRECTION('',(1.,0.));
#6187 = ( GEOMETRIC_REPRESENTATION_CONTEXT(2) 
PARAMETRIC_REPRESENTATION_CONTEXT() REPRESENTATION_CONTEXT('2D SPACE',''
  ) );
#6188 = ORIENTED_EDGE('',*,*,#6189,.T.);
#6189 = EDGE_CURVE('',#6167,#6143,#6190,.T.);
#6190 = SURFACE_CURVE('',#6191,(#6195,#6202),.PCURVE_S1.);
#6191 = LINE('',#6192,#6193);
#6192 = CARTESIAN_POINT('',(-52.,-42.,32.));
#6193 = VECTOR('',#6194,1.);
#6194 = DIRECTION('',(1.,0.,-0.));
#6195 = PCURVE('',#6052,#6196);
#6196 = DEFINITIONAL_REPRESENTATION('',(#6197),#6201);
#6197 = LINE('',#6198,#6199);
#6198 = CARTESIAN_POINT('',(70.,0.));
#6199 = VECTOR('',#6200,1.);
#6200 = DIRECTION('',(0.,1.));
#6201 = ( GEOMETRIC_REPRESENTATION_CONTEXT(2) 
PARAMETRIC_REPRESENTATION_CONTEXT() REPRESENTATION_CONTEXT('2D SPACE',''
  ) );
#6202 = PCURVE('',#6203,#6208);
#6203 = PLANE('',#6204);
#6204 = AXIS2_PLACEMENT_3D('',#6205,#6206,#6207);
#6205 = CARTESIAN_POINT('',(-52.,-42.,32.));
#6206 = DIRECTION('',(0.,0.,1.));
#6207 = DIRECTION('',(1.,0.,-0.));
#6208 = DEFINITIONAL_REPRESENTATION('',(#6209),#6213);
#6209 = LINE('',#6210,#6211);
#6210 = CARTESIAN_POINT('',(0.,0.));
#6211 = VECTOR('',#6212,1.);
#6212 = DIRECTION('',(1.,0.));
#6213 = ( GEOMETRIC_REPRESENTATION_CONTEXT(2) 
PARAMETRIC_REPRESENTATION_CONTEXT() REPRESENTATION_CONTEXT('2D SPACE',''
  ) );
#6214 = ADVANCED_FACE('',(#6215),#6128,.F.);
#6215 = FACE_BOUND('',#6216,.F.);
#6216 = EDGE_LOOP('',(#6217,#6218,#6219,#6242));
#6217 = ORIENTED_EDGE('',*,*,#6142,.F.);
#6218 = ORIENTED_EDGE('',*,*,#6115,.T.);
#6219 = ORIENTED_EDGE('',*,*,#6220,.T.);
#6220 = EDGE_CURVE('',#6090,#6221,#6223,.T.);
#6221 = VERTEX_POINT('',#6222);
#6222 = CARTESIAN_POINT('',(52.,42.,32.));
#6223 = SURFACE_CURVE('',#6224,(#6228,#6235),.PCURVE_S1.);
#6224 = LINE('',#6225,#6226);
#6225 = CARTESIAN_POINT('',(52.,42.,-38.));
#6226 = VECTOR('',#6227,1.);
#6227 = DIRECTION('',(0.,0.,1.));
#6228 = PCURVE('',#6128,#6229);
#6229 = DEFINITIONAL_REPRESENTATION('',(#6230),#6234);
#6230 = LINE('',#6231,#6232);
#6231 = CARTESIAN_POINT('',(0.,-84.));
#6232 = VECTOR('',#6233,1.);
#6233 = DIRECTION('',(1.,0.));
#6234 = ( GEOMETRIC_REPRESENTATION_CONTEXT(2) 
PARAMETRIC_REPRESENTATION_CONTEXT() REPRESENTATION_CONTEXT('2D SPACE',''
  ) );
#6235 = PCURVE('',#6104,#6236);
#6236 = DEFINITIONAL_REPRESENTATION('',(#6237),#6241);
#6237 = LINE('',#6238,#6239);
#6238 = CARTESIAN_POINT('',(0.,104.));
#6239 = VECTOR('',#6240,1.);
#6240 = DIRECTION('',(1.,0.));
#6241 = ( GEOMETRIC_REPRESENTATION_CONTEXT(2) 
PARAMETRIC_REPRESENTATION_CONTEXT() REPRESENTATION_CONTEXT('2D SPACE',''
  ) );
#6242 = ORIENTED_EDGE('',*,*,#6243,.F.);
#6243 = EDGE_CURVE('',#6143,#6221,#6244,.T.);
#6244 = SURFACE_CURVE('',#6245,(#6249,#6256),.PCURVE_S1.);
#6245 = LINE('',#6246,#6247);
#6246 = CARTESIAN_POINT('',(52.,-42.,32.));
#6247 = VECTOR('',#6248,1.);
#6248 = DIRECTION('',(-0.,1.,0.));
#6249 = PCURVE('',#6128,#6250);
#6250 = DEFINITIONAL_REPRESENTATION('',(#6251),#6255);
#6251 = LINE('',#6252,#6253);
#6252 = CARTESIAN_POINT('',(70.,0.));
#6253 = VECTOR('',#6254,1.);
#6254 = DIRECTION('',(0.,-1.));
#6255 = ( GEOMETRIC_REPRESENTATION_CONTEXT(2) 
PARAMETRIC_REPRESENTATION_CONTEXT() REPRESENTATION_CONTEXT('2D SPACE',''
  ) );
#6256 = PCURVE('',#6203,#6257);
#6257 = DEFINITIONAL_REPRESENTATION('',(#6258),#6262);
#6258 = LINE('',#6259,#6260);
#6259 = CARTESIAN_POINT('',(104.,0.));
#6260 = VECTOR('',#6261,1.);
#6261 = DIRECTION('',(0.,1.));
#6262 = ( GEOMETRIC_REPRESENTATION_CONTEXT(2) 
PARAMETRIC_REPRESENTATION_CONTEXT() REPRESENTATION_CONTEXT('2D SPACE',''
  ) );
#6263 = ADVANCED_FACE('',(#6264),#6104,.F.);
#6264 = FACE_BOUND('',#6265,.F.);
#6265 = EDGE_LOOP('',(#6266,#6267,#6268,#6291));
#6266 = ORIENTED_EDGE('',*,*,#6220,.F.);
#6267 = ORIENTED_EDGE('',*,*,#6089,.T.);
#6268 = ORIENTED_EDGE('',*,*,#6269,.T.);
#6269 = EDGE_CURVE('',#6064,#6270,#6272,.T.);
#6270 = VERTEX_POINT('',#6271);
#6271 = CARTESIAN_POINT('',(-52.,42.,32.));
#6272 = SURFACE_CURVE('',#6273,(#6277,#6284),.PCURVE_S1.);
#6273 = LINE('',#6274,#6275);
#6274 = CARTESIAN_POINT('',(-52.,42.,-38.));
#6275 = VECTOR('',#6276,1.);
#6276 = DIRECTION('',(0.,0.,1.));
#6277 = PCURVE('',#6104,#6278);
#6278 = DEFINITIONAL_REPRESENTATION('',(#6279),#6283);
#6279 = LINE('',#6280,#6281);
#6280 = CARTESIAN_POINT('',(0.,0.));
#6281 = VECTOR('',#6282,1.);
#6282 = DIRECTION('',(1.,0.));
#6283 = ( GEOMETRIC_REPRESENTATION_CONTEXT(2) 
PARAMETRIC_REPRESENTATION_CONTEXT() REPRESENTATION_CONTEXT('2D SPACE',''
  ) );
#6284 = PCURVE('',#6078,#6285);
#6285 = DEFINITIONAL_REPRESENTATION('',(#6286),#6290);
#6286 = LINE('',#6287,#6288);
#6287 = CARTESIAN_POINT('',(0.,-84.));
#6288 = VECTOR('',#6289,1.);
#6289 = DIRECTION('',(1.,0.));
#6290 = ( GEOMETRIC_REPRESENTATION_CONTEXT(2) 
PARAMETRIC_REPRESENTATION_CONTEXT() REPRESENTATION_CONTEXT('2D SPACE',''
  ) );
#6291 = ORIENTED_EDGE('',*,*,#6292,.T.);
#6292 = EDGE_CURVE('',#6270,#6221,#6293,.T.);
#6293 = SURFACE_CURVE('',#6294,(#6298,#6305),.PCURVE_S1.);
#6294 = LINE('',#6295,#6296);
#6295 = CARTESIAN_POINT('',(-52.,42.,32.));
#6296 = VECTOR('',#6297,1.);
#6297 = DIRECTION('',(1.,0.,-0.));
#6298 = PCURVE('',#6104,#6299);
#6299 = DEFINITIONAL_REPRESENTATION('',(#6300),#6304);
#6300 = LINE('',#6301,#6302);
#6301 = CARTESIAN_POINT('',(70.,0.));
#6302 = VECTOR('',#6303,1.);
#6303 = DIRECTION('',(0.,1.));
#6304 = ( GEOMETRIC_REPRESENTATION_CONTEXT(2) 
PARAMETRIC_REPRESENTATION_CONTEXT() REPRESENTATION_CONTEXT('2D SPACE',''
  ) );
#6305 = PCURVE('',#6203,#6306);
#6306 = DEFINITIONAL_REPRESENTATION('',(#6307),#6311);
#6307 = LINE('',#6308,#6309);
#6308 = CARTESIAN_POINT('',(0.,84.));
#6309 = VECTOR('',#6310,1.);
#6310 = DIRECTION('',(1.,0.));
#6311 = ( GEOMETRIC_REPRESENTATION_CONTEXT(2) 
PARAMETRIC_REPRESENTATION_CONTEXT() REPRESENTATION_CONTEXT('2D SPACE',''
  ) );
#6312 = ADVANCED_FACE('',(#6313),#6078,.T.);
#6313 = FACE_BOUND('',#6314,.T.);
#6314 = EDGE_LOOP('',(#6315,#6316,#6317,#6318));
#6315 = ORIENTED_EDGE('',*,*,#6166,.F.);
#6316 = ORIENTED_EDGE('',*,*,#6063,.T.);
#6317 = ORIENTED_EDGE('',*,*,#6269,.T.);
#6318 = ORIENTED_EDGE('',*,*,#6319,.F.);
#6319 = EDGE_CURVE('',#6167,#6270,#6320,.T.);
#6320 = SURFACE_CURVE('',#6321,(#6325,#6332),.PCURVE_S1.);
#6321 = LINE('',#6322,#6323);
#6322 = CARTESIAN_POINT('',(-52.,-42.,32.));
#6323 = VECTOR('',#6324,1.);
#6324 = DIRECTION('',(-0.,1.,0.));
#6325 = PCURVE('',#6078,#6326);
#6326 = DEFINITIONAL_REPRESENTATION('',(#6327),#6331);
#6327 = LINE('',#6328,#6329);
#6328 = CARTESIAN_POINT('',(70.,0.));
#6329 = VECTOR('',#6330,1.);
#6330 = DIRECTION('',(0.,-1.));
#6331 = ( GEOMETRIC_REPRESENTATION_CONTEXT(2) 
PARAMETRIC_REPRESENTATION_CONTEXT() REPRESENTATION_CONTEXT('2D SPACE',''
  ) );
#6332 = PCURVE('',#6203,#6333);
#6333 = DEFINITIONAL_REPRESENTATION('',(#6334),#6338);
#6334 = LINE('',#6335,#6336);
#6335 = CARTESIAN_POINT('',(0.,0.));
#6336 = VECTOR('',#6337,1.);
#6337 = DIRECTION('',(0.,1.));
#6338 = ( GEOMETRIC_REPRESENTATION_CONTEXT(2) 
PARAMETRIC_REPRESENTATION_CONTEXT() REPRESENTATION_CONTEXT('2D SPACE',''
  ) );
#6339 = ADVANCED_FACE('',(#6340),#6203,.F.);
#6340 = FACE_BOUND('',#6341,.F.);
#6341 = EDGE_LOOP('',(#6342,#6343,#6344,#6345));
#6342 = ORIENTED_EDGE('',*,*,#6319,.F.);
#6343 = ORIENTED_EDGE('',*,*,#6189,.T.);
#6344 = ORIENTED_EDGE('',*,*,#6243,.T.);
#6345 = ORIENTED_EDGE('',*,*,#6292,.F.);
#6346 = ( GEOMETRIC_REPRESENTATION_CONTEXT(3) 
GLOBAL_UNCERTAINTY_ASSIGNED_CONTEXT((#6350)) 
GLOBAL_UNIT_ASSIGNED_CONTEXT((#6347,#6348,#6349)) REPRESENTATION_CONTEXT
('Context #1','3D Context with UNIT and UNCERTAINTY') );
#6347 = ( LENGTH_UNIT() NAMED_UNIT(*) SI_UNIT(.MILLI.,.METRE.) );
#6348 = ( NAMED_UNIT(*) PLANE_ANGLE_UNIT() SI_UNIT($,.RADIAN.) );
#6349 = ( NAMED_UNIT(*) SI_UNIT($,.STERADIAN.) SOLID_ANGLE_UNIT() );
#6350 = UNCERTAINTY_MEASURE_WITH_UNIT(LENGTH_MEASURE(1.E-07),#6347,
  'distance_accuracy_value','confusion accuracy');
#6351 = CONTEXT_DEPENDENT_SHAPE_REPRESENTATION(#6352,#6354);
#6352 = ( REPRESENTATION_RELATIONSHIP('','',#5379,#10) 
REPRESENTATION_RELATIONSHIP_WITH_TRANSFORMATION(#6353) 
SHAPE_REPRESENTATION_RELATIONSHIP() );
#6353 = ITEM_DEFINED_TRANSFORMATION('','',#11,#43);
#6354 = PRODUCT_DEFINITION_SHAPE('Placement','Placement of an item',
  #6355);
#6355 = NEXT_ASSEMBLY_USAGE_OCCURRENCE('8','=>[0:1:1:9]','',#5,#5374,$);
#6356 = PRODUCT_RELATED_PRODUCT_CATEGORY('part',$,(#5376));
#6357 = SHAPE_DEFINITION_REPRESENTATION(#6358,#6364);
#6358 = PRODUCT_DEFINITION_SHAPE('','',#6359);
#6359 = PRODUCT_DEFINITION('design','',#6360,#6363);
#6360 = PRODUCT_DEFINITION_FORMATION('','',#6361);
#6361 = PRODUCT('COMPOUND','COMPOUND','',(#6362));
#6362 = PRODUCT_CONTEXT('',#2,'mechanical');
#6363 = PRODUCT_DEFINITION_CONTEXT('part definition',#2,'design');
#6364 = ADVANCED_BREP_SHAPE_REPRESENTATION('',(#11,#6365),#6695);
#6365 = MANIFOLD_SOLID_BREP('',#6366);
#6366 = CLOSED_SHELL('',(#6367,#6487,#6587,#6634,#6681,#6688));
#6367 = ADVANCED_FACE('',(#6368),#6382,.F.);
#6368 = FACE_BOUND('',#6369,.F.);
#6369 = EDGE_LOOP('',(#6370,#6405,#6433,#6461));
#6370 = ORIENTED_EDGE('',*,*,#6371,.F.);
#6371 = EDGE_CURVE('',#6372,#6374,#6376,.T.);
#6372 = VERTEX_POINT('',#6373);
#6373 = CARTESIAN_POINT('',(-50.,-40.,-0.5));
#6374 = VERTEX_POINT('',#6375);
#6375 = CARTESIAN_POINT('',(-50.,-40.,0.5));
#6376 = SURFACE_CURVE('',#6377,(#6381,#6393),.PCURVE_S1.);
#6377 = LINE('',#6378,#6379);
#6378 = CARTESIAN_POINT('',(-50.,-40.,-0.5));
#6379 = VECTOR('',#6380,1.);
#6380 = DIRECTION('',(0.,0.,1.));
#6381 = PCURVE('',#6382,#6387);
#6382 = PLANE('',#6383);
#6383 = AXIS2_PLACEMENT_3D('',#6384,#6385,#6386);
#6384 = CARTESIAN_POINT('',(-50.,-40.,-0.5));
#6385 = DIRECTION('',(1.,0.,-0.));
#6386 = DIRECTION('',(0.,0.,1.));
#6387 = DEFINITIONAL_REPRESENTATION('',(#6388),#6392);
#6388 = LINE('',#6389,#6390);
#6389 = CARTESIAN_POINT('',(0.,0.));
#6390 = VECTOR('',#6391,1.);
#6391 = DIRECTION('',(1.,0.));
#6392 = ( GEOMETRIC_REPRESENTATION_CONTEXT(2) 
PARAMETRIC_REPRESENTATION_CONTEXT() REPRESENTATION_CONTEXT('2D SPACE',''
  ) );
#6393 = PCURVE('',#6394,#6399);
#6394 = PLANE('',#6395);
#6395 = AXIS2_PLACEMENT_3D('',#6396,#6397,#6398);
#6396 = CARTESIAN_POINT('',(-50.,-40.,-0.5));
#6397 = DIRECTION('',(-0.,1.,0.));
#6398 = DIRECTION('',(0.,0.,1.));
#6399 = DEFINITIONAL_REPRESENTATION('',(#6400),#6404);
#6400 = LINE('',#6401,#6402);
#6401 = CARTESIAN_POINT('',(0.,0.));
#6402 = VECTOR('',#6403,1.);
#6403 = DIRECTION('',(1.,0.));
#6404 = ( GEOMETRIC_REPRESENTATION_CONTEXT(2) 
PARAMETRIC_REPRESENTATION_CONTEXT() REPRESENTATION_CONTEXT('2D SPACE',''
  ) );
#6405 = ORIENTED_EDGE('',*,*,#6406,.T.);
#6406 = EDGE_CURVE('',#6372,#6407,#6409,.T.);
#6407 = VERTEX_POINT('',#6408);
#6408 = CARTESIAN_POINT('',(-50.,40.,-0.5));
#6409 = SURFACE_CURVE('',#6410,(#6414,#6421),.PCURVE_S1.);
#6410 = LINE('',#6411,#6412);
#6411 = CARTESIAN_POINT('',(-50.,-40.,-0.5));
#6412 = VECTOR('',#6413,1.);
#6413 = DIRECTION('',(-0.,1.,0.));
#6414 = PCURVE('',#6382,#6415);
#6415 = DEFINITIONAL_REPRESENTATION('',(#6416),#6420);
#6416 = LINE('',#6417,#6418);
#6417 = CARTESIAN_POINT('',(0.,0.));
#6418 = VECTOR('',#6419,1.);
#6419 = DIRECTION('',(0.,-1.));
#6420 = ( GEOMETRIC_REPRESENTATION_CONTEXT(2) 
PARAMETRIC_REPRESENTATION_CONTEXT() REPRESENTATION_CONTEXT('2D SPACE',''
  ) );
#6421 = PCURVE('',#6422,#6427);
#6422 = PLANE('',#6423);
#6423 = AXIS2_PLACEMENT_3D('',#6424,#6425,#6426);
#6424 = CARTESIAN_POINT('',(-50.,-40.,-0.5));
#6425 = DIRECTION('',(0.,0.,1.));
#6426 = DIRECTION('',(1.,0.,-0.));
#6427 = DEFINITIONAL_REPRESENTATION('',(#6428),#6432);
#6428 = LINE('',#6429,#6430);
#6429 = CARTESIAN_POINT('',(0.,0.));
#6430 = VECTOR('',#6431,1.);
#6431 = DIRECTION('',(0.,1.));
#6432 = ( GEOMETRIC_REPRESENTATION_CONTEXT(2) 
PARAMETRIC_REPRESENTATION_CONTEXT() REPRESENTATION_CONTEXT('2D SPACE',''
  ) );
#6433 = ORIENTED_EDGE('',*,*,#6434,.T.);
#6434 = EDGE_CURVE('',#6407,#6435,#6437,.T.);
#6435 = VERTEX_POINT('',#6436);
#6436 = CARTESIAN_POINT('',(-50.,40.,0.5));
#6437 = SURFACE_CURVE('',#6438,(#6442,#6449),.PCURVE_S1.);
#6438 = LINE('',#6439,#6440);
#6439 = CARTESIAN_POINT('',(-50.,40.,-0.5));
#6440 = VECTOR('',#6441,1.);
#6441 = DIRECTION('',(0.,0.,1.));
#6442 = PCURVE('',#6382,#6443);
#6443 = DEFINITIONAL_REPRESENTATION('',(#6444),#6448);
#6444 = LINE('',#6445,#6446);
#6445 = CARTESIAN_POINT('',(0.,-80.));
#6446 = VECTOR('',#6447,1.);
#6447 = DIRECTION('',(1.,0.));
#6448 = ( GEOMETRIC_REPRESENTATION_CONTEXT(2) 
PARAMETRIC_REPRESENTATION_CONTEXT() REPRESENTATION_CONTEXT('2D SPACE',''
  ) );
#6449 = PCURVE('',#6450,#6455);
#6450 = PLANE('',#6451);
#6451 = AXIS2_PLACEMENT_3D('',#6452,#6453,#6454);
#6452 = CARTESIAN_POINT('',(-50.,40.,-0.5));
#6453 = DIRECTION('',(-0.,1.,0.));
#6454 = DIRECTION('',(0.,0.,1.));
#6455 = DEFINITIONAL_REPRESENTATION('',(#6456),#6460);
#6456 = LINE('',#6457,#6458);
#6457 = CARTESIAN_POINT('',(0.,0.));
#6458 = VECTOR('',#6459,1.);
#6459 = DIRECTION('',(1.,0.));
#6460 = ( GEOMETRIC_REPRESENTATION_CONTEXT(2) 
PARAMETRIC_REPRESENTATION_CONTEXT() REPRESENTATION_CONTEXT('2D SPACE',''
  ) );
#6461 = ORIENTED_EDGE('',*,*,#6462,.F.);
#6462 = EDGE_CURVE('',#6374,#6435,#6463,.T.);
#6463 = SURFACE_CURVE('',#6464,(#6468,#6475),.PCURVE_S1.);
#6464 = LINE('',#6465,#6466);
#6465 = CARTESIAN_POINT('',(-50.,-40.,0.5));
#6466 = VECTOR('',#6467,1.);
#6467 = DIRECTION('',(-0.,1.,0.));
#6468 = PCURVE('',#6382,#6469);
#6469 = DEFINITIONAL_REPRESENTATION('',(#6470),#6474);
#6470 = LINE('',#6471,#6472);
#6471 = CARTESIAN_POINT('',(1.,0.));
#6472 = VECTOR('',#6473,1.);
#6473 = DIRECTION('',(0.,-1.));
#6474 = ( GEOMETRIC_REPRESENTATION_CONTEXT(2) 
PARAMETRIC_REPRESENTATION_CONTEXT() REPRESENTATION_CONTEXT('2D SPACE',''
  ) );
#6475 = PCURVE('',#6476,#6481);
#6476 = PLANE('',#6477);
#6477 = AXIS2_PLACEMENT_3D('',#6478,#6479,#6480);
#6478 = CARTESIAN_POINT('',(-50.,-40.,0.5));
#6479 = DIRECTION('',(0.,0.,1.));
#6480 = DIRECTION('',(1.,0.,-0.));
#6481 = DEFINITIONAL_REPRESENTATION('',(#6482),#6486);
#6482 = LINE('',#6483,#6484);
#6483 = CARTESIAN_POINT('',(0.,0.));
#6484 = VECTOR('',#6485,1.);
#6485 = DIRECTION('',(0.,1.));
#6486 = ( GEOMETRIC_REPRESENTATION_CONTEXT(2) 
PARAMETRIC_REPRESENTATION_CONTEXT() REPRESENTATION_CONTEXT('2D SPACE',''
  ) );
#6487 = ADVANCED_FACE('',(#6488),#6502,.T.);
#6488 = FACE_BOUND('',#6489,.T.);
#6489 = EDGE_LOOP('',(#6490,#6520,#6543,#6566));
#6490 = ORIENTED_EDGE('',*,*,#6491,.F.);
#6491 = EDGE_CURVE('',#6492,#6494,#6496,.T.);
#6492 = VERTEX_POINT('',#6493);
#6493 = CARTESIAN_POINT('',(50.,-40.,-0.5));
#6494 = VERTEX_POINT('',#6495);
#6495 = CARTESIAN_POINT('',(50.,-40.,0.5));
#6496 = SURFACE_CURVE('',#6497,(#6501,#6513),.PCURVE_S1.);
#6497 = LINE('',#6498,#6499);
#6498 = CARTESIAN_POINT('',(50.,-40.,-0.5));
#6499 = VECTOR('',#6500,1.);
#6500 = DIRECTION('',(0.,0.,1.));
#6501 = PCURVE('',#6502,#6507);
#6502 = PLANE('',#6503);
#6503 = AXIS2_PLACEMENT_3D('',#6504,#6505,#6506);
#6504 = CARTESIAN_POINT('',(50.,-40.,-0.5));
#6505 = DIRECTION('',(1.,0.,-0.));
#6506 = DIRECTION('',(0.,0.,1.));
#6507 = DEFINITIONAL_REPRESENTATION('',(#6508),#6512);
#6508 = LINE('',#6509,#6510);
#6509 = CARTESIAN_POINT('',(0.,0.));
#6510 = VECTOR('',#6511,1.);
#6511 = DIRECTION('',(1.,0.));
#6512 = ( GEOMETRIC_REPRESENTATION_CONTEXT(2) 
PARAMETRIC_REPRESENTATION_CONTEXT() REPRESENTATION_CONTEXT('2D SPACE',''
  ) );
#6513 = PCURVE('',#6394,#6514);
#6514 = DEFINITIONAL_REPRESENTATION('',(#6515),#6519);
#6515 = LINE('',#6516,#6517);
#6516 = CARTESIAN_POINT('',(0.,100.));
#6517 = VECTOR('',#6518,1.);
#6518 = DIRECTION('',(1.,0.));
#6519 = ( GEOMETRIC_REPRESENTATION_CONTEXT(2) 
PARAMETRIC_REPRESENTATION_CONTEXT() REPRESENTATION_CONTEXT('2D SPACE',''
  ) );
#6520 = ORIENTED_EDGE('',*,*,#6521,.T.);
#6521 = EDGE_CURVE('',#6492,#6522,#6524,.T.);
#6522 = VERTEX_POINT('',#6523);
#6523 = CARTESIAN_POINT('',(50.,40.,-0.5));
#6524 = SURFACE_CURVE('',#6525,(#6529,#6536),.PCURVE_S1.);
#6525 = LINE('',#6526,#6527);
#6526 = CARTESIAN_POINT('',(50.,-40.,-0.5));
#6527 = VECTOR('',#6528,1.);
#6528 = DIRECTION('',(-0.,1.,0.));
#6529 = PCURVE('',#6502,#6530);
#6530 = DEFINITIONAL_REPRESENTATION('',(#6531),#6535);
#6531 = LINE('',#6532,#6533);
#6532 = CARTESIAN_POINT('',(0.,0.));
#6533 = VECTOR('',#6534,1.);
#6534 = DIRECTION('',(0.,-1.));
#6535 = ( GEOMETRIC_REPRESENTATION_CONTEXT(2) 
PARAMETRIC_REPRESENTATION_CONTEXT() REPRESENTATION_CONTEXT('2D SPACE',''
  ) );
#6536 = PCURVE('',#6422,#6537);
#6537 = DEFINITIONAL_REPRESENTATION('',(#6538),#6542);
#6538 = LINE('',#6539,#6540);
#6539 = CARTESIAN_POINT('',(100.,0.));
#6540 = VECTOR('',#6541,1.);
#6541 = DIRECTION('',(0.,1.));
#6542 = ( GEOMETRIC_REPRESENTATION_CONTEXT(2) 
PARAMETRIC_REPRESENTATION_CONTEXT() REPRESENTATION_CONTEXT('2D SPACE',''
  ) );
#6543 = ORIENTED_EDGE('',*,*,#6544,.T.);
#6544 = EDGE_CURVE('',#6522,#6545,#6547,.T.);
#6545 = VERTEX_POINT('',#6546);
#6546 = CARTESIAN_POINT('',(50.,40.,0.5));
#6547 = SURFACE_CURVE('',#6548,(#6552,#6559),.PCURVE_S1.);
#6548 = LINE('',#6549,#6550);
#6549 = CARTESIAN_POINT('',(50.,40.,-0.5));
#6550 = VECTOR('',#6551,1.);
#6551 = DIRECTION('',(0.,0.,1.));
#6552 = PCURVE('',#6502,#6553);
#6553 = DEFINITIONAL_REPRESENTATION('',(#6554),#6558);
#6554 = LINE('',#6555,#6556);
#6555 = CARTESIAN_POINT('',(0.,-80.));
#6556 = VECTOR('',#6557,1.);
#6557 = DIRECTION('',(1.,0.));
#6558 = ( GEOMETRIC_REPRESENTATION_CONTEXT(2) 
PARAMETRIC_REPRESENTATION_CONTEXT() REPRESENTATION_CONTEXT('2D SPACE',''
  ) );
#6559 = PCURVE('',#6450,#6560);
#6560 = DEFINITIONAL_REPRESENTATION('',(#6561),#6565);
#6561 = LINE('',#6562,#6563);
#6562 = CARTESIAN_POINT('',(0.,100.));
#6563 = VECTOR('',#6564,1.);
#6564 = DIRECTION('',(1.,0.));
#6565 = ( GEOMETRIC_REPRESENTATION_CONTEXT(2) 
PARAMETRIC_REPRESENTATION_CONTEXT() REPRESENTATION_CONTEXT('2D SPACE',''
  ) );
#6566 = ORIENTED_EDGE('',*,*,#6567,.F.);
#6567 = EDGE_CURVE('',#6494,#6545,#6568,.T.);
#6568 = SURFACE_CURVE('',#6569,(#6573,#6580),.PCURVE_S1.);
#6569 = LINE('',#6570,#6571);
#6570 = CARTESIAN_POINT('',(50.,-40.,0.5));
#6571 = VECTOR('',#6572,1.);
#6572 = DIRECTION('',(-0.,1.,0.));
#6573 = PCURVE('',#6502,#6574);
#6574 = DEFINITIONAL_REPRESENTATION('',(#6575),#6579);
#6575 = LINE('',#6576,#6577);
#6576 = CARTESIAN_POINT('',(1.,0.));
#6577 = VECTOR('',#6578,1.);
#6578 = DIRECTION('',(0.,-1.));
#6579 = ( GEOMETRIC_REPRESENTATION_CONTEXT(2) 
PARAMETRIC_REPRESENTATION_CONTEXT() REPRESENTATION_CONTEXT('2D SPACE',''
  ) );
#6580 = PCURVE('',#6476,#6581);
#6581 = DEFINITIONAL_REPRESENTATION('',(#6582),#6586);
#6582 = LINE('',#6583,#6584);
#6583 = CARTESIAN_POINT('',(100.,0.));
#6584 = VECTOR('',#6585,1.);
#6585 = DIRECTION('',(0.,1.));
#6586 = ( GEOMETRIC_REPRESENTATION_CONTEXT(2) 
PARAMETRIC_REPRESENTATION_CONTEXT() REPRESENTATION_CONTEXT('2D SPACE',''
  ) );
#6587 = ADVANCED_FACE('',(#6588),#6394,.F.);
#6588 = FACE_BOUND('',#6589,.F.);
#6589 = EDGE_LOOP('',(#6590,#6611,#6612,#6633));
#6590 = ORIENTED_EDGE('',*,*,#6591,.F.);
#6591 = EDGE_CURVE('',#6372,#6492,#6592,.T.);
#6592 = SURFACE_CURVE('',#6593,(#6597,#6604),.PCURVE_S1.);
#6593 = LINE('',#6594,#6595);
#6594 = CARTESIAN_POINT('',(-50.,-40.,-0.5));
#6595 = VECTOR('',#6596,1.);
#6596 = DIRECTION('',(1.,0.,-0.));
#6597 = PCURVE('',#6394,#6598);
#6598 = DEFINITIONAL_REPRESENTATION('',(#6599),#6603);
#6599 = LINE('',#6600,#6601);
#6600 = CARTESIAN_POINT('',(0.,0.));
#6601 = VECTOR('',#6602,1.);
#6602 = DIRECTION('',(0.,1.));
#6603 = ( GEOMETRIC_REPRESENTATION_CONTEXT(2) 
PARAMETRIC_REPRESENTATION_CONTEXT() REPRESENTATION_CONTEXT('2D SPACE',''
  ) );
#6604 = PCURVE('',#6422,#6605);
#6605 = DEFINITIONAL_REPRESENTATION('',(#6606),#6610);
#6606 = LINE('',#6607,#6608);
#6607 = CARTESIAN_POINT('',(0.,0.));
#6608 = VECTOR('',#6609,1.);
#6609 = DIRECTION('',(1.,0.));
#6610 = ( GEOMETRIC_REPRESENTATION_CONTEXT(2) 
PARAMETRIC_REPRESENTATION_CONTEXT() REPRESENTATION_CONTEXT('2D SPACE',''
  ) );
#6611 = ORIENTED_EDGE('',*,*,#6371,.T.);
#6612 = ORIENTED_EDGE('',*,*,#6613,.T.);
#6613 = EDGE_CURVE('',#6374,#6494,#6614,.T.);
#6614 = SURFACE_CURVE('',#6615,(#6619,#6626),.PCURVE_S1.);
#6615 = LINE('',#6616,#6617);
#6616 = CARTESIAN_POINT('',(-50.,-40.,0.5));
#6617 = VECTOR('',#6618,1.);
#6618 = DIRECTION('',(1.,0.,-0.));
#6619 = PCURVE('',#6394,#6620);
#6620 = DEFINITIONAL_REPRESENTATION('',(#6621),#6625);
#6621 = LINE('',#6622,#6623);
#6622 = CARTESIAN_POINT('',(1.,0.));
#6623 = VECTOR('',#6624,1.);
#6624 = DIRECTION('',(0.,1.));
#6625 = ( GEOMETRIC_REPRESENTATION_CONTEXT(2) 
PARAMETRIC_REPRESENTATION_CONTEXT() REPRESENTATION_CONTEXT('2D SPACE',''
  ) );
#6626 = PCURVE('',#6476,#6627);
#6627 = DEFINITIONAL_REPRESENTATION('',(#6628),#6632);
#6628 = LINE('',#6629,#6630);
#6629 = CARTESIAN_POINT('',(0.,0.));
#6630 = VECTOR('',#6631,1.);
#6631 = DIRECTION('',(1.,0.));
#6632 = ( GEOMETRIC_REPRESENTATION_CONTEXT(2) 
PARAMETRIC_REPRESENTATION_CONTEXT() REPRESENTATION_CONTEXT('2D SPACE',''
  ) );
#6633 = ORIENTED_EDGE('',*,*,#6491,.F.);
#6634 = ADVANCED_FACE('',(#6635),#6450,.T.);
#6635 = FACE_BOUND('',#6636,.T.);
#6636 = EDGE_LOOP('',(#6637,#6658,#6659,#6680));
#6637 = ORIENTED_EDGE('',*,*,#6638,.F.);
#6638 = EDGE_CURVE('',#6407,#6522,#6639,.T.);
#6639 = SURFACE_CURVE('',#6640,(#6644,#6651),.PCURVE_S1.);
#6640 = LINE('',#6641,#6642);
#6641 = CARTESIAN_POINT('',(-50.,40.,-0.5));
#6642 = VECTOR('',#6643,1.);
#6643 = DIRECTION('',(1.,0.,-0.));
#6644 = PCURVE('',#6450,#6645);
#6645 = DEFINITIONAL_REPRESENTATION('',(#6646),#6650);
#6646 = LINE('',#6647,#6648);
#6647 = CARTESIAN_POINT('',(0.,0.));
#6648 = VECTOR('',#6649,1.);
#6649 = DIRECTION('',(0.,1.));
#6650 = ( GEOMETRIC_REPRESENTATION_CONTEXT(2) 
PARAMETRIC_REPRESENTATION_CONTEXT() REPRESENTATION_CONTEXT('2D SPACE',''
  ) );
#6651 = PCURVE('',#6422,#6652);
#6652 = DEFINITIONAL_REPRESENTATION('',(#6653),#6657);
#6653 = LINE('',#6654,#6655);
#6654 = CARTESIAN_POINT('',(0.,80.));
#6655 = VECTOR('',#6656,1.);
#6656 = DIRECTION('',(1.,0.));
#6657 = ( GEOMETRIC_REPRESENTATION_CONTEXT(2) 
PARAMETRIC_REPRESENTATION_CONTEXT() REPRESENTATION_CONTEXT('2D SPACE',''
  ) );
#6658 = ORIENTED_EDGE('',*,*,#6434,.T.);
#6659 = ORIENTED_EDGE('',*,*,#6660,.T.);
#6660 = EDGE_CURVE('',#6435,#6545,#6661,.T.);
#6661 = SURFACE_CURVE('',#6662,(#6666,#6673),.PCURVE_S1.);
#6662 = LINE('',#6663,#6664);
#6663 = CARTESIAN_POINT('',(-50.,40.,0.5));
#6664 = VECTOR('',#6665,1.);
#6665 = DIRECTION('',(1.,0.,-0.));
#6666 = PCURVE('',#6450,#6667);
#6667 = DEFINITIONAL_REPRESENTATION('',(#6668),#6672);
#6668 = LINE('',#6669,#6670);
#6669 = CARTESIAN_POINT('',(1.,0.));
#6670 = VECTOR('',#6671,1.);
#6671 = DIRECTION('',(0.,1.));
#6672 = ( GEOMETRIC_REPRESENTATION_CONTEXT(2) 
PARAMETRIC_REPRESENTATION_CONTEXT() REPRESENTATION_CONTEXT('2D SPACE',''
  ) );
#6673 = PCURVE('',#6476,#6674);
#6674 = DEFINITIONAL_REPRESENTATION('',(#6675),#6679);
#6675 = LINE('',#6676,#6677);
#6676 = CARTESIAN_POINT('',(0.,80.));
#6677 = VECTOR('',#6678,1.);
#6678 = DIRECTION('',(1.,0.));
#6679 = ( GEOMETRIC_REPRESENTATION_CONTEXT(2) 
PARAMETRIC_REPRESENTATION_CONTEXT() REPRESENTATION_CONTEXT('2D SPACE',''
  ) );
#6680 = ORIENTED_EDGE('',*,*,#6544,.F.);
#6681 = ADVANCED_FACE('',(#6682),#6422,.F.);
#6682 = FACE_BOUND('',#6683,.F.);
#6683 = EDGE_LOOP('',(#6684,#6685,#6686,#6687));
#6684 = ORIENTED_EDGE('',*,*,#6406,.F.);
#6685 = ORIENTED_EDGE('',*,*,#6591,.T.);
#6686 = ORIENTED_EDGE('',*,*,#6521,.T.);
#6687 = ORIENTED_EDGE('',*,*,#6638,.F.);
#6688 = ADVANCED_FACE('',(#6689),#6476,.T.);
#6689 = FACE_BOUND('',#6690,.T.);
#6690 = EDGE_LOOP('',(#6691,#6692,#6693,#6694));
#6691 = ORIENTED_EDGE('',*,*,#6462,.F.);
#6692 = ORIENTED_EDGE('',*,*,#6613,.T.);
#6693 = ORIENTED_EDGE('',*,*,#6567,.T.);
#6694 = ORIENTED_EDGE('',*,*,#6660,.F.);
#6695 = ( GEOMETRIC_REPRESENTATION_CONTEXT(3) 
GLOBAL_UNCERTAINTY_ASSIGNED_CONTEXT((#6699)) 
GLOBAL_UNIT_ASSIGNED_CONTEXT((#6696,#6697,#6698)) REPRESENTATION_CONTEXT
('Context #1','3D Context with UNIT and UNCERTAINTY') );
#6696 = ( LENGTH_UNIT() NAMED_UNIT(*) SI_UNIT(.MILLI.,.METRE.) );
#6697 = ( NAMED_UNIT(*) PLANE_ANGLE_UNIT() SI_UNIT($,.RADIAN.) );
#6698 = ( NAMED_UNIT(*) SI_UNIT($,.STERADIAN.) SOLID_ANGLE_UNIT() );
#6699 = UNCERTAINTY_MEASURE_WITH_UNIT(LENGTH_MEASURE(1.E-07),#6696,
  'distance_accuracy_value','confusion accuracy');
#6700 = CONTEXT_DEPENDENT_SHAPE_REPRESENTATION(#6701,#6703);
#6701 = ( REPRESENTATION_RELATIONSHIP('','',#6364,#10) 
REPRESENTATION_RELATIONSHIP_WITH_TRANSFORMATION(#6702) 
SHAPE_REPRESENTATION_RELATIONSHIP() );
#6702 = ITEM_DEFINED_TRANSFORMATION('','',#11,#47);
#6703 = PRODUCT_DEFINITION_SHAPE('Placement','Placement of an item',
  #6704);
#6704 = NEXT_ASSEMBLY_USAGE_OCCURRENCE('9','=>[0:1:1:10]','',#5,#6359,$
  );
#6705 = PRODUCT_RELATED_PRODUCT_CATEGORY('part',$,(#6361));
#6706 = SHAPE_DEFINITION_REPRESENTATION(#6707,#6713);
#6707 = PRODUCT_DEFINITION_SHAPE('','',#6708);
#6708 = PRODUCT_DEFINITION('design','',#6709,#6712);
#6709 = PRODUCT_DEFINITION_FORMATION('','',#6710);
#6710 = PRODUCT('COMPOUND','COMPOUND','',(#6711));
#6711 = PRODUCT_CONTEXT('',#2,'mechanical');
#6712 = PRODUCT_DEFINITION_CONTEXT('part definition',#2,'design');
#6713 = ADVANCED_BREP_SHAPE_REPRESENTATION('',(#11,#6714),#7134);
#6714 = MANIFOLD_SOLID_BREP('',#6715);
#6715 = CLOSED_SHELL('',(#6716,#6836,#6912,#6961,#7010,#7068,#7075,#7130
    ));
#6716 = ADVANCED_FACE('',(#6717),#6731,.F.);
#6717 = FACE_BOUND('',#6718,.F.);
#6718 = EDGE_LOOP('',(#6719,#6754,#6782,#6810));
#6719 = ORIENTED_EDGE('',*,*,#6720,.F.);
#6720 = EDGE_CURVE('',#6721,#6723,#6725,.T.);
#6721 = VERTEX_POINT('',#6722);
#6722 = CARTESIAN_POINT('',(-16.,-13.,-15.));
#6723 = VERTEX_POINT('',#6724);
#6724 = CARTESIAN_POINT('',(-16.,-13.,-13.));
#6725 = SURFACE_CURVE('',#6726,(#6730,#6742),.PCURVE_S1.);
#6726 = LINE('',#6727,#6728);
#6727 = CARTESIAN_POINT('',(-16.,-13.,-15.));
#6728 = VECTOR('',#6729,1.);
#6729 = DIRECTION('',(0.,0.,1.));
#6730 = PCURVE('',#6731,#6736);
#6731 = PLANE('',#6732);
#6732 = AXIS2_PLACEMENT_3D('',#6733,#6734,#6735);
#6733 = CARTESIAN_POINT('',(-16.,-13.,-15.));
#6734 = DIRECTION('',(1.,0.,-0.));
#6735 = DIRECTION('',(0.,0.,1.));
#6736 = DEFINITIONAL_REPRESENTATION('',(#6737),#6741);
#6737 = LINE('',#6738,#6739);
#6738 = CARTESIAN_POINT('',(0.,0.));
#6739 = VECTOR('',#6740,1.);
#6740 = DIRECTION('',(1.,0.));
#6741 = ( GEOMETRIC_REPRESENTATION_CONTEXT(2) 
PARAMETRIC_REPRESENTATION_CONTEXT() REPRESENTATION_CONTEXT('2D SPACE',''
  ) );
#6742 = PCURVE('',#6743,#6748);
#6743 = PLANE('',#6744);
#6744 = AXIS2_PLACEMENT_3D('',#6745,#6746,#6747);
#6745 = CARTESIAN_POINT('',(-16.,-13.,-15.));
#6746 = DIRECTION('',(-0.,1.,0.));
#6747 = DIRECTION('',(0.,0.,1.));
#6748 = DEFINITIONAL_REPRESENTATION('',(#6749),#6753);
#6749 = LINE('',#6750,#6751);
#6750 = CARTESIAN_POINT('',(0.,0.));
#6751 = VECTOR('',#6752,1.);
#6752 = DIRECTION('',(1.,0.));
#6753 = ( GEOMETRIC_REPRESENTATION_CONTEXT(2) 
PARAMETRIC_REPRESENTATION_CONTEXT() REPRESENTATION_CONTEXT('2D SPACE',''
  ) );
#6754 = ORIENTED_EDGE('',*,*,#6755,.T.);
#6755 = EDGE_CURVE('',#6721,#6756,#6758,.T.);
#6756 = VERTEX_POINT('',#6757);
#6757 = CARTESIAN_POINT('',(-16.,13.,-15.));
#6758 = SURFACE_CURVE('',#6759,(#6763,#6770),.PCURVE_S1.);
#6759 = LINE('',#6760,#6761);
#6760 = CARTESIAN_POINT('',(-16.,-13.,-15.));
#6761 = VECTOR('',#6762,1.);
#6762 = DIRECTION('',(-0.,1.,0.));
#6763 = PCURVE('',#6731,#6764);
#6764 = DEFINITIONAL_REPRESENTATION('',(#6765),#6769);
#6765 = LINE('',#6766,#6767);
#6766 = CARTESIAN_POINT('',(0.,0.));
#6767 = VECTOR('',#6768,1.);
#6768 = DIRECTION('',(0.,-1.));
#6769 = ( GEOMETRIC_REPRESENTATION_CONTEXT(2) 
PARAMETRIC_REPRESENTATION_CONTEXT() REPRESENTATION_CONTEXT('2D SPACE',''
  ) );
#6770 = PCURVE('',#6771,#6776);
#6771 = PLANE('',#6772);
#6772 = AXIS2_PLACEMENT_3D('',#6773,#6774,#6775);
#6773 = CARTESIAN_POINT('',(-16.,-13.,-15.));
#6774 = DIRECTION('',(0.,0.,1.));
#6775 = DIRECTION('',(1.,0.,-0.));
#6776 = DEFINITIONAL_REPRESENTATION('',(#6777),#6781);
#6777 = LINE('',#6778,#6779);
#6778 = CARTESIAN_POINT('',(0.,0.));
#6779 = VECTOR('',#6780,1.);
#6780 = DIRECTION('',(0.,1.));
#6781 = ( GEOMETRIC_REPRESENTATION_CONTEXT(2) 
PARAMETRIC_REPRESENTATION_CONTEXT() REPRESENTATION_CONTEXT('2D SPACE',''
  ) );
#6782 = ORIENTED_EDGE('',*,*,#6783,.T.);
#6783 = EDGE_CURVE('',#6756,#6784,#6786,.T.);
#6784 = VERTEX_POINT('',#6785);
#6785 = CARTESIAN_POINT('',(-16.,13.,-13.));
#6786 = SURFACE_CURVE('',#6787,(#6791,#6798),.PCURVE_S1.);
#6787 = LINE('',#6788,#6789);
#6788 = CARTESIAN_POINT('',(-16.,13.,-15.));
#6789 = VECTOR('',#6790,1.);
#6790 = DIRECTION('',(0.,0.,1.));
#6791 = PCURVE('',#6731,#6792);
#6792 = DEFINITIONAL_REPRESENTATION('',(#6793),#6797);
#6793 = LINE('',#6794,#6795);
#6794 = CARTESIAN_POINT('',(0.,-26.));
#6795 = VECTOR('',#6796,1.);
#6796 = DIRECTION('',(1.,0.));
#6797 = ( GEOMETRIC_REPRESENTATION_CONTEXT(2) 
PARAMETRIC_REPRESENTATION_CONTEXT() REPRESENTATION_CONTEXT('2D SPACE',''
  ) );
#6798 = PCURVE('',#6799,#6804);
#6799 = PLANE('',#6800);
#6800 = AXIS2_PLACEMENT_3D('',#6801,#6802,#6803);
#6801 = CARTESIAN_POINT('',(-16.,13.,-15.));
#6802 = DIRECTION('',(-0.,1.,0.));
#6803 = DIRECTION('',(0.,0.,1.));
#6804 = DEFINITIONAL_REPRESENTATION('',(#6805),#6809);
#6805 = LINE('',#6806,#6807);
#6806 = CARTESIAN_POINT('',(0.,0.));
#6807 = VECTOR('',#6808,1.);
#6808 = DIRECTION('',(1.,0.));
#6809 = ( GEOMETRIC_REPRESENTATION_CONTEXT(2) 
PARAMETRIC_REPRESENTATION_CONTEXT() REPRESENTATION_CONTEXT('2D SPACE',''
  ) );
#6810 = ORIENTED_EDGE('',*,*,#6811,.F.);
#6811 = EDGE_CURVE('',#6723,#6784,#6812,.T.);
#6812 = SURFACE_CURVE('',#6813,(#6817,#6824),.PCURVE_S1.);
#6813 = LINE('',#6814,#6815);
#6814 = CARTESIAN_POINT('',(-16.,-13.,-13.));
#6815 = VECTOR('',#6816,1.);
#6816 = DIRECTION('',(-0.,1.,0.));
#6817 = PCURVE('',#6731,#6818);
#6818 = DEFINITIONAL_REPRESENTATION('',(#6819),#6823);
#6819 = LINE('',#6820,#6821);
#6820 = CARTESIAN_POINT('',(2.,0.));
#6821 = VECTOR('',#6822,1.);
#6822 = DIRECTION('',(0.,-1.));
#6823 = ( GEOMETRIC_REPRESENTATION_CONTEXT(2) 
PARAMETRIC_REPRESENTATION_CONTEXT() REPRESENTATION_CONTEXT('2D SPACE',''
  ) );
#6824 = PCURVE('',#6825,#6830);
#6825 = PLANE('',#6826);
#6826 = AXIS2_PLACEMENT_3D('',#6827,#6828,#6829);
#6827 = CARTESIAN_POINT('',(-16.,-13.,-13.));
#6828 = DIRECTION('',(0.,0.,1.));
#6829 = DIRECTION('',(1.,0.,-0.));
#6830 = DEFINITIONAL_REPRESENTATION('',(#6831),#6835);
#6831 = LINE('',#6832,#6833);
#6832 = CARTESIAN_POINT('',(0.,0.));
#6833 = VECTOR('',#6834,1.);
#6834 = DIRECTION('',(0.,1.));
#6835 = ( GEOMETRIC_REPRESENTATION_CONTEXT(2) 
PARAMETRIC_REPRESENTATION_CONTEXT() REPRESENTATION_CONTEXT('2D SPACE',''
  ) );
#6836 = ADVANCED_FACE('',(#6837),#6743,.F.);
#6837 = FACE_BOUND('',#6838,.F.);
#6838 = EDGE_LOOP('',(#6839,#6862,#6863,#6886));
#6839 = ORIENTED_EDGE('',*,*,#6840,.F.);
#6840 = EDGE_CURVE('',#6721,#6841,#6843,.T.);
#6841 = VERTEX_POINT('',#6842);
#6842 = CARTESIAN_POINT('',(16.,-13.,-15.));
#6843 = SURFACE_CURVE('',#6844,(#6848,#6855),.PCURVE_S1.);
#6844 = LINE('',#6845,#6846);
#6845 = CARTESIAN_POINT('',(-16.,-13.,-15.));
#6846 = VECTOR('',#6847,1.);
#6847 = DIRECTION('',(1.,0.,-0.));
#6848 = PCURVE('',#6743,#6849);
#6849 = DEFINITIONAL_REPRESENTATION('',(#6850),#6854);
#6850 = LINE('',#6851,#6852);
#6851 = CARTESIAN_POINT('',(0.,0.));
#6852 = VECTOR('',#6853,1.);
#6853 = DIRECTION('',(0.,1.));
#6854 = ( GEOMETRIC_REPRESENTATION_CONTEXT(2) 
PARAMETRIC_REPRESENTATION_CONTEXT() REPRESENTATION_CONTEXT('2D SPACE',''
  ) );
#6855 = PCURVE('',#6771,#6856);
#6856 = DEFINITIONAL_REPRESENTATION('',(#6857),#6861);
#6857 = LINE('',#6858,#6859);
#6858 = CARTESIAN_POINT('',(0.,0.));
#6859 = VECTOR('',#6860,1.);
#6860 = DIRECTION('',(1.,0.));
#6861 = ( GEOMETRIC_REPRESENTATION_CONTEXT(2) 
PARAMETRIC_REPRESENTATION_CONTEXT() REPRESENTATION_CONTEXT('2D SPACE',''
  ) );
#6862 = ORIENTED_EDGE('',*,*,#6720,.T.);
#6863 = ORIENTED_EDGE('',*,*,#6864,.T.);
#6864 = EDGE_CURVE('',#6723,#6865,#6867,.T.);
#6865 = VERTEX_POINT('',#6866);
#6866 = CARTESIAN_POINT('',(16.,-13.,-13.));
#6867 = SURFACE_CURVE('',#6868,(#6872,#6879),.PCURVE_S1.);
#6868 = LINE('',#6869,#6870);
#6869 = CARTESIAN_POINT('',(-16.,-13.,-13.));
#6870 = VECTOR('',#6871,1.);
#6871 = DIRECTION('',(1.,0.,-0.));
#6872 = PCURVE('',#6743,#6873);
#6873 = DEFINITIONAL_REPRESENTATION('',(#6874),#6878);
#6874 = LINE('',#6875,#6876);
#6875 = CARTESIAN_POINT('',(2.,0.));
#6876 = VECTOR('',#6877,1.);
#6877 = DIRECTION('',(0.,1.));
#6878 = ( GEOMETRIC_REPRESENTATION_CONTEXT(2) 
PARAMETRIC_REPRESENTATION_CONTEXT() REPRESENTATION_CONTEXT('2D SPACE',''
  ) );
#6879 = PCURVE('',#6825,#6880);
#6880 = DEFINITIONAL_REPRESENTATION('',(#6881),#6885);
#6881 = LINE('',#6882,#6883);
#6882 = CARTESIAN_POINT('',(0.,0.));
#6883 = VECTOR('',#6884,1.);
#6884 = DIRECTION('',(1.,0.));
#6885 = ( GEOMETRIC_REPRESENTATION_CONTEXT(2) 
PARAMETRIC_REPRESENTATION_CONTEXT() REPRESENTATION_CONTEXT('2D SPACE',''
  ) );
#6886 = ORIENTED_EDGE('',*,*,#6887,.F.);
#6887 = EDGE_CURVE('',#6841,#6865,#6888,.T.);
#6888 = SURFACE_CURVE('',#6889,(#6893,#6900),.PCURVE_S1.);
#6889 = LINE('',#6890,#6891);
#6890 = CARTESIAN_POINT('',(16.,-13.,-15.));
#6891 = VECTOR('',#6892,1.);
#6892 = DIRECTION('',(0.,0.,1.));
#6893 = PCURVE('',#6743,#6894);
#6894 = DEFINITIONAL_REPRESENTATION('',(#6895),#6899);
#6895 = LINE('',#6896,#6897);
#6896 = CARTESIAN_POINT('',(0.,32.));
#6897 = VECTOR('',#6898,1.);
#6898 = DIRECTION('',(1.,0.));
#6899 = ( GEOMETRIC_REPRESENTATION_CONTEXT(2) 
PARAMETRIC_REPRESENTATION_CONTEXT() REPRESENTATION_CONTEXT('2D SPACE',''
  ) );
#6900 = PCURVE('',#6901,#6906);
#6901 = PLANE('',#6902);
#6902 = AXIS2_PLACEMENT_3D('',#6903,#6904,#6905);
#6903 = CARTESIAN_POINT('',(16.,-13.,-15.));
#6904 = DIRECTION('',(1.,0.,-0.));
#6905 = DIRECTION('',(0.,0.,1.));
#6906 = DEFINITIONAL_REPRESENTATION('',(#6907),#6911);
#6907 = LINE('',#6908,#6909);
#6908 = CARTESIAN_POINT('',(0.,0.));
#6909 = VECTOR('',#6910,1.);
#6910 = DIRECTION('',(1.,0.));
#6911 = ( GEOMETRIC_REPRESENTATION_CONTEXT(2) 
PARAMETRIC_REPRESENTATION_CONTEXT() REPRESENTATION_CONTEXT('2D SPACE',''
  ) );
#6912 = ADVANCED_FACE('',(#6913),#6825,.T.);
#6913 = FACE_BOUND('',#6914,.T.);
#6914 = EDGE_LOOP('',(#6915,#6916,#6917,#6940));
#6915 = ORIENTED_EDGE('',*,*,#6811,.F.);
#6916 = ORIENTED_EDGE('',*,*,#6864,.T.);
#6917 = ORIENTED_EDGE('',*,*,#6918,.T.);
#6918 = EDGE_CURVE('',#6865,#6919,#6921,.T.);
#6919 = VERTEX_POINT('',#6920);
#6920 = CARTESIAN_POINT('',(16.,13.,-13.));
#6921 = SURFACE_CURVE('',#6922,(#6926,#6933),.PCURVE_S1.);
#6922 = LINE('',#6923,#6924);
#6923 = CARTESIAN_POINT('',(16.,-13.,-13.));
#6924 = VECTOR('',#6925,1.);
#6925 = DIRECTION('',(-0.,1.,0.));
#6926 = PCURVE('',#6825,#6927);
#6927 = DEFINITIONAL_REPRESENTATION('',(#6928),#6932);
#6928 = LINE('',#6929,#6930);
#6929 = CARTESIAN_POINT('',(32.,0.));
#6930 = VECTOR('',#6931,1.);
#6931 = DIRECTION('',(0.,1.));
#6932 = ( GEOMETRIC_REPRESENTATION_CONTEXT(2) 
PARAMETRIC_REPRESENTATION_CONTEXT() REPRESENTATION_CONTEXT('2D SPACE',''
  ) );
#6933 = PCURVE('',#6901,#6934);
#6934 = DEFINITIONAL_REPRESENTATION('',(#6935),#6939);
#6935 = LINE('',#6936,#6937);
#6936 = CARTESIAN_POINT('',(2.,0.));
#6937 = VECTOR('',#6938,1.);
#6938 = DIRECTION('',(0.,-1.));
#6939 = ( GEOMETRIC_REPRESENTATION_CONTEXT(2) 
PARAMETRIC_REPRESENTATION_CONTEXT() REPRESENTATION_CONTEXT('2D SPACE',''
  ) );
#6940 = ORIENTED_EDGE('',*,*,#6941,.F.);
#6941 = EDGE_CURVE('',#6784,#6919,#6942,.T.);
#6942 = SURFACE_CURVE('',#6943,(#6947,#6954),.PCURVE_S1.);
#6943 = LINE('',#6944,#6945);
#6944 = CARTESIAN_POINT('',(-16.,13.,-13.));
#6945 = VECTOR('',#6946,1.);
#6946 = DIRECTION('',(1.,0.,-0.));
#6947 = PCURVE('',#6825,#6948);
#6948 = DEFINITIONAL_REPRESENTATION('',(#6949),#6953);
#6949 = LINE('',#6950,#6951);
#6950 = CARTESIAN_POINT('',(0.,26.));
#6951 = VECTOR('',#6952,1.);
#6952 = DIRECTION('',(1.,0.));
#6953 = ( GEOMETRIC_REPRESENTATION_CONTEXT(2) 
PARAMETRIC_REPRESENTATION_CONTEXT() REPRESENTATION_CONTEXT('2D SPACE',''
  ) );
#6954 = PCURVE('',#6799,#6955);
#6955 = DEFINITIONAL_REPRESENTATION('',(#6956),#6960);
#6956 = LINE('',#6957,#6958);
#6957 = CARTESIAN_POINT('',(2.,0.));
#6958 = VECTOR('',#6959,1.);
#6959 = DIRECTION('',(0.,1.));
#6960 = ( GEOMETRIC_REPRESENTATION_CONTEXT(2) 
PARAMETRIC_REPRESENTATION_CONTEXT() REPRESENTATION_CONTEXT('2D SPACE',''
  ) );
#6961 = ADVANCED_FACE('',(#6962),#6799,.T.);
#6962 = FACE_BOUND('',#6963,.T.);
#6963 = EDGE_LOOP('',(#6964,#6987,#6988,#6989));
#6964 = ORIENTED_EDGE('',*,*,#6965,.F.);
#6965 = EDGE_CURVE('',#6756,#6966,#6968,.T.);
#6966 = VERTEX_POINT('',#6967);
#6967 = CARTESIAN_POINT('',(16.,13.,-15.));
#6968 = SURFACE_CURVE('',#6969,(#6973,#6980),.PCURVE_S1.);
#6969 = LINE('',#6970,#6971);
#6970 = CARTESIAN_POINT('',(-16.,13.,-15.));
#6971 = VECTOR('',#6972,1.);
#6972 = DIRECTION('',(1.,0.,-0.));
#6973 = PCURVE('',#6799,#6974);
#6974 = DEFINITIONAL_REPRESENTATION('',(#6975),#6979);
#6975 = LINE('',#6976,#6977);
#6976 = CARTESIAN_POINT('',(0.,0.));
#6977 = VECTOR('',#6978,1.);
#6978 = DIRECTION('',(0.,1.));
#6979 = ( GEOMETRIC_REPRESENTATION_CONTEXT(2) 
PARAMETRIC_REPRESENTATION_CONTEXT() REPRESENTATION_CONTEXT('2D SPACE',''
  ) );
#6980 = PCURVE('',#6771,#6981);
#6981 = DEFINITIONAL_REPRESENTATION('',(#6982),#6986);
#6982 = LINE('',#6983,#6984);
#6983 = CARTESIAN_POINT('',(0.,26.));
#6984 = VECTOR('',#6985,1.);
#6985 = DIRECTION('',(1.,0.));
#6986 = ( GEOMETRIC_REPRESENTATION_CONTEXT(2) 
PARAMETRIC_REPRESENTATION_CONTEXT() REPRESENTATION_CONTEXT('2D SPACE',''
  ) );
#6987 = ORIENTED_EDGE('',*,*,#6783,.T.);
#6988 = ORIENTED_EDGE('',*,*,#6941,.T.);
#6989 = ORIENTED_EDGE('',*,*,#6990,.F.);
#6990 = EDGE_CURVE('',#6966,#6919,#6991,.T.);
#6991 = SURFACE_CURVE('',#6992,(#6996,#7003),.PCURVE_S1.);
#6992 = LINE('',#6993,#6994);
#6993 = CARTESIAN_POINT('',(16.,13.,-15.));
#6994 = VECTOR('',#6995,1.);
#6995 = DIRECTION('',(0.,0.,1.));
#6996 = PCURVE('',#6799,#6997);
#6997 = DEFINITIONAL_REPRESENTATION('',(#6998),#7002);
#6998 = LINE('',#6999,#7000);
#6999 = CARTESIAN_POINT('',(0.,32.));
#7000 = VECTOR('',#7001,1.);
#7001 = DIRECTION('',(1.,0.));
#7002 = ( GEOMETRIC_REPRESENTATION_CONTEXT(2) 
PARAMETRIC_REPRESENTATION_CONTEXT() REPRESENTATION_CONTEXT('2D SPACE',''
  ) );
#7003 = PCURVE('',#6901,#7004);
#7004 = DEFINITIONAL_REPRESENTATION('',(#7005),#7009);
#7005 = LINE('',#7006,#7007);
#7006 = CARTESIAN_POINT('',(0.,-26.));
#7007 = VECTOR('',#7008,1.);
#7008 = DIRECTION('',(1.,0.));
#7009 = ( GEOMETRIC_REPRESENTATION_CONTEXT(2) 
PARAMETRIC_REPRESENTATION_CONTEXT() REPRESENTATION_CONTEXT('2D SPACE',''
  ) );
#7010 = ADVANCED_FACE('',(#7011,#7037),#6771,.F.);
#7011 = FACE_BOUND('',#7012,.F.);
#7012 = EDGE_LOOP('',(#7013,#7014,#7015,#7036));
#7013 = ORIENTED_EDGE('',*,*,#6755,.F.);
#7014 = ORIENTED_EDGE('',*,*,#6840,.T.);
#7015 = ORIENTED_EDGE('',*,*,#7016,.T.);
#7016 = EDGE_CURVE('',#6841,#6966,#7017,.T.);
#7017 = SURFACE_CURVE('',#7018,(#7022,#7029),.PCURVE_S1.);
#7018 = LINE('',#7019,#7020);
#7019 = CARTESIAN_POINT('',(16.,-13.,-15.));
#7020 = VECTOR('',#7021,1.);
#7021 = DIRECTION('',(-0.,1.,0.));
#7022 = PCURVE('',#6771,#7023);
#7023 = DEFINITIONAL_REPRESENTATION('',(#7024),#7028);
#7024 = LINE('',#7025,#7026);
#7025 = CARTESIAN_POINT('',(32.,0.));
#7026 = VECTOR('',#7027,1.);
#7027 = DIRECTION('',(0.,1.));
#7028 = ( GEOMETRIC_REPRESENTATION_CONTEXT(2) 
PARAMETRIC_REPRESENTATION_CONTEXT() REPRESENTATION_CONTEXT('2D SPACE',''
  ) );
#7029 = PCURVE('',#6901,#7030);
#7030 = DEFINITIONAL_REPRESENTATION('',(#7031),#7035);
#7031 = LINE('',#7032,#7033);
#7032 = CARTESIAN_POINT('',(0.,0.));
#7033 = VECTOR('',#7034,1.);
#7034 = DIRECTION('',(0.,-1.));
#7035 = ( GEOMETRIC_REPRESENTATION_CONTEXT(2) 
PARAMETRIC_REPRESENTATION_CONTEXT() REPRESENTATION_CONTEXT('2D SPACE',''
  ) );
#7036 = ORIENTED_EDGE('',*,*,#6965,.F.);
#7037 = FACE_BOUND('',#7038,.F.);
#7038 = EDGE_LOOP('',(#7039));
#7039 = ORIENTED_EDGE('',*,*,#7040,.F.);
#7040 = EDGE_CURVE('',#7041,#7041,#7043,.T.);
#7041 = VERTEX_POINT('',#7042);
#7042 = CARTESIAN_POINT('',(4.7,-1.151167991199E-15,-15.));
#7043 = SURFACE_CURVE('',#7044,(#7049,#7056),.PCURVE_S1.);
#7044 = CIRCLE('',#7045,4.7);
#7045 = AXIS2_PLACEMENT_3D('',#7046,#7047,#7048);
#7046 = CARTESIAN_POINT('',(0.,0.,-15.));
#7047 = DIRECTION('',(0.,0.,1.));
#7048 = DIRECTION('',(1.,0.,-0.));
#7049 = PCURVE('',#6771,#7050);
#7050 = DEFINITIONAL_REPRESENTATION('',(#7051),#7055);
#7051 = CIRCLE('',#7052,4.7);
#7052 = AXIS2_PLACEMENT_2D('',#7053,#7054);
#7053 = CARTESIAN_POINT('',(16.,13.));
#7054 = DIRECTION('',(1.,0.));
#7055 = ( GEOMETRIC_REPRESENTATION_CONTEXT(2) 
PARAMETRIC_REPRESENTATION_CONTEXT() REPRESENTATION_CONTEXT('2D SPACE',''
  ) );
#7056 = PCURVE('',#7057,#7062);
#7057 = CYLINDRICAL_SURFACE('',#7058,4.7);
#7058 = AXIS2_PLACEMENT_3D('',#7059,#7060,#7061);
#7059 = CARTESIAN_POINT('',(0.,0.,-27.));
#7060 = DIRECTION('',(0.,0.,1.));
#7061 = DIRECTION('',(1.,0.,-0.));
#7062 = DEFINITIONAL_REPRESENTATION('',(#7063),#7067);
#7063 = LINE('',#7064,#7065);
#7064 = CARTESIAN_POINT('',(0.,12.));
#7065 = VECTOR('',#7066,1.);
#7066 = DIRECTION('',(1.,0.));
#7067 = ( GEOMETRIC_REPRESENTATION_CONTEXT(2) 
PARAMETRIC_REPRESENTATION_CONTEXT() REPRESENTATION_CONTEXT('2D SPACE',''
  ) );
#7068 = ADVANCED_FACE('',(#7069),#6901,.T.);
#7069 = FACE_BOUND('',#7070,.T.);
#7070 = EDGE_LOOP('',(#7071,#7072,#7073,#7074));
#7071 = ORIENTED_EDGE('',*,*,#6887,.F.);
#7072 = ORIENTED_EDGE('',*,*,#7016,.T.);
#7073 = ORIENTED_EDGE('',*,*,#6990,.T.);
#7074 = ORIENTED_EDGE('',*,*,#6918,.F.);
#7075 = ADVANCED_FACE('',(#7076),#7057,.T.);
#7076 = FACE_BOUND('',#7077,.T.);
#7077 = EDGE_LOOP('',(#7078,#7079,#7102,#7129));
#7078 = ORIENTED_EDGE('',*,*,#7040,.F.);
#7079 = ORIENTED_EDGE('',*,*,#7080,.F.);
#7080 = EDGE_CURVE('',#7081,#7041,#7083,.T.);
#7081 = VERTEX_POINT('',#7082);
#7082 = CARTESIAN_POINT('',(4.7,-1.151167991199E-15,-27.));
#7083 = SEAM_CURVE('',#7084,(#7088,#7095),.PCURVE_S1.);
#7084 = LINE('',#7085,#7086);
#7085 = CARTESIAN_POINT('',(4.7,-1.151167991199E-15,-27.));
#7086 = VECTOR('',#7087,1.);
#7087 = DIRECTION('',(0.,0.,1.));
#7088 = PCURVE('',#7057,#7089);
#7089 = DEFINITIONAL_REPRESENTATION('',(#7090),#7094);
#7090 = LINE('',#7091,#7092);
#7091 = CARTESIAN_POINT('',(6.28318530718,-0.));
#7092 = VECTOR('',#7093,1.);
#7093 = DIRECTION('',(0.,1.));
#7094 = ( GEOMETRIC_REPRESENTATION_CONTEXT(2) 
PARAMETRIC_REPRESENTATION_CONTEXT() REPRESENTATION_CONTEXT('2D SPACE',''
  ) );
#7095 = PCURVE('',#7057,#7096);
#7096 = DEFINITIONAL_REPRESENTATION('',(#7097),#7101);
#7097 = LINE('',#7098,#7099);
#7098 = CARTESIAN_POINT('',(0.,-0.));
#7099 = VECTOR('',#7100,1.);
#7100 = DIRECTION('',(0.,1.));
#7101 = ( GEOMETRIC_REPRESENTATION_CONTEXT(2) 
PARAMETRIC_REPRESENTATION_CONTEXT() REPRESENTATION_CONTEXT('2D SPACE',''
  ) );
#7102 = ORIENTED_EDGE('',*,*,#7103,.T.);
#7103 = EDGE_CURVE('',#7081,#7081,#7104,.T.);
#7104 = SURFACE_CURVE('',#7105,(#7110,#7117),.PCURVE_S1.);
#7105 = CIRCLE('',#7106,4.7);
#7106 = AXIS2_PLACEMENT_3D('',#7107,#7108,#7109);
#7107 = CARTESIAN_POINT('',(0.,0.,-27.));
#7108 = DIRECTION('',(0.,0.,1.));
#7109 = DIRECTION('',(1.,0.,-0.));
#7110 = PCURVE('',#7057,#7111);
#7111 = DEFINITIONAL_REPRESENTATION('',(#7112),#7116);
#7112 = LINE('',#7113,#7114);
#7113 = CARTESIAN_POINT('',(0.,0.));
#7114 = VECTOR('',#7115,1.);
#7115 = DIRECTION('',(1.,0.));
#7116 = ( GEOMETRIC_REPRESENTATION_CONTEXT(2) 
PARAMETRIC_REPRESENTATION_CONTEXT() REPRESENTATION_CONTEXT('2D SPACE',''
  ) );
#7117 = PCURVE('',#7118,#7123);
#7118 = PLANE('',#7119);
#7119 = AXIS2_PLACEMENT_3D('',#7120,#7121,#7122);
#7120 = CARTESIAN_POINT('',(0.,0.,-27.));
#7121 = DIRECTION('',(0.,0.,1.));
#7122 = DIRECTION('',(1.,0.,-0.));
#7123 = DEFINITIONAL_REPRESENTATION('',(#7124),#7128);
#7124 = CIRCLE('',#7125,4.7);
#7125 = AXIS2_PLACEMENT_2D('',#7126,#7127);
#7126 = CARTESIAN_POINT('',(0.,0.));
#7127 = DIRECTION('',(1.,0.));
#7128 = ( GEOMETRIC_REPRESENTATION_CONTEXT(2) 
PARAMETRIC_REPRESENTATION_CONTEXT() REPRESENTATION_CONTEXT('2D SPACE',''
  ) );
#7129 = ORIENTED_EDGE('',*,*,#7080,.T.);
#7130 = ADVANCED_FACE('',(#7131),#7118,.F.);
#7131 = FACE_BOUND('',#7132,.T.);
#7132 = EDGE_LOOP('',(#7133));
#7133 = ORIENTED_EDGE('',*,*,#7103,.F.);
#7134 = ( GEOMETRIC_REPRESENTATION_CONTEXT(3) 
GLOBAL_UNCERTAINTY_ASSIGNED_CONTEXT((#7138)) 
GLOBAL_UNIT_ASSIGNED_CONTEXT((#7135,#7136,#7137)) REPRESENTATION_CONTEXT
('Context #1','3D Context with UNIT and UNCERTAINTY') );
#7135 = ( LENGTH_UNIT() NAMED_UNIT(*) SI_UNIT(.MILLI.,.METRE.) );
#7136 = ( NAMED_UNIT(*) PLANE_ANGLE_UNIT() SI_UNIT($,.RADIAN.) );
#7137 = ( NAMED_UNIT(*) SI_UNIT($,.STERADIAN.) SOLID_ANGLE_UNIT() );
#7138 = UNCERTAINTY_MEASURE_WITH_UNIT(LENGTH_MEASURE(1.E-07),#7135,
  'distance_accuracy_value','confusion accuracy');
#7139 = CONTEXT_DEPENDENT_SHAPE_REPRESENTATION(#7140,#7142);
#7140 = ( REPRESENTATION_RELATIONSHIP('','',#6713,#10) 
REPRESENTATION_RELATIONSHIP_WITH_TRANSFORMATION(#7141) 
SHAPE_REPRESENTATION_RELATIONSHIP() );
#7141 = ITEM_DEFINED_TRANSFORMATION('','',#11,#51);
#7142 = PRODUCT_DEFINITION_SHAPE('Placement','Placement of an item',
  #7143);
#7143 = NEXT_ASSEMBLY_USAGE_OCCURRENCE('10','=>[0:1:1:11]','',#5,#6708,$
  );
#7144 = PRODUCT_RELATED_PRODUCT_CATEGORY('part',$,(#6710));
#7145 = SHAPE_DEFINITION_REPRESENTATION(#7146,#7152);
#7146 = PRODUCT_DEFINITION_SHAPE('','',#7147);
#7147 = PRODUCT_DEFINITION('design','',#7148,#7151);
#7148 = PRODUCT_DEFINITION_FORMATION('','',#7149);
#7149 = PRODUCT('COMPOUND','COMPOUND','',(#7150));
#7150 = PRODUCT_CONTEXT('',#2,'mechanical');
#7151 = PRODUCT_DEFINITION_CONTEXT('part definition',#2,'design');
#7152 = ADVANCED_BREP_SHAPE_REPRESENTATION('',(#11,#7153),#7483);
#7153 = MANIFOLD_SOLID_BREP('',#7154);
#7154 = CLOSED_SHELL('',(#7155,#7275,#7375,#7422,#7469,#7476));
#7155 = ADVANCED_FACE('',(#7156),#7170,.F.);
#7156 = FACE_BOUND('',#7157,.F.);
#7157 = EDGE_LOOP('',(#7158,#7193,#7221,#7249));
#7158 = ORIENTED_EDGE('',*,*,#7159,.F.);
#7159 = EDGE_CURVE('',#7160,#7162,#7164,.T.);
#7160 = VERTEX_POINT('',#7161);
#7161 = CARTESIAN_POINT('',(-35.,-25.,-4.));
#7162 = VERTEX_POINT('',#7163);
#7163 = CARTESIAN_POINT('',(-35.,-25.,4.));
#7164 = SURFACE_CURVE('',#7165,(#7169,#7181),.PCURVE_S1.);
#7165 = LINE('',#7166,#7167);
#7166 = CARTESIAN_POINT('',(-35.,-25.,-4.));
#7167 = VECTOR('',#7168,1.);
#7168 = DIRECTION('',(0.,0.,1.));
#7169 = PCURVE('',#7170,#7175);
#7170 = PLANE('',#7171);
#7171 = AXIS2_PLACEMENT_3D('',#7172,#7173,#7174);
#7172 = CARTESIAN_POINT('',(-35.,-25.,-4.));
#7173 = DIRECTION('',(1.,0.,-0.));
#7174 = DIRECTION('',(0.,0.,1.));
#7175 = DEFINITIONAL_REPRESENTATION('',(#7176),#7180);
#7176 = LINE('',#7177,#7178);
#7177 = CARTESIAN_POINT('',(0.,0.));
#7178 = VECTOR('',#7179,1.);
#7179 = DIRECTION('',(1.,0.));
#7180 = ( GEOMETRIC_REPRESENTATION_CONTEXT(2) 
PARAMETRIC_REPRESENTATION_CONTEXT() REPRESENTATION_CONTEXT('2D SPACE',''
  ) );
#7181 = PCURVE('',#7182,#7187);
#7182 = PLANE('',#7183);
#7183 = AXIS2_PLACEMENT_3D('',#7184,#7185,#7186);
#7184 = CARTESIAN_POINT('',(-35.,-25.,-4.));
#7185 = DIRECTION('',(-0.,1.,0.));
#7186 = DIRECTION('',(0.,0.,1.));
#7187 = DEFINITIONAL_REPRESENTATION('',(#7188),#7192);
#7188 = LINE('',#7189,#7190);
#7189 = CARTESIAN_POINT('',(0.,0.));
#7190 = VECTOR('',#7191,1.);
#7191 = DIRECTION('',(1.,0.));
#7192 = ( GEOMETRIC_REPRESENTATION_CONTEXT(2) 
PARAMETRIC_REPRESENTATION_CONTEXT() REPRESENTATION_CONTEXT('2D SPACE',''
  ) );
#7193 = ORIENTED_EDGE('',*,*,#7194,.T.);
#7194 = EDGE_CURVE('',#7160,#7195,#7197,.T.);
#7195 = VERTEX_POINT('',#7196);
#7196 = CARTESIAN_POINT('',(-35.,25.,-4.));
#7197 = SURFACE_CURVE('',#7198,(#7202,#7209),.PCURVE_S1.);
#7198 = LINE('',#7199,#7200);
#7199 = CARTESIAN_POINT('',(-35.,-25.,-4.));
#7200 = VECTOR('',#7201,1.);
#7201 = DIRECTION('',(-0.,1.,0.));
#7202 = PCURVE('',#7170,#7203);
#7203 = DEFINITIONAL_REPRESENTATION('',(#7204),#7208);
#7204 = LINE('',#7205,#7206);
#7205 = CARTESIAN_POINT('',(0.,0.));
#7206 = VECTOR('',#7207,1.);
#7207 = DIRECTION('',(0.,-1.));
#7208 = ( GEOMETRIC_REPRESENTATION_CONTEXT(2) 
PARAMETRIC_REPRESENTATION_CONTEXT() REPRESENTATION_CONTEXT('2D SPACE',''
  ) );
#7209 = PCURVE('',#7210,#7215);
#7210 = PLANE('',#7211);
#7211 = AXIS2_PLACEMENT_3D('',#7212,#7213,#7214);
#7212 = CARTESIAN_POINT('',(-35.,-25.,-4.));
#7213 = DIRECTION('',(0.,0.,1.));
#7214 = DIRECTION('',(1.,0.,-0.));
#7215 = DEFINITIONAL_REPRESENTATION('',(#7216),#7220);
#7216 = LINE('',#7217,#7218);
#7217 = CARTESIAN_POINT('',(0.,0.));
#7218 = VECTOR('',#7219,1.);
#7219 = DIRECTION('',(0.,1.));
#7220 = ( GEOMETRIC_REPRESENTATION_CONTEXT(2) 
PARAMETRIC_REPRESENTATION_CONTEXT() REPRESENTATION_CONTEXT('2D SPACE',''
  ) );
#7221 = ORIENTED_EDGE('',*,*,#7222,.T.);
#7222 = EDGE_CURVE('',#7195,#7223,#7225,.T.);
#7223 = VERTEX_POINT('',#7224);
#7224 = CARTESIAN_POINT('',(-35.,25.,4.));
#7225 = SURFACE_CURVE('',#7226,(#7230,#7237),.PCURVE_S1.);
#7226 = LINE('',#7227,#7228);
#7227 = CARTESIAN_POINT('',(-35.,25.,-4.));
#7228 = VECTOR('',#7229,1.);
#7229 = DIRECTION('',(0.,0.,1.));
#7230 = PCURVE('',#7170,#7231);
#7231 = DEFINITIONAL_REPRESENTATION('',(#7232),#7236);
#7232 = LINE('',#7233,#7234);
#7233 = CARTESIAN_POINT('',(0.,-50.));
#7234 = VECTOR('',#7235,1.);
#7235 = DIRECTION('',(1.,0.));
#7236 = ( GEOMETRIC_REPRESENTATION_CONTEXT(2) 
PARAMETRIC_REPRESENTATION_CONTEXT() REPRESENTATION_CONTEXT('2D SPACE',''
  ) );
#7237 = PCURVE('',#7238,#7243);
#7238 = PLANE('',#7239);
#7239 = AXIS2_PLACEMENT_3D('',#7240,#7241,#7242);
#7240 = CARTESIAN_POINT('',(-35.,25.,-4.));
#7241 = DIRECTION('',(-0.,1.,0.));
#7242 = DIRECTION('',(0.,0.,1.));
#7243 = DEFINITIONAL_REPRESENTATION('',(#7244),#7248);
#7244 = LINE('',#7245,#7246);
#7245 = CARTESIAN_POINT('',(0.,0.));
#7246 = VECTOR('',#7247,1.);
#7247 = DIRECTION('',(1.,0.));
#7248 = ( GEOMETRIC_REPRESENTATION_CONTEXT(2) 
PARAMETRIC_REPRESENTATION_CONTEXT() REPRESENTATION_CONTEXT('2D SPACE',''
  ) );
#7249 = ORIENTED_EDGE('',*,*,#7250,.F.);
#7250 = EDGE_CURVE('',#7162,#7223,#7251,.T.);
#7251 = SURFACE_CURVE('',#7252,(#7256,#7263),.PCURVE_S1.);
#7252 = LINE('',#7253,#7254);
#7253 = CARTESIAN_POINT('',(-35.,-25.,4.));
#7254 = VECTOR('',#7255,1.);
#7255 = DIRECTION('',(-0.,1.,0.));
#7256 = PCURVE('',#7170,#7257);
#7257 = DEFINITIONAL_REPRESENTATION('',(#7258),#7262);
#7258 = LINE('',#7259,#7260);
#7259 = CARTESIAN_POINT('',(8.,0.));
#7260 = VECTOR('',#7261,1.);
#7261 = DIRECTION('',(0.,-1.));
#7262 = ( GEOMETRIC_REPRESENTATION_CONTEXT(2) 
PARAMETRIC_REPRESENTATION_CONTEXT() REPRESENTATION_CONTEXT('2D SPACE',''
  ) );
#7263 = PCURVE('',#7264,#7269);
#7264 = PLANE('',#7265);
#7265 = AXIS2_PLACEMENT_3D('',#7266,#7267,#7268);
#7266 = CARTESIAN_POINT('',(-35.,-25.,4.));
#7267 = DIRECTION('',(0.,0.,1.));
#7268 = DIRECTION('',(1.,0.,-0.));
#7269 = DEFINITIONAL_REPRESENTATION('',(#7270),#7274);
#7270 = LINE('',#7271,#7272);
#7271 = CARTESIAN_POINT('',(0.,0.));
#7272 = VECTOR('',#7273,1.);
#7273 = DIRECTION('',(0.,1.));
#7274 = ( GEOMETRIC_REPRESENTATION_CONTEXT(2) 
PARAMETRIC_REPRESENTATION_CONTEXT() REPRESENTATION_CONTEXT('2D SPACE',''
  ) );
#7275 = ADVANCED_FACE('',(#7276),#7290,.T.);
#7276 = FACE_BOUND('',#7277,.T.);
#7277 = EDGE_LOOP('',(#7278,#7308,#7331,#7354));
#7278 = ORIENTED_EDGE('',*,*,#7279,.F.);
#7279 = EDGE_CURVE('',#7280,#7282,#7284,.T.);
#7280 = VERTEX_POINT('',#7281);
#7281 = CARTESIAN_POINT('',(35.,-25.,-4.));
#7282 = VERTEX_POINT('',#7283);
#7283 = CARTESIAN_POINT('',(35.,-25.,4.));
#7284 = SURFACE_CURVE('',#7285,(#7289,#7301),.PCURVE_S1.);
#7285 = LINE('',#7286,#7287);
#7286 = CARTESIAN_POINT('',(35.,-25.,-4.));
#7287 = VECTOR('',#7288,1.);
#7288 = DIRECTION('',(0.,0.,1.));
#7289 = PCURVE('',#7290,#7295);
#7290 = PLANE('',#7291);
#7291 = AXIS2_PLACEMENT_3D('',#7292,#7293,#7294);
#7292 = CARTESIAN_POINT('',(35.,-25.,-4.));
#7293 = DIRECTION('',(1.,0.,-0.));
#7294 = DIRECTION('',(0.,0.,1.));
#7295 = DEFINITIONAL_REPRESENTATION('',(#7296),#7300);
#7296 = LINE('',#7297,#7298);
#7297 = CARTESIAN_POINT('',(0.,0.));
#7298 = VECTOR('',#7299,1.);
#7299 = DIRECTION('',(1.,0.));
#7300 = ( GEOMETRIC_REPRESENTATION_CONTEXT(2) 
PARAMETRIC_REPRESENTATION_CONTEXT() REPRESENTATION_CONTEXT('2D SPACE',''
  ) );
#7301 = PCURVE('',#7182,#7302);
#7302 = DEFINITIONAL_REPRESENTATION('',(#7303),#7307);
#7303 = LINE('',#7304,#7305);
#7304 = CARTESIAN_POINT('',(0.,70.));
#7305 = VECTOR('',#7306,1.);
#7306 = DIRECTION('',(1.,0.));
#7307 = ( GEOMETRIC_REPRESENTATION_CONTEXT(2) 
PARAMETRIC_REPRESENTATION_CONTEXT() REPRESENTATION_CONTEXT('2D SPACE',''
  ) );
#7308 = ORIENTED_EDGE('',*,*,#7309,.T.);
#7309 = EDGE_CURVE('',#7280,#7310,#7312,.T.);
#7310 = VERTEX_POINT('',#7311);
#7311 = CARTESIAN_POINT('',(35.,25.,-4.));
#7312 = SURFACE_CURVE('',#7313,(#7317,#7324),.PCURVE_S1.);
#7313 = LINE('',#7314,#7315);
#7314 = CARTESIAN_POINT('',(35.,-25.,-4.));
#7315 = VECTOR('',#7316,1.);
#7316 = DIRECTION('',(-0.,1.,0.));
#7317 = PCURVE('',#7290,#7318);
#7318 = DEFINITIONAL_REPRESENTATION('',(#7319),#7323);
#7319 = LINE('',#7320,#7321);
#7320 = CARTESIAN_POINT('',(0.,0.));
#7321 = VECTOR('',#7322,1.);
#7322 = DIRECTION('',(0.,-1.));
#7323 = ( GEOMETRIC_REPRESENTATION_CONTEXT(2) 
PARAMETRIC_REPRESENTATION_CONTEXT() REPRESENTATION_CONTEXT('2D SPACE',''
  ) );
#7324 = PCURVE('',#7210,#7325);
#7325 = DEFINITIONAL_REPRESENTATION('',(#7326),#7330);
#7326 = LINE('',#7327,#7328);
#7327 = CARTESIAN_POINT('',(70.,0.));
#7328 = VECTOR('',#7329,1.);
#7329 = DIRECTION('',(0.,1.));
#7330 = ( GEOMETRIC_REPRESENTATION_CONTEXT(2) 
PARAMETRIC_REPRESENTATION_CONTEXT() REPRESENTATION_CONTEXT('2D SPACE',''
  ) );
#7331 = ORIENTED_EDGE('',*,*,#7332,.T.);
#7332 = EDGE_CURVE('',#7310,#7333,#7335,.T.);
#7333 = VERTEX_POINT('',#7334);
#7334 = CARTESIAN_POINT('',(35.,25.,4.));
#7335 = SURFACE_CURVE('',#7336,(#7340,#7347),.PCURVE_S1.);
#7336 = LINE('',#7337,#7338);
#7337 = CARTESIAN_POINT('',(35.,25.,-4.));
#7338 = VECTOR('',#7339,1.);
#7339 = DIRECTION('',(0.,0.,1.));
#7340 = PCURVE('',#7290,#7341);
#7341 = DEFINITIONAL_REPRESENTATION('',(#7342),#7346);
#7342 = LINE('',#7343,#7344);
#7343 = CARTESIAN_POINT('',(0.,-50.));
#7344 = VECTOR('',#7345,1.);
#7345 = DIRECTION('',(1.,0.));
#7346 = ( GEOMETRIC_REPRESENTATION_CONTEXT(2) 
PARAMETRIC_REPRESENTATION_CONTEXT() REPRESENTATION_CONTEXT('2D SPACE',''
  ) );
#7347 = PCURVE('',#7238,#7348);
#7348 = DEFINITIONAL_REPRESENTATION('',(#7349),#7353);
#7349 = LINE('',#7350,#7351);
#7350 = CARTESIAN_POINT('',(0.,70.));
#7351 = VECTOR('',#7352,1.);
#7352 = DIRECTION('',(1.,0.));
#7353 = ( GEOMETRIC_REPRESENTATION_CONTEXT(2) 
PARAMETRIC_REPRESENTATION_CONTEXT() REPRESENTATION_CONTEXT('2D SPACE',''
  ) );
#7354 = ORIENTED_EDGE('',*,*,#7355,.F.);
#7355 = EDGE_CURVE('',#7282,#7333,#7356,.T.);
#7356 = SURFACE_CURVE('',#7357,(#7361,#7368),.PCURVE_S1.);
#7357 = LINE('',#7358,#7359);
#7358 = CARTESIAN_POINT('',(35.,-25.,4.));
#7359 = VECTOR('',#7360,1.);
#7360 = DIRECTION('',(-0.,1.,0.));
#7361 = PCURVE('',#7290,#7362);
#7362 = DEFINITIONAL_REPRESENTATION('',(#7363),#7367);
#7363 = LINE('',#7364,#7365);
#7364 = CARTESIAN_POINT('',(8.,0.));
#7365 = VECTOR('',#7366,1.);
#7366 = DIRECTION('',(0.,-1.));
#7367 = ( GEOMETRIC_REPRESENTATION_CONTEXT(2) 
PARAMETRIC_REPRESENTATION_CONTEXT() REPRESENTATION_CONTEXT('2D SPACE',''
  ) );
#7368 = PCURVE('',#7264,#7369);
#7369 = DEFINITIONAL_REPRESENTATION('',(#7370),#7374);
#7370 = LINE('',#7371,#7372);
#7371 = CARTESIAN_POINT('',(70.,0.));
#7372 = VECTOR('',#7373,1.);
#7373 = DIRECTION('',(0.,1.));
#7374 = ( GEOMETRIC_REPRESENTATION_CONTEXT(2) 
PARAMETRIC_REPRESENTATION_CONTEXT() REPRESENTATION_CONTEXT('2D SPACE',''
  ) );
#7375 = ADVANCED_FACE('',(#7376),#7182,.F.);
#7376 = FACE_BOUND('',#7377,.F.);
#7377 = EDGE_LOOP('',(#7378,#7399,#7400,#7421));
#7378 = ORIENTED_EDGE('',*,*,#7379,.F.);
#7379 = EDGE_CURVE('',#7160,#7280,#7380,.T.);
#7380 = SURFACE_CURVE('',#7381,(#7385,#7392),.PCURVE_S1.);
#7381 = LINE('',#7382,#7383);
#7382 = CARTESIAN_POINT('',(-35.,-25.,-4.));
#7383 = VECTOR('',#7384,1.);
#7384 = DIRECTION('',(1.,0.,-0.));
#7385 = PCURVE('',#7182,#7386);
#7386 = DEFINITIONAL_REPRESENTATION('',(#7387),#7391);
#7387 = LINE('',#7388,#7389);
#7388 = CARTESIAN_POINT('',(0.,0.));
#7389 = VECTOR('',#7390,1.);
#7390 = DIRECTION('',(0.,1.));
#7391 = ( GEOMETRIC_REPRESENTATION_CONTEXT(2) 
PARAMETRIC_REPRESENTATION_CONTEXT() REPRESENTATION_CONTEXT('2D SPACE',''
  ) );
#7392 = PCURVE('',#7210,#7393);
#7393 = DEFINITIONAL_REPRESENTATION('',(#7394),#7398);
#7394 = LINE('',#7395,#7396);
#7395 = CARTESIAN_POINT('',(0.,0.));
#7396 = VECTOR('',#7397,1.);
#7397 = DIRECTION('',(1.,0.));
#7398 = ( GEOMETRIC_REPRESENTATION_CONTEXT(2) 
PARAMETRIC_REPRESENTATION_CONTEXT() REPRESENTATION_CONTEXT('2D SPACE',''
  ) );
#7399 = ORIENTED_EDGE('',*,*,#7159,.T.);
#7400 = ORIENTED_EDGE('',*,*,#7401,.T.);
#7401 = EDGE_CURVE('',#7162,#7282,#7402,.T.);
#7402 = SURFACE_CURVE('',#7403,(#7407,#7414),.PCURVE_S1.);
#7403 = LINE('',#7404,#7405);
#7404 = CARTESIAN_POINT('',(-35.,-25.,4.));
#7405 = VECTOR('',#7406,1.);
#7406 = DIRECTION('',(1.,0.,-0.));
#7407 = PCURVE('',#7182,#7408);
#7408 = DEFINITIONAL_REPRESENTATION('',(#7409),#7413);
#7409 = LINE('',#7410,#7411);
#7410 = CARTESIAN_POINT('',(8.,0.));
#7411 = VECTOR('',#7412,1.);
#7412 = DIRECTION('',(0.,1.));
#7413 = ( GEOMETRIC_REPRESENTATION_CONTEXT(2) 
PARAMETRIC_REPRESENTATION_CONTEXT() REPRESENTATION_CONTEXT('2D SPACE',''
  ) );
#7414 = PCURVE('',#7264,#7415);
#7415 = DEFINITIONAL_REPRESENTATION('',(#7416),#7420);
#7416 = LINE('',#7417,#7418);
#7417 = CARTESIAN_POINT('',(0.,0.));
#7418 = VECTOR('',#7419,1.);
#7419 = DIRECTION('',(1.,0.));
#7420 = ( GEOMETRIC_REPRESENTATION_CONTEXT(2) 
PARAMETRIC_REPRESENTATION_CONTEXT() REPRESENTATION_CONTEXT('2D SPACE',''
  ) );
#7421 = ORIENTED_EDGE('',*,*,#7279,.F.);
#7422 = ADVANCED_FACE('',(#7423),#7238,.T.);
#7423 = FACE_BOUND('',#7424,.T.);
#7424 = EDGE_LOOP('',(#7425,#7446,#7447,#7468));
#7425 = ORIENTED_EDGE('',*,*,#7426,.F.);
#7426 = EDGE_CURVE('',#7195,#7310,#7427,.T.);
#7427 = SURFACE_CURVE('',#7428,(#7432,#7439),.PCURVE_S1.);
#7428 = LINE('',#7429,#7430);
#7429 = CARTESIAN_POINT('',(-35.,25.,-4.));
#7430 = VECTOR('',#7431,1.);
#7431 = DIRECTION('',(1.,0.,-0.));
#7432 = PCURVE('',#7238,#7433);
#7433 = DEFINITIONAL_REPRESENTATION('',(#7434),#7438);
#7434 = LINE('',#7435,#7436);
#7435 = CARTESIAN_POINT('',(0.,0.));
#7436 = VECTOR('',#7437,1.);
#7437 = DIRECTION('',(0.,1.));
#7438 = ( GEOMETRIC_REPRESENTATION_CONTEXT(2) 
PARAMETRIC_REPRESENTATION_CONTEXT() REPRESENTATION_CONTEXT('2D SPACE',''
  ) );
#7439 = PCURVE('',#7210,#7440);
#7440 = DEFINITIONAL_REPRESENTATION('',(#7441),#7445);
#7441 = LINE('',#7442,#7443);
#7442 = CARTESIAN_POINT('',(0.,50.));
#7443 = VECTOR('',#7444,1.);
#7444 = DIRECTION('',(1.,0.));
#7445 = ( GEOMETRIC_REPRESENTATION_CONTEXT(2) 
PARAMETRIC_REPRESENTATION_CONTEXT() REPRESENTATION_CONTEXT('2D SPACE',''
  ) );
#7446 = ORIENTED_EDGE('',*,*,#7222,.T.);
#7447 = ORIENTED_EDGE('',*,*,#7448,.T.);
#7448 = EDGE_CURVE('',#7223,#7333,#7449,.T.);
#7449 = SURFACE_CURVE('',#7450,(#7454,#7461),.PCURVE_S1.);
#7450 = LINE('',#7451,#7452);
#7451 = CARTESIAN_POINT('',(-35.,25.,4.));
#7452 = VECTOR('',#7453,1.);
#7453 = DIRECTION('',(1.,0.,-0.));
#7454 = PCURVE('',#7238,#7455);
#7455 = DEFINITIONAL_REPRESENTATION('',(#7456),#7460);
#7456 = LINE('',#7457,#7458);
#7457 = CARTESIAN_POINT('',(8.,0.));
#7458 = VECTOR('',#7459,1.);
#7459 = DIRECTION('',(0.,1.));
#7460 = ( GEOMETRIC_REPRESENTATION_CONTEXT(2) 
PARAMETRIC_REPRESENTATION_CONTEXT() REPRESENTATION_CONTEXT('2D SPACE',''
  ) );
#7461 = PCURVE('',#7264,#7462);
#7462 = DEFINITIONAL_REPRESENTATION('',(#7463),#7467);
#7463 = LINE('',#7464,#7465);
#7464 = CARTESIAN_POINT('',(0.,50.));
#7465 = VECTOR('',#7466,1.);
#7466 = DIRECTION('',(1.,0.));
#7467 = ( GEOMETRIC_REPRESENTATION_CONTEXT(2) 
PARAMETRIC_REPRESENTATION_CONTEXT() REPRESENTATION_CONTEXT('2D SPACE',''
  ) );
#7468 = ORIENTED_EDGE('',*,*,#7332,.F.);
#7469 = ADVANCED_FACE('',(#7470),#7210,.F.);
#7470 = FACE_BOUND('',#7471,.F.);
#7471 = EDGE_LOOP('',(#7472,#7473,#7474,#7475));
#7472 = ORIENTED_EDGE('',*,*,#7194,.F.);
#7473 = ORIENTED_EDGE('',*,*,#7379,.T.);
#7474 = ORIENTED_EDGE('',*,*,#7309,.T.);
#7475 = ORIENTED_EDGE('',*,*,#7426,.F.);
#7476 = ADVANCED_FACE('',(#7477),#7264,.T.);
#7477 = FACE_BOUND('',#7478,.T.);
#7478 = EDGE_LOOP('',(#7479,#7480,#7481,#7482));
#7479 = ORIENTED_EDGE('',*,*,#7250,.F.);
#7480 = ORIENTED_EDGE('',*,*,#7401,.T.);
#7481 = ORIENTED_EDGE('',*,*,#7355,.T.);
#7482 = ORIENTED_EDGE('',*,*,#7448,.F.);
#7483 = ( GEOMETRIC_REPRESENTATION_CONTEXT(3) 
GLOBAL_UNCERTAINTY_ASSIGNED_CONTEXT((#7487)) 
GLOBAL_UNIT_ASSIGNED_CONTEXT((#7484,#7485,#7486)) REPRESENTATION_CONTEXT
('Context #1','3D Context with UNIT and UNCERTAINTY') );
#7484 = ( LENGTH_UNIT() NAMED_UNIT(*) SI_UNIT(.MILLI.,.METRE.) );
#7485 = ( NAMED_UNIT(*) PLANE_ANGLE_UNIT() SI_UNIT($,.RADIAN.) );
#7486 = ( NAMED_UNIT(*) SI_UNIT($,.STERADIAN.) SOLID_ANGLE_UNIT() );
#7487 = UNCERTAINTY_MEASURE_WITH_UNIT(LENGTH_MEASURE(1.E-07),#7484,
  'distance_accuracy_value','confusion accuracy');
#7488 = CONTEXT_DEPENDENT_SHAPE_REPRESENTATION(#7489,#7491);
#7489 = ( REPRESENTATION_RELATIONSHIP('','',#7152,#10) 
REPRESENTATION_RELATIONSHIP_WITH_TRANSFORMATION(#7490) 
SHAPE_REPRESENTATION_RELATIONSHIP() );
#7490 = ITEM_DEFINED_TRANSFORMATION('','',#11,#55);
#7491 = PRODUCT_DEFINITION_SHAPE('Placement','Placement of an item',
  #7492);
#7492 = NEXT_ASSEMBLY_USAGE_OCCURRENCE('11','=>[0:1:1:12]','',#5,#7147,$
  );
#7493 = PRODUCT_RELATED_PRODUCT_CATEGORY('part',$,(#7149));
#7494 = SHAPE_DEFINITION_REPRESENTATION(#7495,#7501);
#7495 = PRODUCT_DEFINITION_SHAPE('','',#7496);
#7496 = PRODUCT_DEFINITION('design','',#7497,#7500);
#7497 = PRODUCT_DEFINITION_FORMATION('','',#7498);
#7498 = PRODUCT('SOLID','SOLID','',(#7499));
#7499 = PRODUCT_CONTEXT('',#2,'mechanical');
#7500 = PRODUCT_DEFINITION_CONTEXT('part definition',#2,'design');
#7501 = ADVANCED_BREP_SHAPE_REPRESENTATION('',(#11,#7502),#8854);
#7502 = MANIFOLD_SOLID_BREP('',#7503);
#7503 = CLOSED_SHELL('',(#7504,#7671,#7856,#7884,#7910,#8045,#8073,#8123
    ,#8256,#8284,#8310,#8432,#8679,#8702,#8730,#8756,#8784,#8809,#8815,
    #8821,#8844,#8850));
#7504 = ADVANCED_FACE('',(#7505),#7519,.T.);
#7505 = FACE_BOUND('',#7506,.T.);
#7506 = EDGE_LOOP('',(#7507,#7537,#7566,#7621,#7643,#7644));
#7507 = ORIENTED_EDGE('',*,*,#7508,.T.);
#7508 = EDGE_CURVE('',#7509,#7511,#7513,.T.);
#7509 = VERTEX_POINT('',#7510);
#7510 = CARTESIAN_POINT('',(-558.15,-40.,3.726E+03));
#7511 = VERTEX_POINT('',#7512);
#7512 = CARTESIAN_POINT('',(-558.15,-40.,3.72E+03));
#7513 = SEAM_CURVE('',#7514,(#7518,#7530),.PCURVE_S1.);
#7514 = LINE('',#7515,#7516);
#7515 = CARTESIAN_POINT('',(-558.15,-40.,3.726E+03));
#7516 = VECTOR('',#7517,1.);
#7517 = DIRECTION('',(0.,0.,-1.));
#7518 = PCURVE('',#7519,#7524);
#7519 = CYLINDRICAL_SURFACE('',#7520,3.);
#7520 = AXIS2_PLACEMENT_3D('',#7521,#7522,#7523);
#7521 = CARTESIAN_POINT('',(-555.15,-40.,3.726E+03));
#7522 = DIRECTION('',(0.,0.,-1.));
#7523 = DIRECTION('',(-1.,0.,-0.));
#7524 = DEFINITIONAL_REPRESENTATION('',(#7525),#7529);
#7525 = LINE('',#7526,#7527);
#7526 = CARTESIAN_POINT('',(6.28318530718,-0.));
#7527 = VECTOR('',#7528,1.);
#7528 = DIRECTION('',(0.,1.));
#7529 = ( GEOMETRIC_REPRESENTATION_CONTEXT(2) 
PARAMETRIC_REPRESENTATION_CONTEXT() REPRESENTATION_CONTEXT('2D SPACE',''
  ) );
#7530 = PCURVE('',#7519,#7531);
#7531 = DEFINITIONAL_REPRESENTATION('',(#7532),#7536);
#7532 = LINE('',#7533,#7534);
#7533 = CARTESIAN_POINT('',(0.,-0.));
#7534 = VECTOR('',#7535,1.);
#7535 = DIRECTION('',(0.,1.));
#7536 = ( GEOMETRIC_REPRESENTATION_CONTEXT(2) 
PARAMETRIC_REPRESENTATION_CONTEXT() REPRESENTATION_CONTEXT('2D SPACE',''
  ) );
#7537 = ORIENTED_EDGE('',*,*,#7538,.F.);
#7538 = EDGE_CURVE('',#7539,#7511,#7541,.T.);
#7539 = VERTEX_POINT('',#7540);
#7540 = CARTESIAN_POINT('',(-556.3434881544,-42.75237824891,3.72E+03));
#7541 = SURFACE_CURVE('',#7542,(#7547,#7554),.PCURVE_S1.);
#7542 = CIRCLE('',#7543,3.);
#7543 = AXIS2_PLACEMENT_3D('',#7544,#7545,#7546);
#7544 = CARTESIAN_POINT('',(-555.15,-40.,3.72E+03));
#7545 = DIRECTION('',(0.,0.,-1.));
#7546 = DIRECTION('',(-1.,0.,-0.));
#7547 = PCURVE('',#7519,#7548);
#7548 = DEFINITIONAL_REPRESENTATION('',(#7549),#7553);
#7549 = LINE('',#7550,#7551);
#7550 = CARTESIAN_POINT('',(0.,6.));
#7551 = VECTOR('',#7552,1.);
#7552 = DIRECTION('',(1.,0.));
#7553 = ( GEOMETRIC_REPRESENTATION_CONTEXT(2) 
PARAMETRIC_REPRESENTATION_CONTEXT() REPRESENTATION_CONTEXT('2D SPACE',''
  ) );
#7554 = PCURVE('',#7555,#7560);
#7555 = PLANE('',#7556);
#7556 = AXIS2_PLACEMENT_3D('',#7557,#7558,#7559);
#7557 = CARTESIAN_POINT('',(-555.15,-40.,3.72E+03));
#7558 = DIRECTION('',(0.,0.,-1.));
#7559 = DIRECTION('',(-1.,0.,-0.));
#7560 = DEFINITIONAL_REPRESENTATION('',(#7561),#7565);
#7561 = CIRCLE('',#7562,3.);
#7562 = AXIS2_PLACEMENT_2D('',#7563,#7564);
#7563 = CARTESIAN_POINT('',(0.,0.));
#7564 = DIRECTION('',(1.,0.));
#7565 = ( GEOMETRIC_REPRESENTATION_CONTEXT(2) 
PARAMETRIC_REPRESENTATION_CONTEXT() REPRESENTATION_CONTEXT('2D SPACE',''
  ) );
#7566 = ORIENTED_EDGE('',*,*,#7567,.F.);
#7567 = EDGE_CURVE('',#7568,#7539,#7570,.T.);
#7568 = VERTEX_POINT('',#7569);
#7569 = CARTESIAN_POINT('',(-553.9565118455,-37.24762175108,3.72E+03));
#7570 = SURFACE_CURVE('',#7571,(#7576,#7596),.PCURVE_S1.);
#7571 = ELLIPSE('',#7572,4.242640687119,3.);
#7572 = AXIS2_PLACEMENT_3D('',#7573,#7574,#7575);
#7573 = CARTESIAN_POINT('',(-555.15,-40.,3.72E+03));
#7574 = DIRECTION('',(0.648741774733,-0.281307855768,-0.707106781187));
#7575 = DIRECTION('',(-0.648741774733,0.281307855768,-0.707106781187));
#7576 = PCURVE('',#7519,#7577);
#7577 = DEFINITIONAL_REPRESENTATION('',(#7578),#7595);
#7578 = B_SPLINE_CURVE_WITH_KNOTS('',8,(#7579,#7580,#7581,#7582,#7583,
    #7584,#7585,#7586,#7587,#7588,#7589,#7590,#7591,#7592,#7593,#7594),
  .UNSPECIFIED.,.F.,.F.,(9,7,9),(1.570796226795,3.14159265359,
    4.712389080384),.UNSPECIFIED.);
#7579 = CARTESIAN_POINT('',(1.979945958061,6.0000003));
#7580 = CARTESIAN_POINT('',(2.17629551141,5.410951639952));
#7581 = CARTESIAN_POINT('',(2.372645064755,4.821902826826));
#7582 = CARTESIAN_POINT('',(2.56899461811,4.267460370824));
#7583 = CARTESIAN_POINT('',(2.765344171445,3.782223846461));
#7584 = CARTESIAN_POINT('',(2.96169372481,3.39654591147));
#7585 = CARTESIAN_POINT('',(3.158043278152,3.132182344787));
#7586 = CARTESIAN_POINT('',(3.354392831506,3.));
#7587 = CARTESIAN_POINT('',(3.747091938205,3.));
#7588 = CARTESIAN_POINT('',(3.943441491559,3.132182344782));
#7589 = CARTESIAN_POINT('',(4.139791044872,3.396545911462));
#7590 = CARTESIAN_POINT('',(4.336140598276,3.782223846454));
#7591 = CARTESIAN_POINT('',(4.532490151569,4.267460370824));
#7592 = CARTESIAN_POINT('',(4.728839704958,4.821902826822));
#7593 = CARTESIAN_POINT('',(4.925189258301,5.410951639951));
#7594 = CARTESIAN_POINT('',(5.12153881165,6.000000299999));
#7595 = ( GEOMETRIC_REPRESENTATION_CONTEXT(2) 
PARAMETRIC_REPRESENTATION_CONTEXT() REPRESENTATION_CONTEXT('2D SPACE',''
  ) );
#7596 = PCURVE('',#7597,#7602);
#7597 = CYLINDRICAL_SURFACE('',#7598,3.);
#7598 = AXIS2_PLACEMENT_3D('',#7599,#7600,#7601);
#7599 = CARTESIAN_POINT('',(-555.15,-40.,3.72E+03));
#7600 = DIRECTION('',(0.917459416305,-0.397829384829,0.));
#7601 = DIRECTION('',(0.397829384829,0.917459416305,0.));
#7602 = DEFINITIONAL_REPRESENTATION('',(#7603),#7620);
#7603 = B_SPLINE_CURVE_WITH_KNOTS('',8,(#7604,#7605,#7606,#7607,#7608,
    #7609,#7610,#7611,#7612,#7613,#7614,#7615,#7616,#7617,#7618,#7619),
  .UNSPECIFIED.,.F.,.F.,(9,7,9),(1.570796226795,3.14159265359,
    4.712389080384),.UNSPECIFIED.);
#7604 = CARTESIAN_POINT('',(-1.000000038331E-07,-3.000000106113E-07));
#7605 = CARTESIAN_POINT('',(0.196349453349,0.589048360048));
#7606 = CARTESIAN_POINT('',(0.392699006698,1.17809717317));
#7607 = CARTESIAN_POINT('',(0.589048560047,1.732539629187));
#7608 = CARTESIAN_POINT('',(0.785398113399,2.2177761535));
#7609 = CARTESIAN_POINT('',(0.981747666746,2.603454088534));
#7610 = CARTESIAN_POINT('',(1.178097220096,2.867817655209));
#7611 = CARTESIAN_POINT('',(1.374446773445,3.));
#7612 = CARTESIAN_POINT('',(1.767145880144,3.));
#7613 = CARTESIAN_POINT('',(1.963495433495,2.867817655208));
#7614 = CARTESIAN_POINT('',(2.159844986838,2.603454088531));
#7615 = CARTESIAN_POINT('',(2.356194540193,2.217776153515));
#7616 = CARTESIAN_POINT('',(2.552544093531,1.732539629184));
#7617 = CARTESIAN_POINT('',(2.748893646892,1.17809717317));
#7618 = CARTESIAN_POINT('',(2.94524320024,0.589048360049));
#7619 = CARTESIAN_POINT('',(3.141592753589,-2.999990442731E-07));
#7620 = ( GEOMETRIC_REPRESENTATION_CONTEXT(2) 
PARAMETRIC_REPRESENTATION_CONTEXT() REPRESENTATION_CONTEXT('2D SPACE',''
  ) );
#7621 = ORIENTED_EDGE('',*,*,#7622,.F.);
#7622 = EDGE_CURVE('',#7511,#7568,#7623,.T.);
#7623 = SURFACE_CURVE('',#7624,(#7629,#7636),.PCURVE_S1.);
#7624 = CIRCLE('',#7625,3.);
#7625 = AXIS2_PLACEMENT_3D('',#7626,#7627,#7628);
#7626 = CARTESIAN_POINT('',(-555.15,-40.,3.72E+03));
#7627 = DIRECTION('',(0.,0.,-1.));
#7628 = DIRECTION('',(-1.,0.,-0.));
#7629 = PCURVE('',#7519,#7630);
#7630 = DEFINITIONAL_REPRESENTATION('',(#7631),#7635);
#7631 = LINE('',#7632,#7633);
#7632 = CARTESIAN_POINT('',(0.,6.));
#7633 = VECTOR('',#7634,1.);
#7634 = DIRECTION('',(1.,0.));
#7635 = ( GEOMETRIC_REPRESENTATION_CONTEXT(2) 
PARAMETRIC_REPRESENTATION_CONTEXT() REPRESENTATION_CONTEXT('2D SPACE',''
  ) );
#7636 = PCURVE('',#7555,#7637);
#7637 = DEFINITIONAL_REPRESENTATION('',(#7638),#7642);
#7638 = CIRCLE('',#7639,3.);
#7639 = AXIS2_PLACEMENT_2D('',#7640,#7641);
#7640 = CARTESIAN_POINT('',(0.,0.));
#7641 = DIRECTION('',(1.,0.));
#7642 = ( GEOMETRIC_REPRESENTATION_CONTEXT(2) 
PARAMETRIC_REPRESENTATION_CONTEXT() REPRESENTATION_CONTEXT('2D SPACE',''
  ) );
#7643 = ORIENTED_EDGE('',*,*,#7508,.F.);
#7644 = ORIENTED_EDGE('',*,*,#7645,.T.);
#7645 = EDGE_CURVE('',#7509,#7509,#7646,.T.);
#7646 = SURFACE_CURVE('',#7647,(#7652,#7659),.PCURVE_S1.);
#7647 = CIRCLE('',#7648,3.);
#7648 = AXIS2_PLACEMENT_3D('',#7649,#7650,#7651);
#7649 = CARTESIAN_POINT('',(-555.15,-40.,3.726E+03));
#7650 = DIRECTION('',(0.,0.,-1.));
#7651 = DIRECTION('',(-1.,0.,-0.));
#7652 = PCURVE('',#7519,#7653);
#7653 = DEFINITIONAL_REPRESENTATION('',(#7654),#7658);
#7654 = LINE('',#7655,#7656);
#7655 = CARTESIAN_POINT('',(0.,0.));
#7656 = VECTOR('',#7657,1.);
#7657 = DIRECTION('',(1.,0.));
#7658 = ( GEOMETRIC_REPRESENTATION_CONTEXT(2) 
PARAMETRIC_REPRESENTATION_CONTEXT() REPRESENTATION_CONTEXT('2D SPACE',''
  ) );
#7659 = PCURVE('',#7660,#7665);
#7660 = PLANE('',#7661);
#7661 = AXIS2_PLACEMENT_3D('',#7662,#7663,#7664);
#7662 = CARTESIAN_POINT('',(-555.15,-40.,3.726E+03));
#7663 = DIRECTION('',(0.,0.,-1.));
#7664 = DIRECTION('',(-1.,0.,-0.));
#7665 = DEFINITIONAL_REPRESENTATION('',(#7666),#7670);
#7666 = CIRCLE('',#7667,3.);
#7667 = AXIS2_PLACEMENT_2D('',#7668,#7669);
#7668 = CARTESIAN_POINT('',(0.,0.));
#7669 = DIRECTION('',(1.,0.));
#7670 = ( GEOMETRIC_REPRESENTATION_CONTEXT(2) 
PARAMETRIC_REPRESENTATION_CONTEXT() REPRESENTATION_CONTEXT('2D SPACE',''
  ) );
#7671 = ADVANCED_FACE('',(#7672),#7597,.T.);
#7672 = FACE_BOUND('',#7673,.T.);
#7673 = EDGE_LOOP('',(#7674,#7701,#7724,#7763,#7792,#7822,#7854,#7855));
#7674 = ORIENTED_EDGE('',*,*,#7675,.T.);
#7675 = EDGE_CURVE('',#7539,#7568,#7676,.T.);
#7676 = SURFACE_CURVE('',#7677,(#7682,#7689),.PCURVE_S1.);
#7677 = CIRCLE('',#7678,3.);
#7678 = AXIS2_PLACEMENT_3D('',#7679,#7680,#7681);
#7679 = CARTESIAN_POINT('',(-555.15,-40.,3.72E+03));
#7680 = DIRECTION('',(0.917459416305,-0.397829384829,0.));
#7681 = DIRECTION('',(0.397829384829,0.917459416305,0.));
#7682 = PCURVE('',#7597,#7683);
#7683 = DEFINITIONAL_REPRESENTATION('',(#7684),#7688);
#7684 = LINE('',#7685,#7686);
#7685 = CARTESIAN_POINT('',(0.,0.));
#7686 = VECTOR('',#7687,1.);
#7687 = DIRECTION('',(1.,0.));
#7688 = ( GEOMETRIC_REPRESENTATION_CONTEXT(2) 
PARAMETRIC_REPRESENTATION_CONTEXT() REPRESENTATION_CONTEXT('2D SPACE',''
  ) );
#7689 = PCURVE('',#7690,#7695);
#7690 = PLANE('',#7691);
#7691 = AXIS2_PLACEMENT_3D('',#7692,#7693,#7694);
#7692 = CARTESIAN_POINT('',(-555.15,-40.,3.72E+03));
#7693 = DIRECTION('',(0.917459416305,-0.397829384829,0.));
#7694 = DIRECTION('',(0.397829384829,0.917459416305,0.));
#7695 = DEFINITIONAL_REPRESENTATION('',(#7696),#7700);
#7696 = CIRCLE('',#7697,3.);
#7697 = AXIS2_PLACEMENT_2D('',#7698,#7699);
#7698 = CARTESIAN_POINT('',(0.,0.));
#7699 = DIRECTION('',(1.,0.));
#7700 = ( GEOMETRIC_REPRESENTATION_CONTEXT(2) 
PARAMETRIC_REPRESENTATION_CONTEXT() REPRESENTATION_CONTEXT('2D SPACE',''
  ) );
#7701 = ORIENTED_EDGE('',*,*,#7702,.T.);
#7702 = EDGE_CURVE('',#7568,#7703,#7705,.T.);
#7703 = VERTEX_POINT('',#7704);
#7704 = CARTESIAN_POINT('',(-496.527567972,-62.14999999964,3.72E+03));
#7705 = SEAM_CURVE('',#7706,(#7710,#7717),.PCURVE_S1.);
#7706 = LINE('',#7707,#7708);
#7707 = CARTESIAN_POINT('',(-553.9565118455,-37.24762175108,3.72E+03));
#7708 = VECTOR('',#7709,1.);
#7709 = DIRECTION('',(0.917459416305,-0.397829384829,0.));
#7710 = PCURVE('',#7597,#7711);
#7711 = DEFINITIONAL_REPRESENTATION('',(#7712),#7716);
#7712 = LINE('',#7713,#7714);
#7713 = CARTESIAN_POINT('',(0.,-0.));
#7714 = VECTOR('',#7715,1.);
#7715 = DIRECTION('',(0.,1.));
#7716 = ( GEOMETRIC_REPRESENTATION_CONTEXT(2) 
PARAMETRIC_REPRESENTATION_CONTEXT() REPRESENTATION_CONTEXT('2D SPACE',''
  ) );
#7717 = PCURVE('',#7597,#7718);
#7718 = DEFINITIONAL_REPRESENTATION('',(#7719),#7723);
#7719 = LINE('',#7720,#7721);
#7720 = CARTESIAN_POINT('',(6.28318530718,-0.));
#7721 = VECTOR('',#7722,1.);
#7722 = DIRECTION('',(0.,1.));
#7723 = ( GEOMETRIC_REPRESENTATION_CONTEXT(2) 
PARAMETRIC_REPRESENTATION_CONTEXT() REPRESENTATION_CONTEXT('2D SPACE',''
  ) );
#7724 = ORIENTED_EDGE('',*,*,#7725,.F.);
#7725 = EDGE_CURVE('',#7726,#7703,#7728,.T.);
#7726 = VERTEX_POINT('',#7727);
#7727 = CARTESIAN_POINT('',(-497.15,-65.15,3.717E+03));
#7728 = SURFACE_CURVE('',#7729,(#7734,#7746),.PCURVE_S1.);
#7729 = ELLIPSE('',#7730,3.063889950762,3.);
#7730 = AXIS2_PLACEMENT_3D('',#7731,#7732,#7733);
#7731 = CARTESIAN_POINT('',(-497.15,-65.15,3.72E+03));
#7732 = DIRECTION('',(0.979147439435,-0.203150909049,0.));
#7733 = DIRECTION('',(-0.203150909049,-0.979147439435,0.));
#7734 = PCURVE('',#7597,#7735);
#7735 = DEFINITIONAL_REPRESENTATION('',(#7736),#7745);
#7736 = B_SPLINE_CURVE_WITH_KNOTS('',7,(#7737,#7738,#7739,#7740,#7741,
    #7742,#7743,#7744),.UNSPECIFIED.,.F.,.F.,(8,8),(1.570795844815,
    3.14159265359),.PIECEWISE_BEZIER_KNOTS.);
#7737 = CARTESIAN_POINT('',(4.712388498404,63.218055474135));
#7738 = CARTESIAN_POINT('',(4.936788042515,63.07838201065));
#7739 = CARTESIAN_POINT('',(5.161187586626,62.938709096694));
#7740 = CARTESIAN_POINT('',(5.385587130737,62.810519908206));
#7741 = CARTESIAN_POINT('',(5.609986674847,62.705319074506));
#7742 = CARTESIAN_POINT('',(5.834386218958,62.632190223332));
#7743 = CARTESIAN_POINT('',(6.058785763069,62.595623145411));
#7744 = CARTESIAN_POINT('',(6.28318530718,62.595623145411));
#7745 = ( GEOMETRIC_REPRESENTATION_CONTEXT(2) 
PARAMETRIC_REPRESENTATION_CONTEXT() REPRESENTATION_CONTEXT('2D SPACE',''
  ) );
#7746 = PCURVE('',#7747,#7752);
#7747 = CYLINDRICAL_SURFACE('',#7748,3.);
#7748 = AXIS2_PLACEMENT_3D('',#7749,#7750,#7751);
#7749 = CARTESIAN_POINT('',(-497.15,-65.15,3.72E+03));
#7750 = DIRECTION('',(1.,0.,0.));
#7751 = DIRECTION('',(-0.,0.,1.));
#7752 = DEFINITIONAL_REPRESENTATION('',(#7753),#7762);
#7753 = B_SPLINE_CURVE_WITH_KNOTS('',7,(#7754,#7755,#7756,#7757,#7758,
    #7759,#7760,#7761),.UNSPECIFIED.,.F.,.F.,(8,8),(1.570795844815,
    3.14159265359),.PIECEWISE_BEZIER_KNOTS.);
#7754 = CARTESIAN_POINT('',(3.141592171609,-3.000000106113E-07));
#7755 = CARTESIAN_POINT('',(3.36599171572,0.139673163486));
#7756 = CARTESIAN_POINT('',(3.590391259831,0.279346077438));
#7757 = CARTESIAN_POINT('',(3.814790803942,0.407535265942));
#7758 = CARTESIAN_POINT('',(4.039190348054,0.512736099629));
#7759 = CARTESIAN_POINT('',(4.263589892163,0.585864950805));
#7760 = CARTESIAN_POINT('',(4.487989436274,0.622432028724));
#7761 = CARTESIAN_POINT('',(4.712388980385,0.622432028724));
#7762 = ( GEOMETRIC_REPRESENTATION_CONTEXT(2) 
PARAMETRIC_REPRESENTATION_CONTEXT() REPRESENTATION_CONTEXT('2D SPACE',''
  ) );
#7763 = ORIENTED_EDGE('',*,*,#7764,.F.);
#7764 = EDGE_CURVE('',#7765,#7726,#7767,.T.);
#7765 = VERTEX_POINT('',#7766);
#7766 = CARTESIAN_POINT('',(-497.15,-65.15,3.723E+03));
#7767 = SURFACE_CURVE('',#7768,(#7773,#7780),.PCURVE_S1.);
#7768 = CIRCLE('',#7769,3.);
#7769 = AXIS2_PLACEMENT_3D('',#7770,#7771,#7772);
#7770 = CARTESIAN_POINT('',(-497.15,-65.15,3.72E+03));
#7771 = DIRECTION('',(0.917459416305,-0.397829384829,0.));
#7772 = DIRECTION('',(0.397829384829,0.917459416305,0.));
#7773 = PCURVE('',#7597,#7774);
#7774 = DEFINITIONAL_REPRESENTATION('',(#7775),#7779);
#7775 = LINE('',#7776,#7777);
#7776 = CARTESIAN_POINT('',(0.,63.218055174135));
#7777 = VECTOR('',#7778,1.);
#7778 = DIRECTION('',(1.,0.));
#7779 = ( GEOMETRIC_REPRESENTATION_CONTEXT(2) 
PARAMETRIC_REPRESENTATION_CONTEXT() REPRESENTATION_CONTEXT('2D SPACE',''
  ) );
#7780 = PCURVE('',#7781,#7786);
#7781 = PLANE('',#7782);
#7782 = AXIS2_PLACEMENT_3D('',#7783,#7784,#7785);
#7783 = CARTESIAN_POINT('',(-497.15,-65.15,3.72E+03));
#7784 = DIRECTION('',(0.917459416305,-0.397829384829,0.));
#7785 = DIRECTION('',(0.397829384829,0.917459416305,0.));
#7786 = DEFINITIONAL_REPRESENTATION('',(#7787),#7791);
#7787 = CIRCLE('',#7788,3.);
#7788 = AXIS2_PLACEMENT_2D('',#7789,#7790);
#7789 = CARTESIAN_POINT('',(0.,0.));
#7790 = DIRECTION('',(1.,0.));
#7791 = ( GEOMETRIC_REPRESENTATION_CONTEXT(2) 
PARAMETRIC_REPRESENTATION_CONTEXT() REPRESENTATION_CONTEXT('2D SPACE',''
  ) );
#7792 = ORIENTED_EDGE('',*,*,#7793,.F.);
#7793 = EDGE_CURVE('',#7794,#7765,#7796,.T.);
#7794 = VERTEX_POINT('',#7795);
#7795 = CARTESIAN_POINT('',(-497.1499697811,-65.14985435123,
    3.722999999996E+03));
#7796 = SURFACE_CURVE('',#7797,(#7802,#7812),.PCURVE_S1.);
#7797 = ELLIPSE('',#7798,3.063889950762,3.);
#7798 = AXIS2_PLACEMENT_3D('',#7799,#7800,#7801);
#7799 = CARTESIAN_POINT('',(-497.15,-65.15,3.72E+03));
#7800 = DIRECTION('',(0.979147439435,-0.203150909049,0.));
#7801 = DIRECTION('',(-0.203150909049,-0.979147439435,0.));
#7802 = PCURVE('',#7597,#7803);
#7803 = DEFINITIONAL_REPRESENTATION('',(#7804),#7811);
#7804 = B_SPLINE_CURVE_WITH_KNOTS('',5,(#7805,#7806,#7807,#7808,#7809,
    #7810),.UNSPECIFIED.,.F.,.F.,(6,6),(4.712340430796,4.712388980385),
  .PIECEWISE_BEZIER_KNOTS.);
#7805 = CARTESIAN_POINT('',(1.570747777206,63.218024955316));
#7806 = CARTESIAN_POINT('',(1.570757487124,63.21803099908));
#7807 = CARTESIAN_POINT('',(1.570767197041,63.218037042844));
#7808 = CARTESIAN_POINT('',(1.570776906959,63.218043086608));
#7809 = CARTESIAN_POINT('',(1.570786616877,63.218049130371));
#7810 = CARTESIAN_POINT('',(1.570796326795,63.218055174135));
#7811 = ( GEOMETRIC_REPRESENTATION_CONTEXT(2) 
PARAMETRIC_REPRESENTATION_CONTEXT() REPRESENTATION_CONTEXT('2D SPACE',''
  ) );
#7812 = PCURVE('',#7747,#7813);
#7813 = DEFINITIONAL_REPRESENTATION('',(#7814),#7821);
#7814 = B_SPLINE_CURVE_WITH_KNOTS('',5,(#7815,#7816,#7817,#7818,#7819,
    #7820),.UNSPECIFIED.,.F.,.F.,(6,6),(4.712340430796,4.712388980385),
  .PIECEWISE_BEZIER_KNOTS.);
#7815 = CARTESIAN_POINT('',(6.28313675759,3.02188192336E-05));
#7816 = CARTESIAN_POINT('',(6.283146467508,2.417505538608E-05));
#7817 = CARTESIAN_POINT('',(6.283156177426,1.813129171112E-05));
#7818 = CARTESIAN_POINT('',(6.283165887344,1.208752759076E-05));
#7819 = CARTESIAN_POINT('',(6.283175597262,6.043763854638E-06));
#7820 = CARTESIAN_POINT('',(6.28318530718,0.));
#7821 = ( GEOMETRIC_REPRESENTATION_CONTEXT(2) 
PARAMETRIC_REPRESENTATION_CONTEXT() REPRESENTATION_CONTEXT('2D SPACE',''
  ) );
#7822 = ORIENTED_EDGE('',*,*,#7823,.F.);
#7823 = EDGE_CURVE('',#7703,#7794,#7824,.T.);
#7824 = SURFACE_CURVE('',#7825,(#7830,#7842),.PCURVE_S1.);
#7825 = ELLIPSE('',#7826,3.063889950762,3.);
#7826 = AXIS2_PLACEMENT_3D('',#7827,#7828,#7829);
#7827 = CARTESIAN_POINT('',(-497.15,-65.15,3.72E+03));
#7828 = DIRECTION('',(0.979147439435,-0.203150909049,0.));
#7829 = DIRECTION('',(-0.203150909049,-0.979147439435,0.));
#7830 = PCURVE('',#7597,#7831);
#7831 = DEFINITIONAL_REPRESENTATION('',(#7832),#7841);
#7832 = B_SPLINE_CURVE_WITH_KNOTS('',7,(#7833,#7834,#7835,#7836,#7837,
    #7838,#7839,#7840),.UNSPECIFIED.,.F.,.F.,(8,8),(3.14159265359,
    4.712340430796),.PIECEWISE_BEZIER_KNOTS.);
#7833 = CARTESIAN_POINT('',(0.,62.595623145411));
#7834 = CARTESIAN_POINT('',(0.224392539601,62.595623145411));
#7835 = CARTESIAN_POINT('',(0.448785079202,62.632187940424));
#7836 = CARTESIAN_POINT('',(0.673177618802,62.705312226935));
#7837 = CARTESIAN_POINT('',(0.897570158403,62.810506772672));
#7838 = CARTESIAN_POINT('',(1.121962698004,62.938689090541));
#7839 = CARTESIAN_POINT('',(1.346355237605,63.078355851826));
#7840 = CARTESIAN_POINT('',(1.570747777206,63.218024955316));
#7841 = ( GEOMETRIC_REPRESENTATION_CONTEXT(2) 
PARAMETRIC_REPRESENTATION_CONTEXT() REPRESENTATION_CONTEXT('2D SPACE',''
  ) );
#7842 = PCURVE('',#7747,#7843);
#7843 = DEFINITIONAL_REPRESENTATION('',(#7844),#7853);
#7844 = B_SPLINE_CURVE_WITH_KNOTS('',7,(#7845,#7846,#7847,#7848,#7849,
    #7850,#7851,#7852),.UNSPECIFIED.,.F.,.F.,(8,8),(3.14159265359,
    4.712340430796),.PIECEWISE_BEZIER_KNOTS.);
#7845 = CARTESIAN_POINT('',(4.712388980385,0.622432028724));
#7846 = CARTESIAN_POINT('',(4.936781519986,0.622432028724));
#7847 = CARTESIAN_POINT('',(5.161174059587,0.585867233718));
#7848 = CARTESIAN_POINT('',(5.385566599186,0.512742947151));
#7849 = CARTESIAN_POINT('',(5.60995913879,0.407548401497));
#7850 = CARTESIAN_POINT('',(5.834351678389,0.279366083591));
#7851 = CARTESIAN_POINT('',(6.05874421799,0.139699322309));
#7852 = CARTESIAN_POINT('',(6.28313675759,3.02188192336E-05));
#7853 = ( GEOMETRIC_REPRESENTATION_CONTEXT(2) 
PARAMETRIC_REPRESENTATION_CONTEXT() REPRESENTATION_CONTEXT('2D SPACE',''
  ) );
#7854 = ORIENTED_EDGE('',*,*,#7702,.F.);
#7855 = ORIENTED_EDGE('',*,*,#7567,.T.);
#7856 = ADVANCED_FACE('',(#7857),#7781,.T.);
#7857 = FACE_BOUND('',#7858,.T.);
#7858 = EDGE_LOOP('',(#7859,#7883));
#7859 = ORIENTED_EDGE('',*,*,#7860,.T.);
#7860 = EDGE_CURVE('',#7726,#7765,#7861,.T.);
#7861 = SURFACE_CURVE('',#7862,(#7866,#7872),.PCURVE_S1.);
#7862 = LINE('',#7863,#7864);
#7863 = CARTESIAN_POINT('',(-497.15,-65.15,3.72E+03));
#7864 = VECTOR('',#7865,1.);
#7865 = DIRECTION('',(-0.,0.,1.));
#7866 = PCURVE('',#7781,#7867);
#7867 = DEFINITIONAL_REPRESENTATION('',(#7868),#7871);
#7868 = B_SPLINE_CURVE_WITH_KNOTS('',1,(#7869,#7870),.UNSPECIFIED.,.F.,
  .F.,(2,2),(-3.,3.),.PIECEWISE_BEZIER_KNOTS.);
#7869 = CARTESIAN_POINT('',(0.,-3.));
#7870 = CARTESIAN_POINT('',(0.,3.));
#7871 = ( GEOMETRIC_REPRESENTATION_CONTEXT(2) 
PARAMETRIC_REPRESENTATION_CONTEXT() REPRESENTATION_CONTEXT('2D SPACE',''
  ) );
#7872 = PCURVE('',#7873,#7878);
#7873 = PLANE('',#7874);
#7874 = AXIS2_PLACEMENT_3D('',#7875,#7876,#7877);
#7875 = CARTESIAN_POINT('',(-497.15,-65.15,3.72E+03));
#7876 = DIRECTION('',(1.,0.,0.));
#7877 = DIRECTION('',(-0.,0.,1.));
#7878 = DEFINITIONAL_REPRESENTATION('',(#7879),#7882);
#7879 = B_SPLINE_CURVE_WITH_KNOTS('',1,(#7880,#7881),.UNSPECIFIED.,.F.,
  .F.,(2,2),(-3.,3.),.PIECEWISE_BEZIER_KNOTS.);
#7880 = CARTESIAN_POINT('',(-3.,0.));
#7881 = CARTESIAN_POINT('',(3.,0.));
#7882 = ( GEOMETRIC_REPRESENTATION_CONTEXT(2) 
PARAMETRIC_REPRESENTATION_CONTEXT() REPRESENTATION_CONTEXT('2D SPACE',''
  ) );
#7883 = ORIENTED_EDGE('',*,*,#7764,.T.);
#7884 = ADVANCED_FACE('',(#7885),#7873,.F.);
#7885 = FACE_BOUND('',#7886,.F.);
#7886 = EDGE_LOOP('',(#7887,#7888));
#7887 = ORIENTED_EDGE('',*,*,#7860,.T.);
#7888 = ORIENTED_EDGE('',*,*,#7889,.T.);
#7889 = EDGE_CURVE('',#7765,#7726,#7890,.T.);
#7890 = SURFACE_CURVE('',#7891,(#7896,#7903),.PCURVE_S1.);
#7891 = CIRCLE('',#7892,3.);
#7892 = AXIS2_PLACEMENT_3D('',#7893,#7894,#7895);
#7893 = CARTESIAN_POINT('',(-497.15,-65.15,3.72E+03));
#7894 = DIRECTION('',(1.,0.,0.));
#7895 = DIRECTION('',(-0.,0.,1.));
#7896 = PCURVE('',#7873,#7897);
#7897 = DEFINITIONAL_REPRESENTATION('',(#7898),#7902);
#7898 = CIRCLE('',#7899,3.);
#7899 = AXIS2_PLACEMENT_2D('',#7900,#7901);
#7900 = CARTESIAN_POINT('',(0.,0.));
#7901 = DIRECTION('',(1.,0.));
#7902 = ( GEOMETRIC_REPRESENTATION_CONTEXT(2) 
PARAMETRIC_REPRESENTATION_CONTEXT() REPRESENTATION_CONTEXT('2D SPACE',''
  ) );
#7903 = PCURVE('',#7747,#7904);
#7904 = DEFINITIONAL_REPRESENTATION('',(#7905),#7909);
#7905 = LINE('',#7906,#7907);
#7906 = CARTESIAN_POINT('',(0.,0.));
#7907 = VECTOR('',#7908,1.);
#7908 = DIRECTION('',(1.,0.));
#7909 = ( GEOMETRIC_REPRESENTATION_CONTEXT(2) 
PARAMETRIC_REPRESENTATION_CONTEXT() REPRESENTATION_CONTEXT('2D SPACE',''
  ) );
#7910 = ADVANCED_FACE('',(#7911),#7747,.T.);
#7911 = FACE_BOUND('',#7912,.T.);
#7912 = EDGE_LOOP('',(#7913,#7914,#7937,#7978,#8007,#8041,#8042,#8043,
    #8044));
#7913 = ORIENTED_EDGE('',*,*,#7793,.T.);
#7914 = ORIENTED_EDGE('',*,*,#7915,.T.);
#7915 = EDGE_CURVE('',#7765,#7916,#7918,.T.);
#7916 = VERTEX_POINT('',#7917);
#7917 = CARTESIAN_POINT('',(-453.,-65.15,3.723E+03));
#7918 = SEAM_CURVE('',#7919,(#7923,#7930),.PCURVE_S1.);
#7919 = LINE('',#7920,#7921);
#7920 = CARTESIAN_POINT('',(-497.15,-65.15,3.723E+03));
#7921 = VECTOR('',#7922,1.);
#7922 = DIRECTION('',(1.,0.,0.));
#7923 = PCURVE('',#7747,#7924);
#7924 = DEFINITIONAL_REPRESENTATION('',(#7925),#7929);
#7925 = LINE('',#7926,#7927);
#7926 = CARTESIAN_POINT('',(0.,-0.));
#7927 = VECTOR('',#7928,1.);
#7928 = DIRECTION('',(0.,1.));
#7929 = ( GEOMETRIC_REPRESENTATION_CONTEXT(2) 
PARAMETRIC_REPRESENTATION_CONTEXT() REPRESENTATION_CONTEXT('2D SPACE',''
  ) );
#7930 = PCURVE('',#7747,#7931);
#7931 = DEFINITIONAL_REPRESENTATION('',(#7932),#7936);
#7932 = LINE('',#7933,#7934);
#7933 = CARTESIAN_POINT('',(6.28318530718,-0.));
#7934 = VECTOR('',#7935,1.);
#7935 = DIRECTION('',(0.,1.));
#7936 = ( GEOMETRIC_REPRESENTATION_CONTEXT(2) 
PARAMETRIC_REPRESENTATION_CONTEXT() REPRESENTATION_CONTEXT('2D SPACE',''
  ) );
#7937 = ORIENTED_EDGE('',*,*,#7938,.F.);
#7938 = EDGE_CURVE('',#7939,#7916,#7941,.T.);
#7939 = VERTEX_POINT('',#7940);
#7940 = CARTESIAN_POINT('',(-450.,-62.15,3.72E+03));
#7941 = SURFACE_CURVE('',#7942,(#7947,#7960),.PCURVE_S1.);
#7942 = ELLIPSE('',#7943,4.242640687119,3.);
#7943 = AXIS2_PLACEMENT_3D('',#7944,#7945,#7946);
#7944 = CARTESIAN_POINT('',(-450.,-65.15,3.72E+03));
#7945 = DIRECTION('',(0.707106781187,0.,0.707106781187));
#7946 = DIRECTION('',(0.707106781187,0.,-0.707106781187));
#7947 = PCURVE('',#7747,#7948);
#7948 = DEFINITIONAL_REPRESENTATION('',(#7949),#7959);
#7949 = B_SPLINE_CURVE_WITH_KNOTS('',8,(#7950,#7951,#7952,#7953,#7954,
    #7955,#7956,#7957,#7958),.UNSPECIFIED.,.F.,.F.,(9,9),(1.570796226795
    ,3.14159265359),.PIECEWISE_BEZIER_KNOTS.);
#7950 = CARTESIAN_POINT('',(4.712388880385,47.1500003));
#7951 = CARTESIAN_POINT('',(4.908738433734,46.560951639952));
#7952 = CARTESIAN_POINT('',(5.105087987085,45.971902826823));
#7953 = CARTESIAN_POINT('',(5.30143754043,45.417460370692));
#7954 = CARTESIAN_POINT('',(5.497787093791,44.932223846408));
#7955 = CARTESIAN_POINT('',(5.694136647128,44.546545911377));
#7956 = CARTESIAN_POINT('',(5.890486200482,44.282182344774));
#7957 = CARTESIAN_POINT('',(6.08683575383,44.15));
#7958 = CARTESIAN_POINT('',(6.28318530718,44.15));
#7959 = ( GEOMETRIC_REPRESENTATION_CONTEXT(2) 
PARAMETRIC_REPRESENTATION_CONTEXT() REPRESENTATION_CONTEXT('2D SPACE',''
  ) );
#7960 = PCURVE('',#7961,#7966);
#7961 = CYLINDRICAL_SURFACE('',#7962,3.);
#7962 = AXIS2_PLACEMENT_3D('',#7963,#7964,#7965);
#7963 = CARTESIAN_POINT('',(-450.,-65.15,3.72E+03));
#7964 = DIRECTION('',(0.,0.,1.));
#7965 = DIRECTION('',(1.,0.,-0.));
#7966 = DEFINITIONAL_REPRESENTATION('',(#7967),#7977);
#7967 = B_SPLINE_CURVE_WITH_KNOTS('',8,(#7968,#7969,#7970,#7971,#7972,
    #7973,#7974,#7975,#7976),.UNSPECIFIED.,.F.,.F.,(9,9),(1.570796226795
    ,3.14159265359),.PIECEWISE_BEZIER_KNOTS.);
#7968 = CARTESIAN_POINT('',(1.570796226795,-3.000000106113E-07));
#7969 = CARTESIAN_POINT('',(1.767145780144,0.589048360048));
#7970 = CARTESIAN_POINT('',(1.963495333493,1.17809717317));
#7971 = CARTESIAN_POINT('',(2.159844886841,1.732539629187));
#7972 = CARTESIAN_POINT('',(2.356194440188,2.217776153506));
#7973 = CARTESIAN_POINT('',(2.552543993543,2.60345408854));
#7974 = CARTESIAN_POINT('',(2.74889354689,2.867817655208));
#7975 = CARTESIAN_POINT('',(2.94524310024,3.));
#7976 = CARTESIAN_POINT('',(3.14159265359,3.));
#7977 = ( GEOMETRIC_REPRESENTATION_CONTEXT(2) 
PARAMETRIC_REPRESENTATION_CONTEXT() REPRESENTATION_CONTEXT('2D SPACE',''
  ) );
#7978 = ORIENTED_EDGE('',*,*,#7979,.F.);
#7979 = EDGE_CURVE('',#7980,#7939,#7982,.T.);
#7980 = VERTEX_POINT('',#7981);
#7981 = CARTESIAN_POINT('',(-450.,-68.15,3.72E+03));
#7982 = SURFACE_CURVE('',#7983,(#7988,#7995),.PCURVE_S1.);
#7983 = CIRCLE('',#7984,3.);
#7984 = AXIS2_PLACEMENT_3D('',#7985,#7986,#7987);
#7985 = CARTESIAN_POINT('',(-450.,-65.15,3.72E+03));
#7986 = DIRECTION('',(1.,0.,0.));
#7987 = DIRECTION('',(-0.,0.,1.));
#7988 = PCURVE('',#7747,#7989);
#7989 = DEFINITIONAL_REPRESENTATION('',(#7990),#7994);
#7990 = LINE('',#7991,#7992);
#7991 = CARTESIAN_POINT('',(0.,47.15));
#7992 = VECTOR('',#7993,1.);
#7993 = DIRECTION('',(1.,0.));
#7994 = ( GEOMETRIC_REPRESENTATION_CONTEXT(2) 
PARAMETRIC_REPRESENTATION_CONTEXT() REPRESENTATION_CONTEXT('2D SPACE',''
  ) );
#7995 = PCURVE('',#7996,#8001);
#7996 = PLANE('',#7997);
#7997 = AXIS2_PLACEMENT_3D('',#7998,#7999,#8000);
#7998 = CARTESIAN_POINT('',(-450.,-65.15,3.72E+03));
#7999 = DIRECTION('',(1.,0.,0.));
#8000 = DIRECTION('',(-0.,0.,1.));
#8001 = DEFINITIONAL_REPRESENTATION('',(#8002),#8006);
#8002 = CIRCLE('',#8003,3.);
#8003 = AXIS2_PLACEMENT_2D('',#8004,#8005);
#8004 = CARTESIAN_POINT('',(0.,0.));
#8005 = DIRECTION('',(1.,0.));
#8006 = ( GEOMETRIC_REPRESENTATION_CONTEXT(2) 
PARAMETRIC_REPRESENTATION_CONTEXT() REPRESENTATION_CONTEXT('2D SPACE',''
  ) );
#8007 = ORIENTED_EDGE('',*,*,#8008,.F.);
#8008 = EDGE_CURVE('',#7916,#7980,#8009,.T.);
#8009 = SURFACE_CURVE('',#8010,(#8015,#8028),.PCURVE_S1.);
#8010 = ELLIPSE('',#8011,4.242640687119,3.);
#8011 = AXIS2_PLACEMENT_3D('',#8012,#8013,#8014);
#8012 = CARTESIAN_POINT('',(-450.,-65.15,3.72E+03));
#8013 = DIRECTION('',(0.707106781187,0.,0.707106781187));
#8014 = DIRECTION('',(0.707106781187,0.,-0.707106781187));
#8015 = PCURVE('',#7747,#8016);
#8016 = DEFINITIONAL_REPRESENTATION('',(#8017),#8027);
#8017 = B_SPLINE_CURVE_WITH_KNOTS('',8,(#8018,#8019,#8020,#8021,#8022,
    #8023,#8024,#8025,#8026),.UNSPECIFIED.,.F.,.F.,(9,9),(3.14159265359,
    4.712389080385),.PIECEWISE_BEZIER_KNOTS.);
#8018 = CARTESIAN_POINT('',(0.,44.15));
#8019 = CARTESIAN_POINT('',(0.196349553349,44.15));
#8020 = CARTESIAN_POINT('',(0.392699106699,44.28218234481));
#8021 = CARTESIAN_POINT('',(0.589048660047,44.546545911202));
#8022 = CARTESIAN_POINT('',(0.785398213397,44.93222384667));
#8023 = CARTESIAN_POINT('',(0.981747766747,45.417460370663));
#8024 = CARTESIAN_POINT('',(1.178097320096,45.971902826837));
#8025 = CARTESIAN_POINT('',(1.374446873446,46.560951639952));
#8026 = CARTESIAN_POINT('',(1.570796426795,47.1500003));
#8027 = ( GEOMETRIC_REPRESENTATION_CONTEXT(2) 
PARAMETRIC_REPRESENTATION_CONTEXT() REPRESENTATION_CONTEXT('2D SPACE',''
  ) );
#8028 = PCURVE('',#7961,#8029);
#8029 = DEFINITIONAL_REPRESENTATION('',(#8030),#8040);
#8030 = B_SPLINE_CURVE_WITH_KNOTS('',8,(#8031,#8032,#8033,#8034,#8035,
    #8036,#8037,#8038,#8039),.UNSPECIFIED.,.F.,.F.,(9,9),(3.14159265359,
    4.712389080385),.PIECEWISE_BEZIER_KNOTS.);
#8031 = CARTESIAN_POINT('',(3.14159265359,3.));
#8032 = CARTESIAN_POINT('',(3.337942206939,3.));
#8033 = CARTESIAN_POINT('',(3.534291760282,2.867817655212));
#8034 = CARTESIAN_POINT('',(3.730641313659,2.603454088513));
#8035 = CARTESIAN_POINT('',(3.926990866941,2.217776153537));
#8036 = CARTESIAN_POINT('',(4.123340420363,1.73253962916));
#8037 = CARTESIAN_POINT('',(4.319689973679,1.178097173174));
#8038 = CARTESIAN_POINT('',(4.516039527035,0.589048360048));
#8039 = CARTESIAN_POINT('',(4.712389080385,-3.000000106113E-07));
#8040 = ( GEOMETRIC_REPRESENTATION_CONTEXT(2) 
PARAMETRIC_REPRESENTATION_CONTEXT() REPRESENTATION_CONTEXT('2D SPACE',''
  ) );
#8041 = ORIENTED_EDGE('',*,*,#7915,.F.);
#8042 = ORIENTED_EDGE('',*,*,#7889,.T.);
#8043 = ORIENTED_EDGE('',*,*,#7725,.T.);
#8044 = ORIENTED_EDGE('',*,*,#7823,.T.);
#8045 = ADVANCED_FACE('',(#8046),#7996,.T.);
#8046 = FACE_BOUND('',#8047,.T.);
#8047 = EDGE_LOOP('',(#8048,#8072));
#8048 = ORIENTED_EDGE('',*,*,#8049,.T.);
#8049 = EDGE_CURVE('',#7939,#7980,#8050,.T.);
#8050 = SURFACE_CURVE('',#8051,(#8055,#8061),.PCURVE_S1.);
#8051 = LINE('',#8052,#8053);
#8052 = CARTESIAN_POINT('',(-450.,-65.15,3.72E+03));
#8053 = VECTOR('',#8054,1.);
#8054 = DIRECTION('',(0.,-1.,0.));
#8055 = PCURVE('',#7996,#8056);
#8056 = DEFINITIONAL_REPRESENTATION('',(#8057),#8060);
#8057 = B_SPLINE_CURVE_WITH_KNOTS('',1,(#8058,#8059),.UNSPECIFIED.,.F.,
  .F.,(2,2),(-3.,3.),.PIECEWISE_BEZIER_KNOTS.);
#8058 = CARTESIAN_POINT('',(0.,-3.));
#8059 = CARTESIAN_POINT('',(0.,3.));
#8060 = ( GEOMETRIC_REPRESENTATION_CONTEXT(2) 
PARAMETRIC_REPRESENTATION_CONTEXT() REPRESENTATION_CONTEXT('2D SPACE',''
  ) );
#8061 = PCURVE('',#8062,#8067);
#8062 = PLANE('',#8063);
#8063 = AXIS2_PLACEMENT_3D('',#8064,#8065,#8066);
#8064 = CARTESIAN_POINT('',(-450.,-65.15,3.72E+03));
#8065 = DIRECTION('',(0.,0.,1.));
#8066 = DIRECTION('',(1.,0.,-0.));
#8067 = DEFINITIONAL_REPRESENTATION('',(#8068),#8071);
#8068 = B_SPLINE_CURVE_WITH_KNOTS('',1,(#8069,#8070),.UNSPECIFIED.,.F.,
  .F.,(2,2),(-3.,3.),.PIECEWISE_BEZIER_KNOTS.);
#8069 = CARTESIAN_POINT('',(0.,3.));
#8070 = CARTESIAN_POINT('',(0.,-3.));
#8071 = ( GEOMETRIC_REPRESENTATION_CONTEXT(2) 
PARAMETRIC_REPRESENTATION_CONTEXT() REPRESENTATION_CONTEXT('2D SPACE',''
  ) );
#8072 = ORIENTED_EDGE('',*,*,#7979,.T.);
#8073 = ADVANCED_FACE('',(#8074),#8062,.F.);
#8074 = FACE_BOUND('',#8075,.F.);
#8075 = EDGE_LOOP('',(#8076,#8100,#8122));
#8076 = ORIENTED_EDGE('',*,*,#8077,.T.);
#8077 = EDGE_CURVE('',#7980,#8078,#8080,.T.);
#8078 = VERTEX_POINT('',#8079);
#8079 = CARTESIAN_POINT('',(-447.,-65.15,3.72E+03));
#8080 = SURFACE_CURVE('',#8081,(#8086,#8093),.PCURVE_S1.);
#8081 = CIRCLE('',#8082,3.);
#8082 = AXIS2_PLACEMENT_3D('',#8083,#8084,#8085);
#8083 = CARTESIAN_POINT('',(-450.,-65.15,3.72E+03));
#8084 = DIRECTION('',(0.,0.,1.));
#8085 = DIRECTION('',(1.,0.,-0.));
#8086 = PCURVE('',#8062,#8087);
#8087 = DEFINITIONAL_REPRESENTATION('',(#8088),#8092);
#8088 = CIRCLE('',#8089,3.);
#8089 = AXIS2_PLACEMENT_2D('',#8090,#8091);
#8090 = CARTESIAN_POINT('',(0.,0.));
#8091 = DIRECTION('',(1.,0.));
#8092 = ( GEOMETRIC_REPRESENTATION_CONTEXT(2) 
PARAMETRIC_REPRESENTATION_CONTEXT() REPRESENTATION_CONTEXT('2D SPACE',''
  ) );
#8093 = PCURVE('',#7961,#8094);
#8094 = DEFINITIONAL_REPRESENTATION('',(#8095),#8099);
#8095 = LINE('',#8096,#8097);
#8096 = CARTESIAN_POINT('',(0.,0.));
#8097 = VECTOR('',#8098,1.);
#8098 = DIRECTION('',(1.,0.));
#8099 = ( GEOMETRIC_REPRESENTATION_CONTEXT(2) 
PARAMETRIC_REPRESENTATION_CONTEXT() REPRESENTATION_CONTEXT('2D SPACE',''
  ) );
#8100 = ORIENTED_EDGE('',*,*,#8101,.T.);
#8101 = EDGE_CURVE('',#8078,#7939,#8102,.T.);
#8102 = SURFACE_CURVE('',#8103,(#8108,#8115),.PCURVE_S1.);
#8103 = CIRCLE('',#8104,3.);
#8104 = AXIS2_PLACEMENT_3D('',#8105,#8106,#8107);
#8105 = CARTESIAN_POINT('',(-450.,-65.15,3.72E+03));
#8106 = DIRECTION('',(0.,0.,1.));
#8107 = DIRECTION('',(1.,0.,-0.));
#8108 = PCURVE('',#8062,#8109);
#8109 = DEFINITIONAL_REPRESENTATION('',(#8110),#8114);
#8110 = CIRCLE('',#8111,3.);
#8111 = AXIS2_PLACEMENT_2D('',#8112,#8113);
#8112 = CARTESIAN_POINT('',(0.,0.));
#8113 = DIRECTION('',(1.,0.));
#8114 = ( GEOMETRIC_REPRESENTATION_CONTEXT(2) 
PARAMETRIC_REPRESENTATION_CONTEXT() REPRESENTATION_CONTEXT('2D SPACE',''
  ) );
#8115 = PCURVE('',#7961,#8116);
#8116 = DEFINITIONAL_REPRESENTATION('',(#8117),#8121);
#8117 = LINE('',#8118,#8119);
#8118 = CARTESIAN_POINT('',(0.,0.));
#8119 = VECTOR('',#8120,1.);
#8120 = DIRECTION('',(1.,0.));
#8121 = ( GEOMETRIC_REPRESENTATION_CONTEXT(2) 
PARAMETRIC_REPRESENTATION_CONTEXT() REPRESENTATION_CONTEXT('2D SPACE',''
  ) );
#8122 = ORIENTED_EDGE('',*,*,#8049,.T.);
#8123 = ADVANCED_FACE('',(#8124),#7961,.T.);
#8124 = FACE_BOUND('',#8125,.T.);
#8125 = EDGE_LOOP('',(#8126,#8127,#8150,#8189,#8218,#8252,#8253,#8254,
    #8255));
#8126 = ORIENTED_EDGE('',*,*,#8077,.T.);
#8127 = ORIENTED_EDGE('',*,*,#8128,.T.);
#8128 = EDGE_CURVE('',#8078,#8129,#8131,.T.);
#8129 = VERTEX_POINT('',#8130);
#8130 = CARTESIAN_POINT('',(-447.,-65.15,4.361269992277E+03));
#8131 = SEAM_CURVE('',#8132,(#8136,#8143),.PCURVE_S1.);
#8132 = LINE('',#8133,#8134);
#8133 = CARTESIAN_POINT('',(-447.,-65.15,3.72E+03));
#8134 = VECTOR('',#8135,1.);
#8135 = DIRECTION('',(0.,0.,1.));
#8136 = PCURVE('',#7961,#8137);
#8137 = DEFINITIONAL_REPRESENTATION('',(#8138),#8142);
#8138 = LINE('',#8139,#8140);
#8139 = CARTESIAN_POINT('',(0.,-0.));
#8140 = VECTOR('',#8141,1.);
#8141 = DIRECTION('',(0.,1.));
#8142 = ( GEOMETRIC_REPRESENTATION_CONTEXT(2) 
PARAMETRIC_REPRESENTATION_CONTEXT() REPRESENTATION_CONTEXT('2D SPACE',''
  ) );
#8143 = PCURVE('',#7961,#8144);
#8144 = DEFINITIONAL_REPRESENTATION('',(#8145),#8149);
#8145 = LINE('',#8146,#8147);
#8146 = CARTESIAN_POINT('',(6.28318530718,-0.));
#8147 = VECTOR('',#8148,1.);
#8148 = DIRECTION('',(0.,1.));
#8149 = ( GEOMETRIC_REPRESENTATION_CONTEXT(2) 
PARAMETRIC_REPRESENTATION_CONTEXT() REPRESENTATION_CONTEXT('2D SPACE',''
  ) );
#8150 = ORIENTED_EDGE('',*,*,#8151,.F.);
#8151 = EDGE_CURVE('',#8152,#8129,#8154,.T.);
#8152 = VERTEX_POINT('',#8153);
#8153 = CARTESIAN_POINT('',(-448.756192204,-67.88000772283,4.364E+03));
#8154 = SURFACE_CURVE('',#8155,(#8160,#8172),.PCURVE_S1.);
#8155 = ELLIPSE('',#8156,4.242640687119,3.);
#8156 = AXIS2_PLACEMENT_3D('',#8157,#8158,#8159);
#8157 = CARTESIAN_POINT('',(-450.,-65.15,4.364E+03));
#8158 = DIRECTION('',(0.643468991169,0.293168309003,0.707106781187));
#8159 = DIRECTION('',(-0.643468991169,-0.293168309003,0.707106781187));
#8160 = PCURVE('',#7961,#8161);
#8161 = DEFINITIONAL_REPRESENTATION('',(#8162),#8171);
#8162 = B_SPLINE_CURVE_WITH_KNOTS('',7,(#8163,#8164,#8165,#8166,#8167,
    #8168,#8169,#8170),.UNSPECIFIED.,.F.,.F.,(8,8),(1.570796203884,
    2.714086597672),.PIECEWISE_BEZIER_KNOTS.);
#8163 = CARTESIAN_POINT('',(5.139894913436,644.00000036873));
#8164 = CARTESIAN_POINT('',(5.303222112548,643.51001877139));
#8165 = CARTESIAN_POINT('',(5.466549311661,643.02003732768));
#8166 = CARTESIAN_POINT('',(5.629876510773,642.55140343564));
#8167 = CARTESIAN_POINT('',(5.793203709886,642.12547071167));
#8168 = CARTESIAN_POINT('',(5.956530908998,641.76125033386));
#8169 = CARTESIAN_POINT('',(6.119858108111,641.47313992063));
#8170 = CARTESIAN_POINT('',(6.283185307224,641.26999227711));
#8171 = ( GEOMETRIC_REPRESENTATION_CONTEXT(2) 
PARAMETRIC_REPRESENTATION_CONTEXT() REPRESENTATION_CONTEXT('2D SPACE',''
  ) );
#8172 = PCURVE('',#8173,#8178);
#8173 = CYLINDRICAL_SURFACE('',#8174,3.);
#8174 = AXIS2_PLACEMENT_3D('',#8175,#8176,#8177);
#8175 = CARTESIAN_POINT('',(-450.,-65.15,4.364E+03));
#8176 = DIRECTION('',(0.910002574278,0.41460259865,0.));
#8177 = DIRECTION('',(-0.41460259865,0.910002574278,0.));
#8178 = DEFINITIONAL_REPRESENTATION('',(#8179),#8188);
#8179 = B_SPLINE_CURVE_WITH_KNOTS('',7,(#8180,#8181,#8182,#8183,#8184,
    #8185,#8186,#8187),.UNSPECIFIED.,.F.,.F.,(8,8),(1.570796203884,
    2.714086597672),.PIECEWISE_BEZIER_KNOTS.);
#8180 = CARTESIAN_POINT('',(3.141592530679,-3.687337084557E-07));
#8181 = CARTESIAN_POINT('',(3.304919729791,0.489981228604));
#8182 = CARTESIAN_POINT('',(3.468246928902,0.979962672235));
#8183 = CARTESIAN_POINT('',(3.631574128019,1.44859656463));
#8184 = CARTESIAN_POINT('',(3.794901327126,1.874529288393));
#8185 = CARTESIAN_POINT('',(3.958228526242,2.238749666215));
#8186 = CARTESIAN_POINT('',(4.121555725354,2.526860079361));
#8187 = CARTESIAN_POINT('',(4.284882924466,2.730007722888));
#8188 = ( GEOMETRIC_REPRESENTATION_CONTEXT(2) 
PARAMETRIC_REPRESENTATION_CONTEXT() REPRESENTATION_CONTEXT('2D SPACE',''
  ) );
#8189 = ORIENTED_EDGE('',*,*,#8190,.F.);
#8190 = EDGE_CURVE('',#8191,#8152,#8193,.T.);
#8191 = VERTEX_POINT('',#8192);
#8192 = CARTESIAN_POINT('',(-451.2438077959,-62.41999227716,4.364E+03));
#8193 = SURFACE_CURVE('',#8194,(#8199,#8206),.PCURVE_S1.);
#8194 = CIRCLE('',#8195,3.);
#8195 = AXIS2_PLACEMENT_3D('',#8196,#8197,#8198);
#8196 = CARTESIAN_POINT('',(-450.,-65.15,4.364E+03));
#8197 = DIRECTION('',(0.,0.,1.));
#8198 = DIRECTION('',(1.,0.,-0.));
#8199 = PCURVE('',#7961,#8200);
#8200 = DEFINITIONAL_REPRESENTATION('',(#8201),#8205);
#8201 = LINE('',#8202,#8203);
#8202 = CARTESIAN_POINT('',(0.,644.));
#8203 = VECTOR('',#8204,1.);
#8204 = DIRECTION('',(1.,0.));
#8205 = ( GEOMETRIC_REPRESENTATION_CONTEXT(2) 
PARAMETRIC_REPRESENTATION_CONTEXT() REPRESENTATION_CONTEXT('2D SPACE',''
  ) );
#8206 = PCURVE('',#8207,#8212);
#8207 = PLANE('',#8208);
#8208 = AXIS2_PLACEMENT_3D('',#8209,#8210,#8211);
#8209 = CARTESIAN_POINT('',(-450.,-65.15,4.364E+03));
#8210 = DIRECTION('',(0.,0.,1.));
#8211 = DIRECTION('',(1.,0.,-0.));
#8212 = DEFINITIONAL_REPRESENTATION('',(#8213),#8217);
#8213 = CIRCLE('',#8214,3.);
#8214 = AXIS2_PLACEMENT_2D('',#8215,#8216);
#8215 = CARTESIAN_POINT('',(0.,0.));
#8216 = DIRECTION('',(1.,0.));
#8217 = ( GEOMETRIC_REPRESENTATION_CONTEXT(2) 
PARAMETRIC_REPRESENTATION_CONTEXT() REPRESENTATION_CONTEXT('2D SPACE',''
  ) );
#8218 = ORIENTED_EDGE('',*,*,#8219,.F.);
#8219 = EDGE_CURVE('',#8129,#8191,#8220,.T.);
#8220 = SURFACE_CURVE('',#8221,(#8226,#8239),.PCURVE_S1.);
#8221 = ELLIPSE('',#8222,4.242640687119,3.);
#8222 = AXIS2_PLACEMENT_3D('',#8223,#8224,#8225);
#8223 = CARTESIAN_POINT('',(-450.,-65.15,4.364E+03));
#8224 = DIRECTION('',(0.643468991169,0.293168309003,0.707106781187));
#8225 = DIRECTION('',(-0.643468991169,-0.293168309003,0.707106781187));
#8226 = PCURVE('',#7961,#8227);
#8227 = DEFINITIONAL_REPRESENTATION('',(#8228),#8238);
#8228 = B_SPLINE_CURVE_WITH_KNOTS('',8,(#8229,#8230,#8231,#8232,#8233,
    #8234,#8235,#8236,#8237),.UNSPECIFIED.,.F.,.F.,(9,9),(2.714086597672
    ,4.712388980385),.PIECEWISE_BEZIER_KNOTS.);
#8229 = CARTESIAN_POINT('',(4.393048887626E-11,641.26999227711));
#8230 = CARTESIAN_POINT('',(0.249787797883,640.95930426685));
#8231 = CARTESIAN_POINT('',(0.499575595722,640.84328669938));
#8232 = CARTESIAN_POINT('',(0.749363393561,640.95147182443));
#8233 = CARTESIAN_POINT('',(0.999151191397,641.28751467121));
#8234 = CARTESIAN_POINT('',(1.248938989242,641.82316273776));
#8235 = CARTESIAN_POINT('',(1.498726787078,642.50127224635));
#8236 = CARTESIAN_POINT('',(1.748514584918,643.25063660648));
#8237 = CARTESIAN_POINT('',(1.998302382757,644.));
#8238 = ( GEOMETRIC_REPRESENTATION_CONTEXT(2) 
PARAMETRIC_REPRESENTATION_CONTEXT() REPRESENTATION_CONTEXT('2D SPACE',''
  ) );
#8239 = PCURVE('',#8173,#8240);
#8240 = DEFINITIONAL_REPRESENTATION('',(#8241),#8251);
#8241 = B_SPLINE_CURVE_WITH_KNOTS('',8,(#8242,#8243,#8244,#8245,#8246,
    #8247,#8248,#8249,#8250),.UNSPECIFIED.,.F.,.F.,(9,9),(2.714086597672
    ,4.712388980385),.PIECEWISE_BEZIER_KNOTS.);
#8242 = CARTESIAN_POINT('',(4.284882924466,2.730007722888));
#8243 = CARTESIAN_POINT('',(4.534670722306,3.040695733144));
#8244 = CARTESIAN_POINT('',(4.784458520146,3.15671330006));
#8245 = CARTESIAN_POINT('',(5.034246317977,3.04852817525));
#8246 = CARTESIAN_POINT('',(5.284034115832,2.712485324608));
#8247 = CARTESIAN_POINT('',(5.533821913659,2.176837262414));
#8248 = CARTESIAN_POINT('',(5.783609711503,1.498727753424));
#8249 = CARTESIAN_POINT('',(6.03339750934,0.749363393517));
#8250 = CARTESIAN_POINT('',(6.28318530718,0.));
#8251 = ( GEOMETRIC_REPRESENTATION_CONTEXT(2) 
PARAMETRIC_REPRESENTATION_CONTEXT() REPRESENTATION_CONTEXT('2D SPACE',''
  ) );
#8252 = ORIENTED_EDGE('',*,*,#8128,.F.);
#8253 = ORIENTED_EDGE('',*,*,#8101,.T.);
#8254 = ORIENTED_EDGE('',*,*,#7938,.T.);
#8255 = ORIENTED_EDGE('',*,*,#8008,.T.);
#8256 = ADVANCED_FACE('',(#8257),#8207,.T.);
#8257 = FACE_BOUND('',#8258,.T.);
#8258 = EDGE_LOOP('',(#8259,#8283));
#8259 = ORIENTED_EDGE('',*,*,#8260,.T.);
#8260 = EDGE_CURVE('',#8152,#8191,#8261,.T.);
#8261 = SURFACE_CURVE('',#8262,(#8266,#8272),.PCURVE_S1.);
#8262 = LINE('',#8263,#8264);
#8263 = CARTESIAN_POINT('',(-450.,-65.15,4.364E+03));
#8264 = VECTOR('',#8265,1.);
#8265 = DIRECTION('',(-0.41460259865,0.910002574278,0.));
#8266 = PCURVE('',#8207,#8267);
#8267 = DEFINITIONAL_REPRESENTATION('',(#8268),#8271);
#8268 = B_SPLINE_CURVE_WITH_KNOTS('',1,(#8269,#8270),.UNSPECIFIED.,.F.,
  .F.,(2,2),(-3.,3.),.PIECEWISE_BEZIER_KNOTS.);
#8269 = CARTESIAN_POINT('',(1.243807795951,-2.730007722834));
#8270 = CARTESIAN_POINT('',(-1.243807795951,2.730007722834));
#8271 = ( GEOMETRIC_REPRESENTATION_CONTEXT(2) 
PARAMETRIC_REPRESENTATION_CONTEXT() REPRESENTATION_CONTEXT('2D SPACE',''
  ) );
#8272 = PCURVE('',#8273,#8278);
#8273 = PLANE('',#8274);
#8274 = AXIS2_PLACEMENT_3D('',#8275,#8276,#8277);
#8275 = CARTESIAN_POINT('',(-450.,-65.15,4.364E+03));
#8276 = DIRECTION('',(0.910002574278,0.41460259865,0.));
#8277 = DIRECTION('',(-0.41460259865,0.910002574278,0.));
#8278 = DEFINITIONAL_REPRESENTATION('',(#8279),#8282);
#8279 = B_SPLINE_CURVE_WITH_KNOTS('',1,(#8280,#8281),.UNSPECIFIED.,.F.,
  .F.,(2,2),(-3.,3.),.PIECEWISE_BEZIER_KNOTS.);
#8280 = CARTESIAN_POINT('',(-3.,0.));
#8281 = CARTESIAN_POINT('',(3.,0.));
#8282 = ( GEOMETRIC_REPRESENTATION_CONTEXT(2) 
PARAMETRIC_REPRESENTATION_CONTEXT() REPRESENTATION_CONTEXT('2D SPACE',''
  ) );
#8283 = ORIENTED_EDGE('',*,*,#8190,.T.);
#8284 = ADVANCED_FACE('',(#8285),#8273,.F.);
#8285 = FACE_BOUND('',#8286,.F.);
#8286 = EDGE_LOOP('',(#8287,#8288));
#8287 = ORIENTED_EDGE('',*,*,#8260,.T.);
#8288 = ORIENTED_EDGE('',*,*,#8289,.T.);
#8289 = EDGE_CURVE('',#8191,#8152,#8290,.T.);
#8290 = SURFACE_CURVE('',#8291,(#8296,#8303),.PCURVE_S1.);
#8291 = CIRCLE('',#8292,3.);
#8292 = AXIS2_PLACEMENT_3D('',#8293,#8294,#8295);
#8293 = CARTESIAN_POINT('',(-450.,-65.15,4.364E+03));
#8294 = DIRECTION('',(0.910002574278,0.41460259865,0.));
#8295 = DIRECTION('',(-0.41460259865,0.910002574278,0.));
#8296 = PCURVE('',#8273,#8297);
#8297 = DEFINITIONAL_REPRESENTATION('',(#8298),#8302);
#8298 = CIRCLE('',#8299,3.);
#8299 = AXIS2_PLACEMENT_2D('',#8300,#8301);
#8300 = CARTESIAN_POINT('',(0.,0.));
#8301 = DIRECTION('',(1.,0.));
#8302 = ( GEOMETRIC_REPRESENTATION_CONTEXT(2) 
PARAMETRIC_REPRESENTATION_CONTEXT() REPRESENTATION_CONTEXT('2D SPACE',''
  ) );
#8303 = PCURVE('',#8173,#8304);
#8304 = DEFINITIONAL_REPRESENTATION('',(#8305),#8309);
#8305 = LINE('',#8306,#8307);
#8306 = CARTESIAN_POINT('',(0.,0.));
#8307 = VECTOR('',#8308,1.);
#8308 = DIRECTION('',(1.,0.));
#8309 = ( GEOMETRIC_REPRESENTATION_CONTEXT(2) 
PARAMETRIC_REPRESENTATION_CONTEXT() REPRESENTATION_CONTEXT('2D SPACE',''
  ) );
#8310 = ADVANCED_FACE('',(#8311),#8173,.T.);
#8311 = FACE_BOUND('',#8312,.T.);
#8312 = EDGE_LOOP('',(#8313,#8344,#8365,#8366,#8367,#8368,#8369,#8393));
#8313 = ORIENTED_EDGE('',*,*,#8314,.F.);
#8314 = EDGE_CURVE('',#8315,#8317,#8319,.T.);
#8315 = VERTEX_POINT('',#8316);
#8316 = CARTESIAN_POINT('',(-374.0938077959,-27.26999227716,4.364E+03));
#8317 = VERTEX_POINT('',#8318);
#8318 = CARTESIAN_POINT('',(-372.85,-30.,4.367E+03));
#8319 = SURFACE_CURVE('',#8320,(#8325,#8332),.PCURVE_S1.);
#8320 = CIRCLE('',#8321,3.);
#8321 = AXIS2_PLACEMENT_3D('',#8322,#8323,#8324);
#8322 = CARTESIAN_POINT('',(-372.85,-30.,4.364E+03));
#8323 = DIRECTION('',(0.910002574278,0.41460259865,0.));
#8324 = DIRECTION('',(-0.41460259865,0.910002574278,0.));
#8325 = PCURVE('',#8173,#8326);
#8326 = DEFINITIONAL_REPRESENTATION('',(#8327),#8331);
#8327 = LINE('',#8328,#8329);
#8328 = CARTESIAN_POINT('',(0.,84.779979948099));
#8329 = VECTOR('',#8330,1.);
#8330 = DIRECTION('',(1.,0.));
#8331 = ( GEOMETRIC_REPRESENTATION_CONTEXT(2) 
PARAMETRIC_REPRESENTATION_CONTEXT() REPRESENTATION_CONTEXT('2D SPACE',''
  ) );
#8332 = PCURVE('',#8333,#8338);
#8333 = PLANE('',#8334);
#8334 = AXIS2_PLACEMENT_3D('',#8335,#8336,#8337);
#8335 = CARTESIAN_POINT('',(-372.85,-30.,4.364E+03));
#8336 = DIRECTION('',(0.910002574278,0.41460259865,0.));
#8337 = DIRECTION('',(-0.41460259865,0.910002574278,0.));
#8338 = DEFINITIONAL_REPRESENTATION('',(#8339),#8343);
#8339 = CIRCLE('',#8340,3.);
#8340 = AXIS2_PLACEMENT_2D('',#8341,#8342);
#8341 = CARTESIAN_POINT('',(0.,0.));
#8342 = DIRECTION('',(1.,0.));
#8343 = ( GEOMETRIC_REPRESENTATION_CONTEXT(2) 
PARAMETRIC_REPRESENTATION_CONTEXT() REPRESENTATION_CONTEXT('2D SPACE',''
  ) );
#8344 = ORIENTED_EDGE('',*,*,#8345,.F.);
#8345 = EDGE_CURVE('',#8191,#8315,#8346,.T.);
#8346 = SEAM_CURVE('',#8347,(#8351,#8358),.PCURVE_S1.);
#8347 = LINE('',#8348,#8349);
#8348 = CARTESIAN_POINT('',(-451.2438077959,-62.41999227716,4.364E+03));
#8349 = VECTOR('',#8350,1.);
#8350 = DIRECTION('',(0.910002574278,0.41460259865,0.));
#8351 = PCURVE('',#8173,#8352);
#8352 = DEFINITIONAL_REPRESENTATION('',(#8353),#8357);
#8353 = LINE('',#8354,#8355);
#8354 = CARTESIAN_POINT('',(6.28318530718,-0.));
#8355 = VECTOR('',#8356,1.);
#8356 = DIRECTION('',(0.,1.));
#8357 = ( GEOMETRIC_REPRESENTATION_CONTEXT(2) 
PARAMETRIC_REPRESENTATION_CONTEXT() REPRESENTATION_CONTEXT('2D SPACE',''
  ) );
#8358 = PCURVE('',#8173,#8359);
#8359 = DEFINITIONAL_REPRESENTATION('',(#8360),#8364);
#8360 = LINE('',#8361,#8362);
#8361 = CARTESIAN_POINT('',(0.,-0.));
#8362 = VECTOR('',#8363,1.);
#8363 = DIRECTION('',(0.,1.));
#8364 = ( GEOMETRIC_REPRESENTATION_CONTEXT(2) 
PARAMETRIC_REPRESENTATION_CONTEXT() REPRESENTATION_CONTEXT('2D SPACE',''
  ) );
#8365 = ORIENTED_EDGE('',*,*,#8289,.T.);
#8366 = ORIENTED_EDGE('',*,*,#8151,.T.);
#8367 = ORIENTED_EDGE('',*,*,#8219,.T.);
#8368 = ORIENTED_EDGE('',*,*,#8345,.T.);
#8369 = ORIENTED_EDGE('',*,*,#8370,.F.);
#8370 = EDGE_CURVE('',#8371,#8315,#8373,.T.);
#8371 = VERTEX_POINT('',#8372);
#8372 = CARTESIAN_POINT('',(-372.85,-30.,4.361E+03));
#8373 = SURFACE_CURVE('',#8374,(#8379,#8386),.PCURVE_S1.);
#8374 = CIRCLE('',#8375,3.);
#8375 = AXIS2_PLACEMENT_3D('',#8376,#8377,#8378);
#8376 = CARTESIAN_POINT('',(-372.85,-30.,4.364E+03));
#8377 = DIRECTION('',(0.910002574278,0.41460259865,0.));
#8378 = DIRECTION('',(-0.41460259865,0.910002574278,0.));
#8379 = PCURVE('',#8173,#8380);
#8380 = DEFINITIONAL_REPRESENTATION('',(#8381),#8385);
#8381 = LINE('',#8382,#8383);
#8382 = CARTESIAN_POINT('',(0.,84.779979948099));
#8383 = VECTOR('',#8384,1.);
#8384 = DIRECTION('',(1.,0.));
#8385 = ( GEOMETRIC_REPRESENTATION_CONTEXT(2) 
PARAMETRIC_REPRESENTATION_CONTEXT() REPRESENTATION_CONTEXT('2D SPACE',''
  ) );
#8386 = PCURVE('',#8333,#8387);
#8387 = DEFINITIONAL_REPRESENTATION('',(#8388),#8392);
#8388 = CIRCLE('',#8389,3.);
#8389 = AXIS2_PLACEMENT_2D('',#8390,#8391);
#8390 = CARTESIAN_POINT('',(0.,0.));
#8391 = DIRECTION('',(1.,0.));
#8392 = ( GEOMETRIC_REPRESENTATION_CONTEXT(2) 
PARAMETRIC_REPRESENTATION_CONTEXT() REPRESENTATION_CONTEXT('2D SPACE',''
  ) );
#8393 = ORIENTED_EDGE('',*,*,#8394,.F.);
#8394 = EDGE_CURVE('',#8317,#8371,#8395,.T.);
#8395 = SURFACE_CURVE('',#8396,(#8401,#8414),.PCURVE_S1.);
#8396 = ELLIPSE('',#8397,3.069864991815,3.);
#8397 = AXIS2_PLACEMENT_3D('',#8398,#8399,#8400);
#8398 = CARTESIAN_POINT('',(-372.85,-30.,4.364E+03));
#8399 = DIRECTION('',(0.977241672842,0.212129000519,0.));
#8400 = DIRECTION('',(-0.212129000519,0.977241672842,0.));
#8401 = PCURVE('',#8173,#8402);
#8402 = DEFINITIONAL_REPRESENTATION('',(#8403),#8413);
#8403 = B_SPLINE_CURVE_WITH_KNOTS('',8,(#8404,#8405,#8406,#8407,#8408,
    #8409,#8410,#8411,#8412),.UNSPECIFIED.,.F.,.F.,(9,9),(1.57079544689,
    4.712389021845),.PIECEWISE_BEZIER_KNOTS.);
#8404 = CARTESIAN_POINT('',(1.57079544689,84.779980521099));
#8405 = CARTESIAN_POINT('',(1.963494643759,84.524251901092));
#8406 = CARTESIAN_POINT('',(2.35619384063,84.26852114089));
#8407 = CARTESIAN_POINT('',(2.748893037478,84.072906010551));
#8408 = CARTESIAN_POINT('',(3.141592234375,83.997359760862));
#8409 = CARTESIAN_POINT('',(3.53429143122,84.072905753041));
#8410 = CARTESIAN_POINT('',(3.926990628107,84.268520691156));
#8411 = CARTESIAN_POINT('',(4.319689824976,84.524251355091));
#8412 = CARTESIAN_POINT('',(4.712389021845,84.779979975098));
#8413 = ( GEOMETRIC_REPRESENTATION_CONTEXT(2) 
PARAMETRIC_REPRESENTATION_CONTEXT() REPRESENTATION_CONTEXT('2D SPACE',''
  ) );
#8414 = PCURVE('',#8415,#8420);
#8415 = CYLINDRICAL_SURFACE('',#8416,3.);
#8416 = AXIS2_PLACEMENT_3D('',#8417,#8418,#8419);
#8417 = CARTESIAN_POINT('',(-372.85,-30.,4.364E+03));
#8418 = DIRECTION('',(1.,0.,0.));
#8419 = DIRECTION('',(-0.,0.,1.));
#8420 = DEFINITIONAL_REPRESENTATION('',(#8421),#8431);
#8421 = B_SPLINE_CURVE_WITH_KNOTS('',8,(#8422,#8423,#8424,#8425,#8426,
    #8427,#8428,#8429,#8430),.UNSPECIFIED.,.F.,.F.,(9,9),(1.57079544689,
    4.712389021845),.PIECEWISE_BEZIER_KNOTS.);
#8422 = CARTESIAN_POINT('',(-8.799051984809E-07,-5.730007615057E-07));
#8423 = CARTESIAN_POINT('',(0.392698316964,0.255728047006));
#8424 = CARTESIAN_POINT('',(0.785397513834,0.511458807069));
#8425 = CARTESIAN_POINT('',(1.178096710703,0.707073938295));
#8426 = CARTESIAN_POINT('',(1.57079590757,0.782620186157));
#8427 = CARTESIAN_POINT('',(1.963495104442,0.70707419571));
#8428 = CARTESIAN_POINT('',(2.356194301312,0.511459256825));
#8429 = CARTESIAN_POINT('',(2.748893498181,0.255728593008));
#8430 = CARTESIAN_POINT('',(3.14159269505,-2.699920287341E-08));
#8431 = ( GEOMETRIC_REPRESENTATION_CONTEXT(2) 
PARAMETRIC_REPRESENTATION_CONTEXT() REPRESENTATION_CONTEXT('2D SPACE',''
  ) );
#8432 = ADVANCED_FACE('',(#8433),#8415,.T.);
#8433 = FACE_BOUND('',#8434,.T.);
#8434 = EDGE_LOOP('',(#8435,#8466,#8487,#8488,#8515,#8516,#8540,#8566,
    #8601,#8630,#8660));
#8435 = ORIENTED_EDGE('',*,*,#8436,.F.);
#8436 = EDGE_CURVE('',#8437,#8439,#8441,.T.);
#8437 = VERTEX_POINT('',#8438);
#8438 = CARTESIAN_POINT('',(60.,-30.,4.367E+03));
#8439 = VERTEX_POINT('',#8440);
#8440 = CARTESIAN_POINT('',(60.,-32.82842712474,4.365E+03));
#8441 = SURFACE_CURVE('',#8442,(#8447,#8454),.PCURVE_S1.);
#8442 = CIRCLE('',#8443,3.);
#8443 = AXIS2_PLACEMENT_3D('',#8444,#8445,#8446);
#8444 = CARTESIAN_POINT('',(60.,-30.,4.364E+03));
#8445 = DIRECTION('',(1.,0.,0.));
#8446 = DIRECTION('',(-0.,0.,1.));
#8447 = PCURVE('',#8415,#8448);
#8448 = DEFINITIONAL_REPRESENTATION('',(#8449),#8453);
#8449 = LINE('',#8450,#8451);
#8450 = CARTESIAN_POINT('',(0.,432.85));
#8451 = VECTOR('',#8452,1.);
#8452 = DIRECTION('',(1.,0.));
#8453 = ( GEOMETRIC_REPRESENTATION_CONTEXT(2) 
PARAMETRIC_REPRESENTATION_CONTEXT() REPRESENTATION_CONTEXT('2D SPACE',''
  ) );
#8454 = PCURVE('',#8455,#8460);
#8455 = PLANE('',#8456);
#8456 = AXIS2_PLACEMENT_3D('',#8457,#8458,#8459);
#8457 = CARTESIAN_POINT('',(60.,-30.,4.364E+03));
#8458 = DIRECTION('',(1.,0.,0.));
#8459 = DIRECTION('',(-0.,0.,1.));
#8460 = DEFINITIONAL_REPRESENTATION('',(#8461),#8465);
#8461 = CIRCLE('',#8462,3.);
#8462 = AXIS2_PLACEMENT_2D('',#8463,#8464);
#8463 = CARTESIAN_POINT('',(0.,0.));
#8464 = DIRECTION('',(1.,0.));
#8465 = ( GEOMETRIC_REPRESENTATION_CONTEXT(2) 
PARAMETRIC_REPRESENTATION_CONTEXT() REPRESENTATION_CONTEXT('2D SPACE',''
  ) );
#8466 = ORIENTED_EDGE('',*,*,#8467,.F.);
#8467 = EDGE_CURVE('',#8317,#8437,#8468,.T.);
#8468 = SEAM_CURVE('',#8469,(#8473,#8480),.PCURVE_S1.);
#8469 = LINE('',#8470,#8471);
#8470 = CARTESIAN_POINT('',(-372.85,-30.,4.367E+03));
#8471 = VECTOR('',#8472,1.);
#8472 = DIRECTION('',(1.,0.,0.));
#8473 = PCURVE('',#8415,#8474);
#8474 = DEFINITIONAL_REPRESENTATION('',(#8475),#8479);
#8475 = LINE('',#8476,#8477);
#8476 = CARTESIAN_POINT('',(6.28318530718,-0.));
#8477 = VECTOR('',#8478,1.);
#8478 = DIRECTION('',(0.,1.));
#8479 = ( GEOMETRIC_REPRESENTATION_CONTEXT(2) 
PARAMETRIC_REPRESENTATION_CONTEXT() REPRESENTATION_CONTEXT('2D SPACE',''
  ) );
#8480 = PCURVE('',#8415,#8481);
#8481 = DEFINITIONAL_REPRESENTATION('',(#8482),#8486);
#8482 = LINE('',#8483,#8484);
#8483 = CARTESIAN_POINT('',(0.,-0.));
#8484 = VECTOR('',#8485,1.);
#8485 = DIRECTION('',(0.,1.));
#8486 = ( GEOMETRIC_REPRESENTATION_CONTEXT(2) 
PARAMETRIC_REPRESENTATION_CONTEXT() REPRESENTATION_CONTEXT('2D SPACE',''
  ) );
#8487 = ORIENTED_EDGE('',*,*,#8394,.T.);
#8488 = ORIENTED_EDGE('',*,*,#8489,.T.);
#8489 = EDGE_CURVE('',#8371,#8317,#8490,.T.);
#8490 = SURFACE_CURVE('',#8491,(#8496,#8503),.PCURVE_S1.);
#8491 = CIRCLE('',#8492,3.);
#8492 = AXIS2_PLACEMENT_3D('',#8493,#8494,#8495);
#8493 = CARTESIAN_POINT('',(-372.85,-30.,4.364E+03));
#8494 = DIRECTION('',(1.,0.,0.));
#8495 = DIRECTION('',(-0.,0.,1.));
#8496 = PCURVE('',#8415,#8497);
#8497 = DEFINITIONAL_REPRESENTATION('',(#8498),#8502);
#8498 = LINE('',#8499,#8500);
#8499 = CARTESIAN_POINT('',(0.,0.));
#8500 = VECTOR('',#8501,1.);
#8501 = DIRECTION('',(1.,0.));
#8502 = ( GEOMETRIC_REPRESENTATION_CONTEXT(2) 
PARAMETRIC_REPRESENTATION_CONTEXT() REPRESENTATION_CONTEXT('2D SPACE',''
  ) );
#8503 = PCURVE('',#8504,#8509);
#8504 = PLANE('',#8505);
#8505 = AXIS2_PLACEMENT_3D('',#8506,#8507,#8508);
#8506 = CARTESIAN_POINT('',(-372.85,-30.,4.364E+03));
#8507 = DIRECTION('',(1.,0.,0.));
#8508 = DIRECTION('',(-0.,0.,1.));
#8509 = DEFINITIONAL_REPRESENTATION('',(#8510),#8514);
#8510 = CIRCLE('',#8511,3.);
#8511 = AXIS2_PLACEMENT_2D('',#8512,#8513);
#8512 = CARTESIAN_POINT('',(0.,0.));
#8513 = DIRECTION('',(1.,0.));
#8514 = ( GEOMETRIC_REPRESENTATION_CONTEXT(2) 
PARAMETRIC_REPRESENTATION_CONTEXT() REPRESENTATION_CONTEXT('2D SPACE',''
  ) );
#8515 = ORIENTED_EDGE('',*,*,#8467,.T.);
#8516 = ORIENTED_EDGE('',*,*,#8517,.F.);
#8517 = EDGE_CURVE('',#8518,#8437,#8520,.T.);
#8518 = VERTEX_POINT('',#8519);
#8519 = CARTESIAN_POINT('',(60.,-27.17157287525,4.365E+03));
#8520 = SURFACE_CURVE('',#8521,(#8526,#8533),.PCURVE_S1.);
#8521 = CIRCLE('',#8522,3.);
#8522 = AXIS2_PLACEMENT_3D('',#8523,#8524,#8525);
#8523 = CARTESIAN_POINT('',(60.,-30.,4.364E+03));
#8524 = DIRECTION('',(1.,0.,0.));
#8525 = DIRECTION('',(-0.,0.,1.));
#8526 = PCURVE('',#8415,#8527);
#8527 = DEFINITIONAL_REPRESENTATION('',(#8528),#8532);
#8528 = LINE('',#8529,#8530);
#8529 = CARTESIAN_POINT('',(0.,432.85));
#8530 = VECTOR('',#8531,1.);
#8531 = DIRECTION('',(1.,0.));
#8532 = ( GEOMETRIC_REPRESENTATION_CONTEXT(2) 
PARAMETRIC_REPRESENTATION_CONTEXT() REPRESENTATION_CONTEXT('2D SPACE',''
  ) );
#8533 = PCURVE('',#8455,#8534);
#8534 = DEFINITIONAL_REPRESENTATION('',(#8535),#8539);
#8535 = CIRCLE('',#8536,3.);
#8536 = AXIS2_PLACEMENT_2D('',#8537,#8538);
#8537 = CARTESIAN_POINT('',(0.,0.));
#8538 = DIRECTION('',(1.,0.));
#8539 = ( GEOMETRIC_REPRESENTATION_CONTEXT(2) 
PARAMETRIC_REPRESENTATION_CONTEXT() REPRESENTATION_CONTEXT('2D SPACE',''
  ) );
#8540 = ORIENTED_EDGE('',*,*,#8541,.F.);
#8541 = EDGE_CURVE('',#8542,#8518,#8544,.T.);
#8542 = VERTEX_POINT('',#8543);
#8543 = CARTESIAN_POINT('',(59.,-27.17157287525,4.365E+03));
#8544 = SURFACE_CURVE('',#8545,(#8549,#8555),.PCURVE_S1.);
#8545 = LINE('',#8546,#8547);
#8546 = CARTESIAN_POINT('',(-372.85,-27.17157287525,4.365E+03));
#8547 = VECTOR('',#8548,1.);
#8548 = DIRECTION('',(1.,0.,0.));
#8549 = PCURVE('',#8415,#8550);
#8550 = DEFINITIONAL_REPRESENTATION('',(#8551),#8554);
#8551 = B_SPLINE_CURVE_WITH_KNOTS('',1,(#8552,#8553),.UNSPECIFIED.,.F.,
  .F.,(2,2),(429.25,432.8500006),.PIECEWISE_BEZIER_KNOTS.);
#8552 = CARTESIAN_POINT('',(5.052225889839,429.25));
#8553 = CARTESIAN_POINT('',(5.052225889839,432.8500006));
#8554 = ( GEOMETRIC_REPRESENTATION_CONTEXT(2) 
PARAMETRIC_REPRESENTATION_CONTEXT() REPRESENTATION_CONTEXT('2D SPACE',''
  ) );
#8555 = PCURVE('',#8556,#8561);
#8556 = PLANE('',#8557);
#8557 = AXIS2_PLACEMENT_3D('',#8558,#8559,#8560);
#8558 = CARTESIAN_POINT('',(60.,-30.,4.365E+03));
#8559 = DIRECTION('',(0.,0.,1.));
#8560 = DIRECTION('',(1.,0.,-0.));
#8561 = DEFINITIONAL_REPRESENTATION('',(#8562),#8565);
#8562 = B_SPLINE_CURVE_WITH_KNOTS('',1,(#8563,#8564),.UNSPECIFIED.,.F.,
  .F.,(2,2),(429.25,432.8500006),.PIECEWISE_BEZIER_KNOTS.);
#8563 = CARTESIAN_POINT('',(-3.6,2.828427124746));
#8564 = CARTESIAN_POINT('',(6.000000212225E-07,2.828427124746));
#8565 = ( GEOMETRIC_REPRESENTATION_CONTEXT(2) 
PARAMETRIC_REPRESENTATION_CONTEXT() REPRESENTATION_CONTEXT('2D SPACE',''
  ) );
#8566 = ORIENTED_EDGE('',*,*,#8567,.F.);
#8567 = EDGE_CURVE('',#8568,#8542,#8570,.T.);
#8568 = VERTEX_POINT('',#8569);
#8569 = CARTESIAN_POINT('',(60.,-27.,4.364E+03));
#8570 = SURFACE_CURVE('',#8571,(#8576,#8586),.PCURVE_S1.);
#8571 = ELLIPSE('',#8572,4.242640687119,3.);
#8572 = AXIS2_PLACEMENT_3D('',#8573,#8574,#8575);
#8573 = CARTESIAN_POINT('',(60.,-30.,4.364E+03));
#8574 = DIRECTION('',(0.707106781187,0.,0.707106781187));
#8575 = DIRECTION('',(0.707106781187,0.,-0.707106781187));
#8576 = PCURVE('',#8415,#8577);
#8577 = DEFINITIONAL_REPRESENTATION('',(#8578),#8585);
#8578 = B_SPLINE_CURVE_WITH_KNOTS('',5,(#8579,#8580,#8581,#8582,#8583,
    #8584),.UNSPECIFIED.,.F.,.F.,(6,6),(1.570796127778,1.910633448336),
  .PIECEWISE_BEZIER_KNOTS.);
#8579 = CARTESIAN_POINT('',(4.712388781368,432.85000059705));
#8580 = CARTESIAN_POINT('',(4.780356245479,432.64609820471));
#8581 = CARTESIAN_POINT('',(4.84832370959,432.44219578785));
#8582 = CARTESIAN_POINT('',(4.916291173703,432.2402558568));
#8583 = CARTESIAN_POINT('',(4.984258637814,432.0422404048));
#8584 = CARTESIAN_POINT('',(5.052226101926,431.84999940012));
#8585 = ( GEOMETRIC_REPRESENTATION_CONTEXT(2) 
PARAMETRIC_REPRESENTATION_CONTEXT() REPRESENTATION_CONTEXT('2D SPACE',''
  ) );
#8586 = PCURVE('',#8587,#8592);
#8587 = CYLINDRICAL_SURFACE('',#8588,3.);
#8588 = AXIS2_PLACEMENT_3D('',#8589,#8590,#8591);
#8589 = CARTESIAN_POINT('',(60.,-30.,4.364E+03));
#8590 = DIRECTION('',(0.,0.,1.));
#8591 = DIRECTION('',(1.,0.,-0.));
#8592 = DEFINITIONAL_REPRESENTATION('',(#8593),#8600);
#8593 = B_SPLINE_CURVE_WITH_KNOTS('',5,(#8594,#8595,#8596,#8597,#8598,
    #8599),.UNSPECIFIED.,.F.,.F.,(6,6),(1.570796326795,1.910633236249),
  .PIECEWISE_BEZIER_KNOTS.);
#8594 = CARTESIAN_POINT('',(7.853981633974,2.167602923689E-13));
#8595 = CARTESIAN_POINT('',(7.921949015865,0.203902145673));
#8596 = CARTESIAN_POINT('',(7.989916397756,0.407804312422));
#8597 = CARTESIAN_POINT('',(8.057883779647,0.609743997038));
#8598 = CARTESIAN_POINT('',(8.125851161538,0.807759213462));
#8599 = CARTESIAN_POINT('',(8.193818543429,1.));
#8600 = ( GEOMETRIC_REPRESENTATION_CONTEXT(2) 
PARAMETRIC_REPRESENTATION_CONTEXT() REPRESENTATION_CONTEXT('2D SPACE',''
  ) );
#8601 = ORIENTED_EDGE('',*,*,#8602,.F.);
#8602 = EDGE_CURVE('',#8603,#8568,#8605,.T.);
#8603 = VERTEX_POINT('',#8604);
#8604 = CARTESIAN_POINT('',(60.,-33.,4.364E+03));
#8605 = SURFACE_CURVE('',#8606,(#8611,#8618),.PCURVE_S1.);
#8606 = CIRCLE('',#8607,3.);
#8607 = AXIS2_PLACEMENT_3D('',#8608,#8609,#8610);
#8608 = CARTESIAN_POINT('',(60.,-30.,4.364E+03));
#8609 = DIRECTION('',(1.,0.,0.));
#8610 = DIRECTION('',(-0.,0.,1.));
#8611 = PCURVE('',#8415,#8612);
#8612 = DEFINITIONAL_REPRESENTATION('',(#8613),#8617);
#8613 = LINE('',#8614,#8615);
#8614 = CARTESIAN_POINT('',(0.,432.85));
#8615 = VECTOR('',#8616,1.);
#8616 = DIRECTION('',(1.,0.));
#8617 = ( GEOMETRIC_REPRESENTATION_CONTEXT(2) 
PARAMETRIC_REPRESENTATION_CONTEXT() REPRESENTATION_CONTEXT('2D SPACE',''
  ) );
#8618 = PCURVE('',#8619,#8624);
#8619 = PLANE('',#8620);
#8620 = AXIS2_PLACEMENT_3D('',#8621,#8622,#8623);
#8621 = CARTESIAN_POINT('',(60.,-30.,4.364E+03));
#8622 = DIRECTION('',(1.,0.,0.));
#8623 = DIRECTION('',(-0.,0.,1.));
#8624 = DEFINITIONAL_REPRESENTATION('',(#8625),#8629);
#8625 = CIRCLE('',#8626,3.);
#8626 = AXIS2_PLACEMENT_2D('',#8627,#8628);
#8627 = CARTESIAN_POINT('',(0.,0.));
#8628 = DIRECTION('',(1.,0.));
#8629 = ( GEOMETRIC_REPRESENTATION_CONTEXT(2) 
PARAMETRIC_REPRESENTATION_CONTEXT() REPRESENTATION_CONTEXT('2D SPACE',''
  ) );
#8630 = ORIENTED_EDGE('',*,*,#8631,.F.);
#8631 = EDGE_CURVE('',#8632,#8603,#8634,.T.);
#8632 = VERTEX_POINT('',#8633);
#8633 = CARTESIAN_POINT('',(59.,-32.82842712474,4.365E+03));
#8634 = SURFACE_CURVE('',#8635,(#8640,#8650),.PCURVE_S1.);
#8635 = ELLIPSE('',#8636,4.242640687119,3.);
#8636 = AXIS2_PLACEMENT_3D('',#8637,#8638,#8639);
#8637 = CARTESIAN_POINT('',(60.,-30.,4.364E+03));
#8638 = DIRECTION('',(0.707106781187,0.,0.707106781187));
#8639 = DIRECTION('',(0.707106781187,0.,-0.707106781187));
#8640 = PCURVE('',#8415,#8641);
#8641 = DEFINITIONAL_REPRESENTATION('',(#8642),#8649);
#8642 = B_SPLINE_CURVE_WITH_KNOTS('',5,(#8643,#8644,#8645,#8646,#8647,
    #8648),.UNSPECIFIED.,.F.,.F.,(6,6),(4.372551858843,4.7123889798),
  .PIECEWISE_BEZIER_KNOTS.);
#8643 = CARTESIAN_POINT('',(1.230959205254,431.84999940012));
#8644 = CARTESIAN_POINT('',(1.298926629445,432.04224029189));
#8645 = CARTESIAN_POINT('',(1.366894053636,432.2402556242));
#8646 = CARTESIAN_POINT('',(1.434861477828,432.44219543202));
#8647 = CARTESIAN_POINT('',(1.502828902019,432.64609772567));
#8648 = CARTESIAN_POINT('',(1.57079632621,432.84999999824));
#8649 = ( GEOMETRIC_REPRESENTATION_CONTEXT(2) 
PARAMETRIC_REPRESENTATION_CONTEXT() REPRESENTATION_CONTEXT('2D SPACE',''
  ) );
#8650 = PCURVE('',#8587,#8651);
#8651 = DEFINITIONAL_REPRESENTATION('',(#8652),#8659);
#8652 = B_SPLINE_CURVE_WITH_KNOTS('',5,(#8653,#8654,#8655,#8656,#8657,
    #8658),.UNSPECIFIED.,.F.,.F.,(6,6),(4.372552070931,4.7123889798),
  .PIECEWISE_BEZIER_KNOTS.);
#8653 = CARTESIAN_POINT('',(4.372552070931,1.));
#8654 = CARTESIAN_POINT('',(4.440519452704,0.807759213793));
#8655 = CARTESIAN_POINT('',(4.508486834478,0.609743997719));
#8656 = CARTESIAN_POINT('',(4.576454216252,0.407804313466));
#8657 = CARTESIAN_POINT('',(4.644421598026,0.203902147077));
#8658 = CARTESIAN_POINT('',(4.7123889798,1.755324774422E-09));
#8659 = ( GEOMETRIC_REPRESENTATION_CONTEXT(2) 
PARAMETRIC_REPRESENTATION_CONTEXT() REPRESENTATION_CONTEXT('2D SPACE',''
  ) );
#8660 = ORIENTED_EDGE('',*,*,#8661,.T.);
#8661 = EDGE_CURVE('',#8632,#8439,#8662,.T.);
#8662 = SURFACE_CURVE('',#8663,(#8667,#8673),.PCURVE_S1.);
#8663 = LINE('',#8664,#8665);
#8664 = CARTESIAN_POINT('',(-372.85,-32.82842712474,4.365E+03));
#8665 = VECTOR('',#8666,1.);
#8666 = DIRECTION('',(1.,0.,0.));
#8667 = PCURVE('',#8415,#8668);
#8668 = DEFINITIONAL_REPRESENTATION('',(#8669),#8672);
#8669 = B_SPLINE_CURVE_WITH_KNOTS('',1,(#8670,#8671),.UNSPECIFIED.,.F.,
  .F.,(2,2),(429.25,432.8500006),.PIECEWISE_BEZIER_KNOTS.);
#8670 = CARTESIAN_POINT('',(1.230959417341,429.25));
#8671 = CARTESIAN_POINT('',(1.230959417341,432.8500006));
#8672 = ( GEOMETRIC_REPRESENTATION_CONTEXT(2) 
PARAMETRIC_REPRESENTATION_CONTEXT() REPRESENTATION_CONTEXT('2D SPACE',''
  ) );
#8673 = PCURVE('',#8556,#8674);
#8674 = DEFINITIONAL_REPRESENTATION('',(#8675),#8678);
#8675 = B_SPLINE_CURVE_WITH_KNOTS('',1,(#8676,#8677),.UNSPECIFIED.,.F.,
  .F.,(2,2),(429.25,432.8500006),.PIECEWISE_BEZIER_KNOTS.);
#8676 = CARTESIAN_POINT('',(-3.6,-2.828427124746));
#8677 = CARTESIAN_POINT('',(6.000000212225E-07,-2.828427124746));
#8678 = ( GEOMETRIC_REPRESENTATION_CONTEXT(2) 
PARAMETRIC_REPRESENTATION_CONTEXT() REPRESENTATION_CONTEXT('2D SPACE',''
  ) );
#8679 = ADVANCED_FACE('',(#8680),#8504,.F.);
#8680 = FACE_BOUND('',#8681,.F.);
#8681 = EDGE_LOOP('',(#8682,#8683));
#8682 = ORIENTED_EDGE('',*,*,#8489,.T.);
#8683 = ORIENTED_EDGE('',*,*,#8684,.T.);
#8684 = EDGE_CURVE('',#8317,#8371,#8685,.T.);
#8685 = SURFACE_CURVE('',#8686,(#8690,#8696),.PCURVE_S1.);
#8686 = LINE('',#8687,#8688);
#8687 = CARTESIAN_POINT('',(-372.85,-30.,4.364E+03));
#8688 = VECTOR('',#8689,1.);
#8689 = DIRECTION('',(0.,0.,-1.));
#8690 = PCURVE('',#8504,#8691);
#8691 = DEFINITIONAL_REPRESENTATION('',(#8692),#8695);
#8692 = B_SPLINE_CURVE_WITH_KNOTS('',1,(#8693,#8694),.UNSPECIFIED.,.F.,
  .F.,(2,2),(-3.,3.),.PIECEWISE_BEZIER_KNOTS.);
#8693 = CARTESIAN_POINT('',(3.,0.));
#8694 = CARTESIAN_POINT('',(-3.,0.));
#8695 = ( GEOMETRIC_REPRESENTATION_CONTEXT(2) 
PARAMETRIC_REPRESENTATION_CONTEXT() REPRESENTATION_CONTEXT('2D SPACE',''
  ) );
#8696 = PCURVE('',#8333,#8697);
#8697 = DEFINITIONAL_REPRESENTATION('',(#8698),#8701);
#8698 = B_SPLINE_CURVE_WITH_KNOTS('',1,(#8699,#8700),.UNSPECIFIED.,.F.,
  .F.,(2,2),(-3.,3.),.PIECEWISE_BEZIER_KNOTS.);
#8699 = CARTESIAN_POINT('',(0.,3.));
#8700 = CARTESIAN_POINT('',(0.,-3.));
#8701 = ( GEOMETRIC_REPRESENTATION_CONTEXT(2) 
PARAMETRIC_REPRESENTATION_CONTEXT() REPRESENTATION_CONTEXT('2D SPACE',''
  ) );
#8702 = ADVANCED_FACE('',(#8703),#8619,.T.);
#8703 = FACE_BOUND('',#8704,.T.);
#8704 = EDGE_LOOP('',(#8705,#8729));
#8705 = ORIENTED_EDGE('',*,*,#8706,.T.);
#8706 = EDGE_CURVE('',#8568,#8603,#8707,.T.);
#8707 = SURFACE_CURVE('',#8708,(#8712,#8718),.PCURVE_S1.);
#8708 = LINE('',#8709,#8710);
#8709 = CARTESIAN_POINT('',(60.,-30.,4.364E+03));
#8710 = VECTOR('',#8711,1.);
#8711 = DIRECTION('',(0.,-1.,0.));
#8712 = PCURVE('',#8619,#8713);
#8713 = DEFINITIONAL_REPRESENTATION('',(#8714),#8717);
#8714 = B_SPLINE_CURVE_WITH_KNOTS('',1,(#8715,#8716),.UNSPECIFIED.,.F.,
  .F.,(2,2),(-3.,3.),.PIECEWISE_BEZIER_KNOTS.);
#8715 = CARTESIAN_POINT('',(0.,-3.));
#8716 = CARTESIAN_POINT('',(0.,3.));
#8717 = ( GEOMETRIC_REPRESENTATION_CONTEXT(2) 
PARAMETRIC_REPRESENTATION_CONTEXT() REPRESENTATION_CONTEXT('2D SPACE',''
  ) );
#8718 = PCURVE('',#8719,#8724);
#8719 = PLANE('',#8720);
#8720 = AXIS2_PLACEMENT_3D('',#8721,#8722,#8723);
#8721 = CARTESIAN_POINT('',(60.,-30.,4.364E+03));
#8722 = DIRECTION('',(0.,0.,1.));
#8723 = DIRECTION('',(1.,0.,-0.));
#8724 = DEFINITIONAL_REPRESENTATION('',(#8725),#8728);
#8725 = B_SPLINE_CURVE_WITH_KNOTS('',1,(#8726,#8727),.UNSPECIFIED.,.F.,
  .F.,(2,2),(-3.,3.),.PIECEWISE_BEZIER_KNOTS.);
#8726 = CARTESIAN_POINT('',(0.,3.));
#8727 = CARTESIAN_POINT('',(0.,-3.));
#8728 = ( GEOMETRIC_REPRESENTATION_CONTEXT(2) 
PARAMETRIC_REPRESENTATION_CONTEXT() REPRESENTATION_CONTEXT('2D SPACE',''
  ) );
#8729 = ORIENTED_EDGE('',*,*,#8602,.T.);
#8730 = ADVANCED_FACE('',(#8731),#8719,.F.);
#8731 = FACE_BOUND('',#8732,.F.);
#8732 = EDGE_LOOP('',(#8733,#8755));
#8733 = ORIENTED_EDGE('',*,*,#8734,.T.);
#8734 = EDGE_CURVE('',#8603,#8568,#8735,.T.);
#8735 = SURFACE_CURVE('',#8736,(#8741,#8748),.PCURVE_S1.);
#8736 = CIRCLE('',#8737,3.);
#8737 = AXIS2_PLACEMENT_3D('',#8738,#8739,#8740);
#8738 = CARTESIAN_POINT('',(60.,-30.,4.364E+03));
#8739 = DIRECTION('',(-0.,0.,1.));
#8740 = DIRECTION('',(0.,-1.,0.));
#8741 = PCURVE('',#8719,#8742);
#8742 = DEFINITIONAL_REPRESENTATION('',(#8743),#8747);
#8743 = CIRCLE('',#8744,3.);
#8744 = AXIS2_PLACEMENT_2D('',#8745,#8746);
#8745 = CARTESIAN_POINT('',(0.,0.));
#8746 = DIRECTION('',(0.,-1.));
#8747 = ( GEOMETRIC_REPRESENTATION_CONTEXT(2) 
PARAMETRIC_REPRESENTATION_CONTEXT() REPRESENTATION_CONTEXT('2D SPACE',''
  ) );
#8748 = PCURVE('',#8587,#8749);
#8749 = DEFINITIONAL_REPRESENTATION('',(#8750),#8754);
#8750 = LINE('',#8751,#8752);
#8751 = CARTESIAN_POINT('',(4.712388980385,0.));
#8752 = VECTOR('',#8753,1.);
#8753 = DIRECTION('',(1.,0.));
#8754 = ( GEOMETRIC_REPRESENTATION_CONTEXT(2) 
PARAMETRIC_REPRESENTATION_CONTEXT() REPRESENTATION_CONTEXT('2D SPACE',''
  ) );
#8755 = ORIENTED_EDGE('',*,*,#8706,.T.);
#8756 = ADVANCED_FACE('',(#8757),#8587,.T.);
#8757 = FACE_BOUND('',#8758,.T.);
#8758 = EDGE_LOOP('',(#8759,#8760,#8761,#8783));
#8759 = ORIENTED_EDGE('',*,*,#8734,.T.);
#8760 = ORIENTED_EDGE('',*,*,#8567,.T.);
#8761 = ORIENTED_EDGE('',*,*,#8762,.F.);
#8762 = EDGE_CURVE('',#8632,#8542,#8763,.T.);
#8763 = SURFACE_CURVE('',#8764,(#8769,#8776),.PCURVE_S1.);
#8764 = CIRCLE('',#8765,3.);
#8765 = AXIS2_PLACEMENT_3D('',#8766,#8767,#8768);
#8766 = CARTESIAN_POINT('',(60.,-30.,4.365E+03));
#8767 = DIRECTION('',(0.,0.,1.));
#8768 = DIRECTION('',(-0.333333333333,-0.942809041582,0.));
#8769 = PCURVE('',#8587,#8770);
#8770 = DEFINITIONAL_REPRESENTATION('',(#8771),#8775);
#8771 = LINE('',#8772,#8773);
#8772 = CARTESIAN_POINT('',(4.372552070931,1.));
#8773 = VECTOR('',#8774,1.);
#8774 = DIRECTION('',(1.,0.));
#8775 = ( GEOMETRIC_REPRESENTATION_CONTEXT(2) 
PARAMETRIC_REPRESENTATION_CONTEXT() REPRESENTATION_CONTEXT('2D SPACE',''
  ) );
#8776 = PCURVE('',#8556,#8777);
#8777 = DEFINITIONAL_REPRESENTATION('',(#8778),#8782);
#8778 = CIRCLE('',#8779,3.);
#8779 = AXIS2_PLACEMENT_2D('',#8780,#8781);
#8780 = CARTESIAN_POINT('',(0.,0.));
#8781 = DIRECTION('',(-0.333333333333,-0.942809041582));
#8782 = ( GEOMETRIC_REPRESENTATION_CONTEXT(2) 
PARAMETRIC_REPRESENTATION_CONTEXT() REPRESENTATION_CONTEXT('2D SPACE',''
  ) );
#8783 = ORIENTED_EDGE('',*,*,#8631,.T.);
#8784 = ADVANCED_FACE('',(#8785),#8556,.T.);
#8785 = FACE_BOUND('',#8786,.T.);
#8786 = EDGE_LOOP('',(#8787,#8788,#8789,#8808));
#8787 = ORIENTED_EDGE('',*,*,#8762,.T.);
#8788 = ORIENTED_EDGE('',*,*,#8541,.T.);
#8789 = ORIENTED_EDGE('',*,*,#8790,.T.);
#8790 = EDGE_CURVE('',#8518,#8439,#8791,.T.);
#8791 = SURFACE_CURVE('',#8792,(#8796,#8802),.PCURVE_S1.);
#8792 = LINE('',#8793,#8794);
#8793 = CARTESIAN_POINT('',(60.,-30.,4.365E+03));
#8794 = VECTOR('',#8795,1.);
#8795 = DIRECTION('',(0.,-1.,0.));
#8796 = PCURVE('',#8556,#8797);
#8797 = DEFINITIONAL_REPRESENTATION('',(#8798),#8801);
#8798 = B_SPLINE_CURVE_WITH_KNOTS('',1,(#8799,#8800),.UNSPECIFIED.,.F.,
  .F.,(2,2),(-3.,3.),.PIECEWISE_BEZIER_KNOTS.);
#8799 = CARTESIAN_POINT('',(0.,3.));
#8800 = CARTESIAN_POINT('',(0.,-3.));
#8801 = ( GEOMETRIC_REPRESENTATION_CONTEXT(2) 
PARAMETRIC_REPRESENTATION_CONTEXT() REPRESENTATION_CONTEXT('2D SPACE',''
  ) );
#8802 = PCURVE('',#8455,#8803);
#8803 = DEFINITIONAL_REPRESENTATION('',(#8804),#8807);
#8804 = B_SPLINE_CURVE_WITH_KNOTS('',1,(#8805,#8806),.UNSPECIFIED.,.F.,
  .F.,(2,2),(-3.,3.),.PIECEWISE_BEZIER_KNOTS.);
#8805 = CARTESIAN_POINT('',(1.,-3.));
#8806 = CARTESIAN_POINT('',(1.,3.));
#8807 = ( GEOMETRIC_REPRESENTATION_CONTEXT(2) 
PARAMETRIC_REPRESENTATION_CONTEXT() REPRESENTATION_CONTEXT('2D SPACE',''
  ) );
#8808 = ORIENTED_EDGE('',*,*,#8661,.F.);
#8809 = ADVANCED_FACE('',(#8810),#8455,.T.);
#8810 = FACE_BOUND('',#8811,.T.);
#8811 = EDGE_LOOP('',(#8812,#8813,#8814));
#8812 = ORIENTED_EDGE('',*,*,#8436,.T.);
#8813 = ORIENTED_EDGE('',*,*,#8790,.F.);
#8814 = ORIENTED_EDGE('',*,*,#8517,.T.);
#8815 = ADVANCED_FACE('',(#8816),#8333,.T.);
#8816 = FACE_BOUND('',#8817,.T.);
#8817 = EDGE_LOOP('',(#8818,#8819,#8820));
#8818 = ORIENTED_EDGE('',*,*,#8370,.T.);
#8819 = ORIENTED_EDGE('',*,*,#8314,.T.);
#8820 = ORIENTED_EDGE('',*,*,#8684,.T.);
#8821 = ADVANCED_FACE('',(#8822),#7690,.F.);
#8822 = FACE_BOUND('',#8823,.F.);
#8823 = EDGE_LOOP('',(#8824,#8825));
#8824 = ORIENTED_EDGE('',*,*,#7675,.T.);
#8825 = ORIENTED_EDGE('',*,*,#8826,.T.);
#8826 = EDGE_CURVE('',#7568,#7539,#8827,.T.);
#8827 = SURFACE_CURVE('',#8828,(#8832,#8838),.PCURVE_S1.);
#8828 = LINE('',#8829,#8830);
#8829 = CARTESIAN_POINT('',(-555.15,-40.,3.72E+03));
#8830 = VECTOR('',#8831,1.);
#8831 = DIRECTION('',(-0.397829384829,-0.917459416305,-0.));
#8832 = PCURVE('',#7690,#8833);
#8833 = DEFINITIONAL_REPRESENTATION('',(#8834),#8837);
#8834 = B_SPLINE_CURVE_WITH_KNOTS('',1,(#8835,#8836),.UNSPECIFIED.,.F.,
  .F.,(2,2),(-3.,3.),.PIECEWISE_BEZIER_KNOTS.);
#8835 = CARTESIAN_POINT('',(3.,0.));
#8836 = CARTESIAN_POINT('',(-3.,0.));
#8837 = ( GEOMETRIC_REPRESENTATION_CONTEXT(2) 
PARAMETRIC_REPRESENTATION_CONTEXT() REPRESENTATION_CONTEXT('2D SPACE',''
  ) );
#8838 = PCURVE('',#7555,#8839);
#8839 = DEFINITIONAL_REPRESENTATION('',(#8840),#8843);
#8840 = B_SPLINE_CURVE_WITH_KNOTS('',1,(#8841,#8842),.UNSPECIFIED.,.F.,
  .F.,(2,2),(-3.,3.),.PIECEWISE_BEZIER_KNOTS.);
#8841 = CARTESIAN_POINT('',(-1.193488154486,2.752378248915));
#8842 = CARTESIAN_POINT('',(1.193488154486,-2.752378248915));
#8843 = ( GEOMETRIC_REPRESENTATION_CONTEXT(2) 
PARAMETRIC_REPRESENTATION_CONTEXT() REPRESENTATION_CONTEXT('2D SPACE',''
  ) );
#8844 = ADVANCED_FACE('',(#8845),#7555,.T.);
#8845 = FACE_BOUND('',#8846,.T.);
#8846 = EDGE_LOOP('',(#8847,#8848,#8849));
#8847 = ORIENTED_EDGE('',*,*,#7538,.T.);
#8848 = ORIENTED_EDGE('',*,*,#7622,.T.);
#8849 = ORIENTED_EDGE('',*,*,#8826,.T.);
#8850 = ADVANCED_FACE('',(#8851),#7660,.F.);
#8851 = FACE_BOUND('',#8852,.T.);
#8852 = EDGE_LOOP('',(#8853));
#8853 = ORIENTED_EDGE('',*,*,#7645,.F.);
#8854 = ( GEOMETRIC_REPRESENTATION_CONTEXT(3) 
GLOBAL_UNCERTAINTY_ASSIGNED_CONTEXT((#8858)) 
GLOBAL_UNIT_ASSIGNED_CONTEXT((#8855,#8856,#8857)) REPRESENTATION_CONTEXT
('Context #1','3D Context with UNIT and UNCERTAINTY') );
#8855 = ( LENGTH_UNIT() NAMED_UNIT(*) SI_UNIT(.MILLI.,.METRE.) );
#8856 = ( NAMED_UNIT(*) PLANE_ANGLE_UNIT() SI_UNIT($,.RADIAN.) );
#8857 = ( NAMED_UNIT(*) SI_UNIT($,.STERADIAN.) SOLID_ANGLE_UNIT() );
#8858 = UNCERTAINTY_MEASURE_WITH_UNIT(LENGTH_MEASURE(2.E-07),#8855,
  'distance_accuracy_value','confusion accuracy');
#8859 = CONTEXT_DEPENDENT_SHAPE_REPRESENTATION(#8860,#8862);
#8860 = ( REPRESENTATION_RELATIONSHIP('','',#7501,#10) 
REPRESENTATION_RELATIONSHIP_WITH_TRANSFORMATION(#8861) 
SHAPE_REPRESENTATION_RELATIONSHIP() );
#8861 = ITEM_DEFINED_TRANSFORMATION('','',#11,#59);
#8862 = PRODUCT_DEFINITION_SHAPE('Placement','Placement of an item',
  #8863);
#8863 = NEXT_ASSEMBLY_USAGE_OCCURRENCE('12','=>[0:1:1:13]','',#5,#7496,$
  );
#8864 = PRODUCT_RELATED_PRODUCT_CATEGORY('part',$,(#7498));
#8865 = SHAPE_DEFINITION_REPRESENTATION(#8866,#8872);
#8866 = PRODUCT_DEFINITION_SHAPE('','',#8867);
#8867 = PRODUCT_DEFINITION('design','',#8868,#8871);
#8868 = PRODUCT_DEFINITION_FORMATION('','',#8869);
#8869 = PRODUCT('COMPOUND','COMPOUND','',(#8870));
#8870 = PRODUCT_CONTEXT('',#2,'mechanical');
#8871 = PRODUCT_DEFINITION_CONTEXT('part definition',#2,'design');
#8872 = ADVANCED_BREP_SHAPE_REPRESENTATION('',(#11,#8873),#9203);
#8873 = MANIFOLD_SOLID_BREP('',#8874);
#8874 = CLOSED_SHELL('',(#8875,#8995,#9095,#9142,#9189,#9196));
#8875 = ADVANCED_FACE('',(#8876),#8890,.F.);
#8876 = FACE_BOUND('',#8877,.F.);
#8877 = EDGE_LOOP('',(#8878,#8913,#8941,#8969));
#8878 = ORIENTED_EDGE('',*,*,#8879,.F.);
#8879 = EDGE_CURVE('',#8880,#8882,#8884,.T.);
#8880 = VERTEX_POINT('',#8881);
#8881 = CARTESIAN_POINT('',(-0.75,-75.,-100.));
#8882 = VERTEX_POINT('',#8883);
#8883 = CARTESIAN_POINT('',(-0.75,-75.,100.));
#8884 = SURFACE_CURVE('',#8885,(#8889,#8901),.PCURVE_S1.);
#8885 = LINE('',#8886,#8887);
#8886 = CARTESIAN_POINT('',(-0.75,-75.,-100.));
#8887 = VECTOR('',#8888,1.);
#8888 = DIRECTION('',(0.,0.,1.));
#8889 = PCURVE('',#8890,#8895);
#8890 = PLANE('',#8891);
#8891 = AXIS2_PLACEMENT_3D('',#8892,#8893,#8894);
#8892 = CARTESIAN_POINT('',(-0.75,-75.,-100.));
#8893 = DIRECTION('',(1.,0.,-0.));
#8894 = DIRECTION('',(0.,0.,1.));
#8895 = DEFINITIONAL_REPRESENTATION('',(#8896),#8900);
#8896 = LINE('',#8897,#8898);
#8897 = CARTESIAN_POINT('',(0.,0.));
#8898 = VECTOR('',#8899,1.);
#8899 = DIRECTION('',(1.,0.));
#8900 = ( GEOMETRIC_REPRESENTATION_CONTEXT(2) 
PARAMETRIC_REPRESENTATION_CONTEXT() REPRESENTATION_CONTEXT('2D SPACE',''
  ) );
#8901 = PCURVE('',#8902,#8907);
#8902 = PLANE('',#8903);
#8903 = AXIS2_PLACEMENT_3D('',#8904,#8905,#8906);
#8904 = CARTESIAN_POINT('',(-0.75,-75.,-100.));
#8905 = DIRECTION('',(-0.,1.,0.));
#8906 = DIRECTION('',(0.,0.,1.));
#8907 = DEFINITIONAL_REPRESENTATION('',(#8908),#8912);
#8908 = LINE('',#8909,#8910);
#8909 = CARTESIAN_POINT('',(0.,0.));
#8910 = VECTOR('',#8911,1.);
#8911 = DIRECTION('',(1.,0.));
#8912 = ( GEOMETRIC_REPRESENTATION_CONTEXT(2) 
PARAMETRIC_REPRESENTATION_CONTEXT() REPRESENTATION_CONTEXT('2D SPACE',''
  ) );
#8913 = ORIENTED_EDGE('',*,*,#8914,.T.);
#8914 = EDGE_CURVE('',#8880,#8915,#8917,.T.);
#8915 = VERTEX_POINT('',#8916);
#8916 = CARTESIAN_POINT('',(-0.75,75.,-100.));
#8917 = SURFACE_CURVE('',#8918,(#8922,#8929),.PCURVE_S1.);
#8918 = LINE('',#8919,#8920);
#8919 = CARTESIAN_POINT('',(-0.75,-75.,-100.));
#8920 = VECTOR('',#8921,1.);
#8921 = DIRECTION('',(-0.,1.,0.));
#8922 = PCURVE('',#8890,#8923);
#8923 = DEFINITIONAL_REPRESENTATION('',(#8924),#8928);
#8924 = LINE('',#8925,#8926);
#8925 = CARTESIAN_POINT('',(0.,0.));
#8926 = VECTOR('',#8927,1.);
#8927 = DIRECTION('',(0.,-1.));
#8928 = ( GEOMETRIC_REPRESENTATION_CONTEXT(2) 
PARAMETRIC_REPRESENTATION_CONTEXT() REPRESENTATION_CONTEXT('2D SPACE',''
  ) );
#8929 = PCURVE('',#8930,#8935);
#8930 = PLANE('',#8931);
#8931 = AXIS2_PLACEMENT_3D('',#8932,#8933,#8934);
#8932 = CARTESIAN_POINT('',(-0.75,-75.,-100.));
#8933 = DIRECTION('',(0.,0.,1.));
#8934 = DIRECTION('',(1.,0.,-0.));
#8935 = DEFINITIONAL_REPRESENTATION('',(#8936),#8940);
#8936 = LINE('',#8937,#8938);
#8937 = CARTESIAN_POINT('',(0.,0.));
#8938 = VECTOR('',#8939,1.);
#8939 = DIRECTION('',(0.,1.));
#8940 = ( GEOMETRIC_REPRESENTATION_CONTEXT(2) 
PARAMETRIC_REPRESENTATION_CONTEXT() REPRESENTATION_CONTEXT('2D SPACE',''
  ) );
#8941 = ORIENTED_EDGE('',*,*,#8942,.T.);
#8942 = EDGE_CURVE('',#8915,#8943,#8945,.T.);
#8943 = VERTEX_POINT('',#8944);
#8944 = CARTESIAN_POINT('',(-0.75,75.,100.));
#8945 = SURFACE_CURVE('',#8946,(#8950,#8957),.PCURVE_S1.);
#8946 = LINE('',#8947,#8948);
#8947 = CARTESIAN_POINT('',(-0.75,75.,-100.));
#8948 = VECTOR('',#8949,1.);
#8949 = DIRECTION('',(0.,0.,1.));
#8950 = PCURVE('',#8890,#8951);
#8951 = DEFINITIONAL_REPRESENTATION('',(#8952),#8956);
#8952 = LINE('',#8953,#8954);
#8953 = CARTESIAN_POINT('',(0.,-150.));
#8954 = VECTOR('',#8955,1.);
#8955 = DIRECTION('',(1.,0.));
#8956 = ( GEOMETRIC_REPRESENTATION_CONTEXT(2) 
PARAMETRIC_REPRESENTATION_CONTEXT() REPRESENTATION_CONTEXT('2D SPACE',''
  ) );
#8957 = PCURVE('',#8958,#8963);
#8958 = PLANE('',#8959);
#8959 = AXIS2_PLACEMENT_3D('',#8960,#8961,#8962);
#8960 = CARTESIAN_POINT('',(-0.75,75.,-100.));
#8961 = DIRECTION('',(-0.,1.,0.));
#8962 = DIRECTION('',(0.,0.,1.));
#8963 = DEFINITIONAL_REPRESENTATION('',(#8964),#8968);
#8964 = LINE('',#8965,#8966);
#8965 = CARTESIAN_POINT('',(0.,0.));
#8966 = VECTOR('',#8967,1.);
#8967 = DIRECTION('',(1.,0.));
#8968 = ( GEOMETRIC_REPRESENTATION_CONTEXT(2) 
PARAMETRIC_REPRESENTATION_CONTEXT() REPRESENTATION_CONTEXT('2D SPACE',''
  ) );
#8969 = ORIENTED_EDGE('',*,*,#8970,.F.);
#8970 = EDGE_CURVE('',#8882,#8943,#8971,.T.);
#8971 = SURFACE_CURVE('',#8972,(#8976,#8983),.PCURVE_S1.);
#8972 = LINE('',#8973,#8974);
#8973 = CARTESIAN_POINT('',(-0.75,-75.,100.));
#8974 = VECTOR('',#8975,1.);
#8975 = DIRECTION('',(-0.,1.,0.));
#8976 = PCURVE('',#8890,#8977);
#8977 = DEFINITIONAL_REPRESENTATION('',(#8978),#8982);
#8978 = LINE('',#8979,#8980);
#8979 = CARTESIAN_POINT('',(200.,0.));
#8980 = VECTOR('',#8981,1.);
#8981 = DIRECTION('',(0.,-1.));
#8982 = ( GEOMETRIC_REPRESENTATION_CONTEXT(2) 
PARAMETRIC_REPRESENTATION_CONTEXT() REPRESENTATION_CONTEXT('2D SPACE',''
  ) );
#8983 = PCURVE('',#8984,#8989);
#8984 = PLANE('',#8985);
#8985 = AXIS2_PLACEMENT_3D('',#8986,#8987,#8988);
#8986 = CARTESIAN_POINT('',(-0.75,-75.,100.));
#8987 = DIRECTION('',(0.,0.,1.));
#8988 = DIRECTION('',(1.,0.,-0.));
#8989 = DEFINITIONAL_REPRESENTATION('',(#8990),#8994);
#8990 = LINE('',#8991,#8992);
#8991 = CARTESIAN_POINT('',(0.,0.));
#8992 = VECTOR('',#8993,1.);
#8993 = DIRECTION('',(0.,1.));
#8994 = ( GEOMETRIC_REPRESENTATION_CONTEXT(2) 
PARAMETRIC_REPRESENTATION_CONTEXT() REPRESENTATION_CONTEXT('2D SPACE',''
  ) );
#8995 = ADVANCED_FACE('',(#8996),#9010,.T.);
#8996 = FACE_BOUND('',#8997,.T.);
#8997 = EDGE_LOOP('',(#8998,#9028,#9051,#9074));
#8998 = ORIENTED_EDGE('',*,*,#8999,.F.);
#8999 = EDGE_CURVE('',#9000,#9002,#9004,.T.);
#9000 = VERTEX_POINT('',#9001);
#9001 = CARTESIAN_POINT('',(0.75,-75.,-100.));
#9002 = VERTEX_POINT('',#9003);
#9003 = CARTESIAN_POINT('',(0.75,-75.,100.));
#9004 = SURFACE_CURVE('',#9005,(#9009,#9021),.PCURVE_S1.);
#9005 = LINE('',#9006,#9007);
#9006 = CARTESIAN_POINT('',(0.75,-75.,-100.));
#9007 = VECTOR('',#9008,1.);
#9008 = DIRECTION('',(0.,0.,1.));
#9009 = PCURVE('',#9010,#9015);
#9010 = PLANE('',#9011);
#9011 = AXIS2_PLACEMENT_3D('',#9012,#9013,#9014);
#9012 = CARTESIAN_POINT('',(0.75,-75.,-100.));
#9013 = DIRECTION('',(1.,0.,-0.));
#9014 = DIRECTION('',(0.,0.,1.));
#9015 = DEFINITIONAL_REPRESENTATION('',(#9016),#9020);
#9016 = LINE('',#9017,#9018);
#9017 = CARTESIAN_POINT('',(0.,0.));
#9018 = VECTOR('',#9019,1.);
#9019 = DIRECTION('',(1.,0.));
#9020 = ( GEOMETRIC_REPRESENTATION_CONTEXT(2) 
PARAMETRIC_REPRESENTATION_CONTEXT() REPRESENTATION_CONTEXT('2D SPACE',''
  ) );
#9021 = PCURVE('',#8902,#9022);
#9022 = DEFINITIONAL_REPRESENTATION('',(#9023),#9027);
#9023 = LINE('',#9024,#9025);
#9024 = CARTESIAN_POINT('',(0.,1.5));
#9025 = VECTOR('',#9026,1.);
#9026 = DIRECTION('',(1.,0.));
#9027 = ( GEOMETRIC_REPRESENTATION_CONTEXT(2) 
PARAMETRIC_REPRESENTATION_CONTEXT() REPRESENTATION_CONTEXT('2D SPACE',''
  ) );
#9028 = ORIENTED_EDGE('',*,*,#9029,.T.);
#9029 = EDGE_CURVE('',#9000,#9030,#9032,.T.);
#9030 = VERTEX_POINT('',#9031);
#9031 = CARTESIAN_POINT('',(0.75,75.,-100.));
#9032 = SURFACE_CURVE('',#9033,(#9037,#9044),.PCURVE_S1.);
#9033 = LINE('',#9034,#9035);
#9034 = CARTESIAN_POINT('',(0.75,-75.,-100.));
#9035 = VECTOR('',#9036,1.);
#9036 = DIRECTION('',(-0.,1.,0.));
#9037 = PCURVE('',#9010,#9038);
#9038 = DEFINITIONAL_REPRESENTATION('',(#9039),#9043);
#9039 = LINE('',#9040,#9041);
#9040 = CARTESIAN_POINT('',(0.,0.));
#9041 = VECTOR('',#9042,1.);
#9042 = DIRECTION('',(0.,-1.));
#9043 = ( GEOMETRIC_REPRESENTATION_CONTEXT(2) 
PARAMETRIC_REPRESENTATION_CONTEXT() REPRESENTATION_CONTEXT('2D SPACE',''
  ) );
#9044 = PCURVE('',#8930,#9045);
#9045 = DEFINITIONAL_REPRESENTATION('',(#9046),#9050);
#9046 = LINE('',#9047,#9048);
#9047 = CARTESIAN_POINT('',(1.5,0.));
#9048 = VECTOR('',#9049,1.);
#9049 = DIRECTION('',(0.,1.));
#9050 = ( GEOMETRIC_REPRESENTATION_CONTEXT(2) 
PARAMETRIC_REPRESENTATION_CONTEXT() REPRESENTATION_CONTEXT('2D SPACE',''
  ) );
#9051 = ORIENTED_EDGE('',*,*,#9052,.T.);
#9052 = EDGE_CURVE('',#9030,#9053,#9055,.T.);
#9053 = VERTEX_POINT('',#9054);
#9054 = CARTESIAN_POINT('',(0.75,75.,100.));
#9055 = SURFACE_CURVE('',#9056,(#9060,#9067),.PCURVE_S1.);
#9056 = LINE('',#9057,#9058);
#9057 = CARTESIAN_POINT('',(0.75,75.,-100.));
#9058 = VECTOR('',#9059,1.);
#9059 = DIRECTION('',(0.,0.,1.));
#9060 = PCURVE('',#9010,#9061);
#9061 = DEFINITIONAL_REPRESENTATION('',(#9062),#9066);
#9062 = LINE('',#9063,#9064);
#9063 = CARTESIAN_POINT('',(0.,-150.));
#9064 = VECTOR('',#9065,1.);
#9065 = DIRECTION('',(1.,0.));
#9066 = ( GEOMETRIC_REPRESENTATION_CONTEXT(2) 
PARAMETRIC_REPRESENTATION_CONTEXT() REPRESENTATION_CONTEXT('2D SPACE',''
  ) );
#9067 = PCURVE('',#8958,#9068);
#9068 = DEFINITIONAL_REPRESENTATION('',(#9069),#9073);
#9069 = LINE('',#9070,#9071);
#9070 = CARTESIAN_POINT('',(0.,1.5));
#9071 = VECTOR('',#9072,1.);
#9072 = DIRECTION('',(1.,0.));
#9073 = ( GEOMETRIC_REPRESENTATION_CONTEXT(2) 
PARAMETRIC_REPRESENTATION_CONTEXT() REPRESENTATION_CONTEXT('2D SPACE',''
  ) );
#9074 = ORIENTED_EDGE('',*,*,#9075,.F.);
#9075 = EDGE_CURVE('',#9002,#9053,#9076,.T.);
#9076 = SURFACE_CURVE('',#9077,(#9081,#9088),.PCURVE_S1.);
#9077 = LINE('',#9078,#9079);
#9078 = CARTESIAN_POINT('',(0.75,-75.,100.));
#9079 = VECTOR('',#9080,1.);
#9080 = DIRECTION('',(-0.,1.,0.));
#9081 = PCURVE('',#9010,#9082);
#9082 = DEFINITIONAL_REPRESENTATION('',(#9083),#9087);
#9083 = LINE('',#9084,#9085);
#9084 = CARTESIAN_POINT('',(200.,0.));
#9085 = VECTOR('',#9086,1.);
#9086 = DIRECTION('',(0.,-1.));
#9087 = ( GEOMETRIC_REPRESENTATION_CONTEXT(2) 
PARAMETRIC_REPRESENTATION_CONTEXT() REPRESENTATION_CONTEXT('2D SPACE',''
  ) );
#9088 = PCURVE('',#8984,#9089);
#9089 = DEFINITIONAL_REPRESENTATION('',(#9090),#9094);
#9090 = LINE('',#9091,#9092);
#9091 = CARTESIAN_POINT('',(1.5,0.));
#9092 = VECTOR('',#9093,1.);
#9093 = DIRECTION('',(0.,1.));
#9094 = ( GEOMETRIC_REPRESENTATION_CONTEXT(2) 
PARAMETRIC_REPRESENTATION_CONTEXT() REPRESENTATION_CONTEXT('2D SPACE',''
  ) );
#9095 = ADVANCED_FACE('',(#9096),#8902,.F.);
#9096 = FACE_BOUND('',#9097,.F.);
#9097 = EDGE_LOOP('',(#9098,#9119,#9120,#9141));
#9098 = ORIENTED_EDGE('',*,*,#9099,.F.);
#9099 = EDGE_CURVE('',#8880,#9000,#9100,.T.);
#9100 = SURFACE_CURVE('',#9101,(#9105,#9112),.PCURVE_S1.);
#9101 = LINE('',#9102,#9103);
#9102 = CARTESIAN_POINT('',(-0.75,-75.,-100.));
#9103 = VECTOR('',#9104,1.);
#9104 = DIRECTION('',(1.,0.,-0.));
#9105 = PCURVE('',#8902,#9106);
#9106 = DEFINITIONAL_REPRESENTATION('',(#9107),#9111);
#9107 = LINE('',#9108,#9109);
#9108 = CARTESIAN_POINT('',(0.,0.));
#9109 = VECTOR('',#9110,1.);
#9110 = DIRECTION('',(0.,1.));
#9111 = ( GEOMETRIC_REPRESENTATION_CONTEXT(2) 
PARAMETRIC_REPRESENTATION_CONTEXT() REPRESENTATION_CONTEXT('2D SPACE',''
  ) );
#9112 = PCURVE('',#8930,#9113);
#9113 = DEFINITIONAL_REPRESENTATION('',(#9114),#9118);
#9114 = LINE('',#9115,#9116);
#9115 = CARTESIAN_POINT('',(0.,0.));
#9116 = VECTOR('',#9117,1.);
#9117 = DIRECTION('',(1.,0.));
#9118 = ( GEOMETRIC_REPRESENTATION_CONTEXT(2) 
PARAMETRIC_REPRESENTATION_CONTEXT() REPRESENTATION_CONTEXT('2D SPACE',''
  ) );
#9119 = ORIENTED_EDGE('',*,*,#8879,.T.);
#9120 = ORIENTED_EDGE('',*,*,#9121,.T.);
#9121 = EDGE_CURVE('',#8882,#9002,#9122,.T.);
#9122 = SURFACE_CURVE('',#9123,(#9127,#9134),.PCURVE_S1.);
#9123 = LINE('',#9124,#9125);
#9124 = CARTESIAN_POINT('',(-0.75,-75.,100.));
#9125 = VECTOR('',#9126,1.);
#9126 = DIRECTION('',(1.,0.,-0.));
#9127 = PCURVE('',#8902,#9128);
#9128 = DEFINITIONAL_REPRESENTATION('',(#9129),#9133);
#9129 = LINE('',#9130,#9131);
#9130 = CARTESIAN_POINT('',(200.,0.));
#9131 = VECTOR('',#9132,1.);
#9132 = DIRECTION('',(0.,1.));
#9133 = ( GEOMETRIC_REPRESENTATION_CONTEXT(2) 
PARAMETRIC_REPRESENTATION_CONTEXT() REPRESENTATION_CONTEXT('2D SPACE',''
  ) );
#9134 = PCURVE('',#8984,#9135);
#9135 = DEFINITIONAL_REPRESENTATION('',(#9136),#9140);
#9136 = LINE('',#9137,#9138);
#9137 = CARTESIAN_POINT('',(0.,0.));
#9138 = VECTOR('',#9139,1.);
#9139 = DIRECTION('',(1.,0.));
#9140 = ( GEOMETRIC_REPRESENTATION_CONTEXT(2) 
PARAMETRIC_REPRESENTATION_CONTEXT() REPRESENTATION_CONTEXT('2D SPACE',''
  ) );
#9141 = ORIENTED_EDGE('',*,*,#8999,.F.);
#9142 = ADVANCED_FACE('',(#9143),#8958,.T.);
#9143 = FACE_BOUND('',#9144,.T.);
#9144 = EDGE_LOOP('',(#9145,#9166,#9167,#9188));
#9145 = ORIENTED_EDGE('',*,*,#9146,.F.);
#9146 = EDGE_CURVE('',#8915,#9030,#9147,.T.);
#9147 = SURFACE_CURVE('',#9148,(#9152,#9159),.PCURVE_S1.);
#9148 = LINE('',#9149,#9150);
#9149 = CARTESIAN_POINT('',(-0.75,75.,-100.));
#9150 = VECTOR('',#9151,1.);
#9151 = DIRECTION('',(1.,0.,-0.));
#9152 = PCURVE('',#8958,#9153);
#9153 = DEFINITIONAL_REPRESENTATION('',(#9154),#9158);
#9154 = LINE('',#9155,#9156);
#9155 = CARTESIAN_POINT('',(0.,0.));
#9156 = VECTOR('',#9157,1.);
#9157 = DIRECTION('',(0.,1.));
#9158 = ( GEOMETRIC_REPRESENTATION_CONTEXT(2) 
PARAMETRIC_REPRESENTATION_CONTEXT() REPRESENTATION_CONTEXT('2D SPACE',''
  ) );
#9159 = PCURVE('',#8930,#9160);
#9160 = DEFINITIONAL_REPRESENTATION('',(#9161),#9165);
#9161 = LINE('',#9162,#9163);
#9162 = CARTESIAN_POINT('',(0.,150.));
#9163 = VECTOR('',#9164,1.);
#9164 = DIRECTION('',(1.,0.));
#9165 = ( GEOMETRIC_REPRESENTATION_CONTEXT(2) 
PARAMETRIC_REPRESENTATION_CONTEXT() REPRESENTATION_CONTEXT('2D SPACE',''
  ) );
#9166 = ORIENTED_EDGE('',*,*,#8942,.T.);
#9167 = ORIENTED_EDGE('',*,*,#9168,.T.);
#9168 = EDGE_CURVE('',#8943,#9053,#9169,.T.);
#9169 = SURFACE_CURVE('',#9170,(#9174,#9181),.PCURVE_S1.);
#9170 = LINE('',#9171,#9172);
#9171 = CARTESIAN_POINT('',(-0.75,75.,100.));
#9172 = VECTOR('',#9173,1.);
#9173 = DIRECTION('',(1.,0.,-0.));
#9174 = PCURVE('',#8958,#9175);
#9175 = DEFINITIONAL_REPRESENTATION('',(#9176),#9180);
#9176 = LINE('',#9177,#9178);
#9177 = CARTESIAN_POINT('',(200.,0.));
#9178 = VECTOR('',#9179,1.);
#9179 = DIRECTION('',(0.,1.));
#9180 = ( GEOMETRIC_REPRESENTATION_CONTEXT(2) 
PARAMETRIC_REPRESENTATION_CONTEXT() REPRESENTATION_CONTEXT('2D SPACE',''
  ) );
#9181 = PCURVE('',#8984,#9182);
#9182 = DEFINITIONAL_REPRESENTATION('',(#9183),#9187);
#9183 = LINE('',#9184,#9185);
#9184 = CARTESIAN_POINT('',(0.,150.));
#9185 = VECTOR('',#9186,1.);
#9186 = DIRECTION('',(1.,0.));
#9187 = ( GEOMETRIC_REPRESENTATION_CONTEXT(2) 
PARAMETRIC_REPRESENTATION_CONTEXT() REPRESENTATION_CONTEXT('2D SPACE',''
  ) );
#9188 = ORIENTED_EDGE('',*,*,#9052,.F.);
#9189 = ADVANCED_FACE('',(#9190),#8930,.F.);
#9190 = FACE_BOUND('',#9191,.F.);
#9191 = EDGE_LOOP('',(#9192,#9193,#9194,#9195));
#9192 = ORIENTED_EDGE('',*,*,#8914,.F.);
#9193 = ORIENTED_EDGE('',*,*,#9099,.T.);
#9194 = ORIENTED_EDGE('',*,*,#9029,.T.);
#9195 = ORIENTED_EDGE('',*,*,#9146,.F.);
#9196 = ADVANCED_FACE('',(#9197),#8984,.T.);
#9197 = FACE_BOUND('',#9198,.T.);
#9198 = EDGE_LOOP('',(#9199,#9200,#9201,#9202));
#9199 = ORIENTED_EDGE('',*,*,#8970,.F.);
#9200 = ORIENTED_EDGE('',*,*,#9121,.T.);
#9201 = ORIENTED_EDGE('',*,*,#9075,.T.);
#9202 = ORIENTED_EDGE('',*,*,#9168,.F.);
#9203 = ( GEOMETRIC_REPRESENTATION_CONTEXT(3) 
GLOBAL_UNCERTAINTY_ASSIGNED_CONTEXT((#9207)) 
GLOBAL_UNIT_ASSIGNED_CONTEXT((#9204,#9205,#9206)) REPRESENTATION_CONTEXT
('Context #1','3D Context with UNIT and UNCERTAINTY') );
#9204 = ( LENGTH_UNIT() NAMED_UNIT(*) SI_UNIT(.MILLI.,.METRE.) );
#9205 = ( NAMED_UNIT(*) PLANE_ANGLE_UNIT() SI_UNIT($,.RADIAN.) );
#9206 = ( NAMED_UNIT(*) SI_UNIT($,.STERADIAN.) SOLID_ANGLE_UNIT() );
#9207 = UNCERTAINTY_MEASURE_WITH_UNIT(LENGTH_MEASURE(1.E-07),#9204,
  'distance_accuracy_value','confusion accuracy');
#9208 = CONTEXT_DEPENDENT_SHAPE_REPRESENTATION(#9209,#9211);
#9209 = ( REPRESENTATION_RELATIONSHIP('','',#8872,#10) 
REPRESENTATION_RELATIONSHIP_WITH_TRANSFORMATION(#9210) 
SHAPE_REPRESENTATION_RELATIONSHIP() );
#9210 = ITEM_DEFINED_TRANSFORMATION('','',#11,#63);
#9211 = PRODUCT_DEFINITION_SHAPE('Placement','Placement of an item',
  #9212);
#9212 = NEXT_ASSEMBLY_USAGE_OCCURRENCE('13','=>[0:1:1:14]','',#5,#8867,$
  );
#9213 = PRODUCT_RELATED_PRODUCT_CATEGORY('part',$,(#8869));
#9214 = SHAPE_DEFINITION_REPRESENTATION(#9215,#9221);
#9215 = PRODUCT_DEFINITION_SHAPE('','',#9216);
#9216 = PRODUCT_DEFINITION('design','',#9217,#9220);
#9217 = PRODUCT_DEFINITION_FORMATION('','',#9218);
#9218 = PRODUCT('COMPOUND','COMPOUND','',(#9219));
#9219 = PRODUCT_CONTEXT('',#2,'mechanical');
#9220 = PRODUCT_DEFINITION_CONTEXT('part definition',#2,'design');
#9221 = ADVANCED_BREP_SHAPE_REPRESENTATION('',(#11,#9222),#9320);
#9222 = MANIFOLD_SOLID_BREP('',#9223);
#9223 = CLOSED_SHELL('',(#9224,#9312,#9316));
#9224 = ADVANCED_FACE('',(#9225),#9238,.T.);
#9225 = FACE_BOUND('',#9226,.T.);
#9226 = EDGE_LOOP('',(#9227,#9261,#9284,#9311));
#9227 = ORIENTED_EDGE('',*,*,#9228,.F.);
#9228 = EDGE_CURVE('',#9229,#9229,#9231,.T.);
#9229 = VERTEX_POINT('',#9230);
#9230 = CARTESIAN_POINT('',(57.15,-1.399771291425E-14,2.5E+03));
#9231 = SURFACE_CURVE('',#9232,(#9237,#9249),.PCURVE_S1.);
#9232 = CIRCLE('',#9233,57.15);
#9233 = AXIS2_PLACEMENT_3D('',#9234,#9235,#9236);
#9234 = CARTESIAN_POINT('',(0.,0.,2.5E+03));
#9235 = DIRECTION('',(0.,0.,1.));
#9236 = DIRECTION('',(1.,0.,-0.));
#9237 = PCURVE('',#9238,#9243);
#9238 = CYLINDRICAL_SURFACE('',#9239,57.15);
#9239 = AXIS2_PLACEMENT_3D('',#9240,#9241,#9242);
#9240 = CARTESIAN_POINT('',(0.,0.,-2.5E+03));
#9241 = DIRECTION('',(0.,0.,1.));
#9242 = DIRECTION('',(1.,0.,-0.));
#9243 = DEFINITIONAL_REPRESENTATION('',(#9244),#9248);
#9244 = LINE('',#9245,#9246);
#9245 = CARTESIAN_POINT('',(0.,5.E+03));
#9246 = VECTOR('',#9247,1.);
#9247 = DIRECTION('',(1.,0.));
#9248 = ( GEOMETRIC_REPRESENTATION_CONTEXT(2) 
PARAMETRIC_REPRESENTATION_CONTEXT() REPRESENTATION_CONTEXT('2D SPACE',''
  ) );
#9249 = PCURVE('',#9250,#9255);
#9250 = PLANE('',#9251);
#9251 = AXIS2_PLACEMENT_3D('',#9252,#9253,#9254);
#9252 = CARTESIAN_POINT('',(0.,0.,2.5E+03));
#9253 = DIRECTION('',(0.,0.,1.));
#9254 = DIRECTION('',(1.,0.,-0.));
#9255 = DEFINITIONAL_REPRESENTATION('',(#9256),#9260);
#9256 = CIRCLE('',#9257,57.15);
#9257 = AXIS2_PLACEMENT_2D('',#9258,#9259);
#9258 = CARTESIAN_POINT('',(0.,0.));
#9259 = DIRECTION('',(1.,0.));
#9260 = ( GEOMETRIC_REPRESENTATION_CONTEXT(2) 
PARAMETRIC_REPRESENTATION_CONTEXT() REPRESENTATION_CONTEXT('2D SPACE',''
  ) );
#9261 = ORIENTED_EDGE('',*,*,#9262,.F.);
#9262 = EDGE_CURVE('',#9263,#9229,#9265,.T.);
#9263 = VERTEX_POINT('',#9264);
#9264 = CARTESIAN_POINT('',(57.15,-1.399771291425E-14,-2.5E+03));
#9265 = SEAM_CURVE('',#9266,(#9270,#9277),.PCURVE_S1.);
#9266 = LINE('',#9267,#9268);
#9267 = CARTESIAN_POINT('',(57.15,-1.399771291425E-14,-2.5E+03));
#9268 = VECTOR('',#9269,1.);
#9269 = DIRECTION('',(0.,0.,1.));
#9270 = PCURVE('',#9238,#9271);
#9271 = DEFINITIONAL_REPRESENTATION('',(#9272),#9276);
#9272 = LINE('',#9273,#9274);
#9273 = CARTESIAN_POINT('',(6.28318530718,-0.));
#9274 = VECTOR('',#9275,1.);
#9275 = DIRECTION('',(0.,1.));
#9276 = ( GEOMETRIC_REPRESENTATION_CONTEXT(2) 
PARAMETRIC_REPRESENTATION_CONTEXT() REPRESENTATION_CONTEXT('2D SPACE',''
  ) );
#9277 = PCURVE('',#9238,#9278);
#9278 = DEFINITIONAL_REPRESENTATION('',(#9279),#9283);
#9279 = LINE('',#9280,#9281);
#9280 = CARTESIAN_POINT('',(0.,-0.));
#9281 = VECTOR('',#9282,1.);
#9282 = DIRECTION('',(0.,1.));
#9283 = ( GEOMETRIC_REPRESENTATION_CONTEXT(2) 
PARAMETRIC_REPRESENTATION_CONTEXT() REPRESENTATION_CONTEXT('2D SPACE',''
  ) );
#9284 = ORIENTED_EDGE('',*,*,#9285,.T.);
#9285 = EDGE_CURVE('',#9263,#9263,#9286,.T.);
#9286 = SURFACE_CURVE('',#9287,(#9292,#9299),.PCURVE_S1.);
#9287 = CIRCLE('',#9288,57.15);
#9288 = AXIS2_PLACEMENT_3D('',#9289,#9290,#9291);
#9289 = CARTESIAN_POINT('',(0.,0.,-2.5E+03));
#9290 = DIRECTION('',(0.,0.,1.));
#9291 = DIRECTION('',(1.,0.,-0.));
#9292 = PCURVE('',#9238,#9293);
#9293 = DEFINITIONAL_REPRESENTATION('',(#9294),#9298);
#9294 = LINE('',#9295,#9296);
#9295 = CARTESIAN_POINT('',(0.,0.));
#9296 = VECTOR('',#9297,1.);
#9297 = DIRECTION('',(1.,0.));
#9298 = ( GEOMETRIC_REPRESENTATION_CONTEXT(2) 
PARAMETRIC_REPRESENTATION_CONTEXT() REPRESENTATION_CONTEXT('2D SPACE',''
  ) );
#9299 = PCURVE('',#9300,#9305);
#9300 = PLANE('',#9301);
#9301 = AXIS2_PLACEMENT_3D('',#9302,#9303,#9304);
#9302 = CARTESIAN_POINT('',(0.,0.,-2.5E+03));
#9303 = DIRECTION('',(0.,0.,1.));
#9304 = DIRECTION('',(1.,0.,-0.));
#9305 = DEFINITIONAL_REPRESENTATION('',(#9306),#9310);
#9306 = CIRCLE('',#9307,57.15);
#9307 = AXIS2_PLACEMENT_2D('',#9308,#9309);
#9308 = CARTESIAN_POINT('',(0.,0.));
#9309 = DIRECTION('',(1.,0.));
#9310 = ( GEOMETRIC_REPRESENTATION_CONTEXT(2) 
PARAMETRIC_REPRESENTATION_CONTEXT() REPRESENTATION_CONTEXT('2D SPACE',''
  ) );
#9311 = ORIENTED_EDGE('',*,*,#9262,.T.);
#9312 = ADVANCED_FACE('',(#9313),#9250,.T.);
#9313 = FACE_BOUND('',#9314,.T.);
#9314 = EDGE_LOOP('',(#9315));
#9315 = ORIENTED_EDGE('',*,*,#9228,.T.);
#9316 = ADVANCED_FACE('',(#9317),#9300,.F.);
#9317 = FACE_BOUND('',#9318,.T.);
#9318 = EDGE_LOOP('',(#9319));
#9319 = ORIENTED_EDGE('',*,*,#9285,.F.);
#9320 = ( GEOMETRIC_REPRESENTATION_CONTEXT(3) 
GLOBAL_UNCERTAINTY_ASSIGNED_CONTEXT((#9324)) 
GLOBAL_UNIT_ASSIGNED_CONTEXT((#9321,#9322,#9323)) REPRESENTATION_CONTEXT
('Context #1','3D Context with UNIT and UNCERTAINTY') );
#9321 = ( LENGTH_UNIT() NAMED_UNIT(*) SI_UNIT(.MILLI.,.METRE.) );
#9322 = ( NAMED_UNIT(*) PLANE_ANGLE_UNIT() SI_UNIT($,.RADIAN.) );
#9323 = ( NAMED_UNIT(*) SI_UNIT($,.STERADIAN.) SOLID_ANGLE_UNIT() );
#9324 = UNCERTAINTY_MEASURE_WITH_UNIT(LENGTH_MEASURE(1.E-07),#9321,
  'distance_accuracy_value','confusion accuracy');
#9325 = CONTEXT_DEPENDENT_SHAPE_REPRESENTATION(#9326,#9328);
#9326 = ( REPRESENTATION_RELATIONSHIP('','',#9221,#10) 
REPRESENTATION_RELATIONSHIP_WITH_TRANSFORMATION(#9327) 
SHAPE_REPRESENTATION_RELATIONSHIP() );
#9327 = ITEM_DEFINED_TRANSFORMATION('','',#11,#67);
#9328 = PRODUCT_DEFINITION_SHAPE('Placement','Placement of an item',
  #9329);
#9329 = NEXT_ASSEMBLY_USAGE_OCCURRENCE('14','=>[0:1:1:15]','',#5,#9216,$
  );
#9330 = PRODUCT_RELATED_PRODUCT_CATEGORY('part',$,(#9218));
ENDSEC;
END-ISO-10303-21;
